version 1.00
1402
[10.3896,-1.0946,2][-0.1325,0.7009,0.7009][0,0,0][12.3896,-2.0946,1][0.7994,0.4248,0.4248][0,0,0][12.3896,-2.0946,-1][0.7994,0.4248,-0.4248][0,0,0][10.3896,-1.0946,-2][-0.1325,0.7009,-0.7009][0,0,0][12.3896,-2.0946,1][0.7994,0.4248,0.4248][0,0,0][12.3896,-4.0946,1][0.7994,-0.4248,0.4248][0,0,0][12.3896,-4.0946,-1][0.7994,-0.4248,-0.4248][0,0,0][12.3896,-2.0946,-1][0.7994,0.4248,-0.4248][0,0,0][12.3896,-2.0946,1][0.7994,0.4248,0.4248][0,0,0][10.3896,-1.0946,2][-0.1325,0.7009,0.7009][0,0,0][10.3896,-5.0946,2][-0.1325,-0.7009,0.7009][0,0,0][12.3896,-4.0946,1][0.7994,-0.4248,0.4248][0,0,0][8.3896,-3.0946,0][-1,-0,-0][0,0,0][10.3896,-5.0946,2][-0.1325,-0.7009,0.7009][0,0,0][10.3896,-1.0946,2][-0.1325,0.7009,0.7009][0,0,0][8.3896,-3.0946,0][-1,-0,-0][0,0,0][10.3896,-1.0946,2][-0.1325,0.7009,0.7009][0,0,0][10.3896,-1.0946,-2][-0.1325,0.7009,-0.7009][0,0,0][10.3896,-1.0946,-2][-0.1325,0.7009,-0.7009][0,0,0][12.3896,-2.0946,-1][0.7994,0.4248,-0.4248][0,0,0][12.3896,-4.0946,-1][0.7994,-0.4248,-0.4248][0,0,0][10.3896,-5.0946,-2][-0.1325,-0.7009,-0.7009][0,0,0][8.3896,-3.0946,0][-1,-0,-0][0,0,0][10.3896,-1.0946,-2][-0.1325,0.7009,-0.7009][0,0,0][10.3896,-5.0946,-2][-0.1325,-0.7009,-0.7009][0,0,0][8.3896,-3.0946,0][-1,-0,-0][0,0,0][10.3896,-5.0946,-2][-0.1325,-0.7009,-0.7009][0,0,0][10.3896,-5.0946,2][-0.1325,-0.7009,0.7009][0,0,0][12.3896,-4.0946,1][0.7994,-0.4248,0.4248][0,0,0][10.3896,-5.0946,2][-0.1325,-0.7009,0.7009][0,0,0][10.3896,-5.0946,-2][-0.1325,-0.7009,-0.7009][0,0,0][12.3896,-4.0946,-1][0.7994,-0.4248,-0.4248][0,0,0][40.1524,0.1514,0.3176][-0,0.9397,0.342][0.9991,0.9906,0][-12.2712,0.1514,0.3176][-0,0.9397,0.342][0.0024,0.9906,0][40.1524,-0.0098,0.5968][-0,0.7661,0.6427][0.9991,0.9838,0][-12.2712,0.1514,0.3176][-0,0.9397,0.342][0.0024,0.9906,0][40.1524,0.1514,0.3176][-0,0.9397,0.342][0.9991,0.9906,0][-12.2712,0.2074,-0][-0,1,-0][0.0024,0.9973,0][40.1524,0.2074,-0][-0,1,-0][0.9991,0.9973,0][-12.2712,0.2074,-0][-0,1,-0][0.0024,0.9973,0][40.1524,0.1514,0.3176][-0,0.9397,0.342][0.9991,0.9906,0][-12.2712,0.2074,-0][-0,1,-0][0.0024,0.9973,0][40.1524,0.2074,-0][-0,1,-0][0.9991,0.9973,0][-12.2712,0.1514,-0.3176][-0,0.9397,-0.342][0.0024,0.9906,0][-12.2712,0.1514,-0.3176][-0,0.9397,-0.342][0.0024,0.9906,0][40.1524,0.1514,-0.3176][-0,0.9397,-0.342][0.9991,0.9906,0][-12.2712,-0.0098,-0.5968][-0,0.7661,-0.6427][0.0024,0.9838,0][40.1524,0.1514,-0.3176][-0,0.9397,-0.342][0.9991,0.9906,0][-12.2712,0.1514,-0.3176][-0,0.9397,-0.342][0.0024,0.9906,0][40.1524,0.2074,-0][-0,1,-0][0.9991,0.9973,0][40.1524,-0.0098,-0.5968][-0,0.7661,-0.6427][0.9991,0.9838,0][-12.2712,-0.0098,-0.5968][-0,0.7661,-0.6427][0.0024,0.9838,0][40.1524,0.1514,-0.3176][-0,0.9397,-0.342][0.9991,0.9906,0][-12.2712,-0.0098,-0.5968][-0,0.7661,-0.6427][0.0024,0.9838,0][40.1524,-0.0098,-0.5968][-0,0.7661,-0.6427][0.9991,0.9838,0][-12.2712,-0.2568,-0.8042][-0,0.5,-0.866][0.0024,0.9771,0][40.1524,-0.2568,-0.8042][-0,0.5,-0.866][0.9991,0.9771,0][-12.2712,-0.2568,-0.8042][-0,0.5,-0.866][0.0024,0.9771,0][40.1524,-0.0098,-0.5968][-0,0.7661,-0.6427][0.9991,0.9838,0][-12.2712,-0.2568,-0.8042][-0,0.5,-0.866][0.0024,0.9771,0][40.1524,-0.2568,-0.8042][-0,0.5,-0.866][0.9991,0.9771,0][-12.2712,-0.5598,-0.9144][-0,0.1735,-0.9848][0.0024,0.9704,0][40.1524,-0.5598,-0.9144][-0,0.1735,-0.9848][0.9991,0.9704,0][-12.2712,-0.5598,-0.9144][-0,0.1735,-0.9848][0.0024,0.9704,0][40.1524,-0.2568,-0.8042][-0,0.5,-0.866][0.9991,0.9771,0][-12.2712,-0.5598,-0.9144][-0,0.1735,-0.9848][0.0024,0.9704,0][40.1524,-0.5598,-0.9144][-0,0.1735,-0.9848][0.9991,0.9704,0][-12.2712,-0.8824,-0.9144][-0,-0.1735,-0.9848][0.0024,0.9637,0][-12.2712,-0.8824,-0.9144][-0,-0.1735,-0.9848][0.0024,0.9637,0][40.1524,-0.8824,-0.9144][-0,-0.1735,-0.9848][0.9991,0.9637,0][-12.2712,-1.1854,-0.8042][-0,-0.5,-0.866][0.0024,0.9569,0][40.1524,-0.8824,-0.9144][-0,-0.1735,-0.9848][0.9991,0.9637,0][-12.2712,-0.8824,-0.9144][-0,-0.1735,-0.9848][0.0024,0.9637,0][40.1524,-0.5598,-0.9144][-0,0.1735,-0.9848][0.9991,0.9704,0][40.1524,-1.1854,-0.8042][-0,-0.5,-0.866][0.9991,0.9569,0][-12.2712,-1.1854,-0.8042][-0,-0.5,-0.866][0.0024,0.9569,0][40.1524,-0.8824,-0.9144][-0,-0.1735,-0.9848][0.9991,0.9637,0][-12.2712,-1.1854,-0.8042][-0,-0.5,-0.866][0.0024,0.9569,0][40.1524,-1.1854,-0.8042][-0,-0.5,-0.866][0.9991,0.9569,0][-12.2712,-1.4324,-0.5968][-0,-0.7661,-0.6427][0.0024,0.9502,0][40.1524,-1.4324,-0.5968][-0,-0.7661,-0.6427][0.9991,0.9502,0][-12.2712,-1.4324,-0.5968][-0,-0.7661,-0.6427][0.0024,0.9502,0][40.1524,-1.1854,-0.8042][-0,-0.5,-0.866][0.9991,0.9569,0][-12.2712,-1.4324,-0.5968][-0,-0.7661,-0.6427][0.0024,0.9502,0][40.1524,-1.4324,-0.5968][-0,-0.7661,-0.6427][0.9991,0.9502,0][-12.2712,-1.5936,-0.3176][-0,-0.9397,-0.342][0.0024,0.9435,0][40.1524,-1.5936,-0.3176][-0,-0.9397,-0.342][0.9991,0.9435,0][-12.2712,-1.5936,-0.3176][-0,-0.9397,-0.342][0.0024,0.9435,0][40.1524,-1.4324,-0.5968][-0,-0.7661,-0.6427][0.9991,0.9502,0][-12.2712,-1.5936,-0.3176][-0,-0.9397,-0.342][0.0024,0.9435,0][40.1524,-1.5936,-0.3176][-0,-0.9397,-0.342][0.9991,0.9435,0][-12.2712,-1.6496,0][-0,-1,-0][0.0024,0.9367,0][-12.2712,-1.6496,0][-0,-1,-0][0.0024,0.9367,0][40.1524,-1.6496,0][-0,-1,-0][0.9991,0.9367,0][-12.2712,-1.5936,0.3176][-0,-0.9397,0.342][0.0024,0.9434,0][40.1524,-1.6496,0][-0,-1,-0][0.9991,0.9367,0][-12.2712,-1.6496,0][-0,-1,-0][0.0024,0.9367,0][40.1524,-1.5936,-0.3176][-0,-0.9397,-0.342][0.9991,0.9435,0][40.1524,-1.5936,0.3176][-0,-0.9397,0.342][0.9991,0.9434,0][-12.2712,-1.5936,0.3176][-0,-0.9397,0.342][0.0024,0.9434,0][40.1524,-1.6496,0][-0,-1,-0][0.9991,0.9367,0][-12.2712,-1.5936,0.3176][-0,-0.9397,0.342][0.0024,0.9434,0][40.1524,-1.5936,0.3176][-0,-0.9397,0.342][0.9991,0.9434,0][-12.2712,-1.4324,0.5968][-0,-0.7661,0.6427][0.0024,0.9502,0][40.1524,-1.4324,0.5968][-0,-0.7661,0.6427][0.9991,0.9502,0][-12.2712,-1.4324,0.5968][-0,-0.7661,0.6427][0.0024,0.9502,0][40.1524,-1.5936,0.3176][-0,-0.9397,0.342][0.9991,0.9434,0][-12.2712,-1.4324,0.5968][-0,-0.7661,0.6427][0.0024,0.9502,0][40.1524,-1.4324,0.5968][-0,-0.7661,0.6427][0.9991,0.9502,0][-12.2712,-1.1854,0.8042][-0,-0.5,0.866][0.0024,0.9569,0][40.1524,-1.1854,0.8042][-0,-0.5,0.866][0.9991,0.9569,0][-12.2712,-1.1854,0.8042][-0,-0.5,0.866][0.0024,0.9569,0][40.1524,-1.4324,0.5968][-0,-0.7661,0.6427][0.9991,0.9502,0][-12.2712,-1.1854,0.8042][-0,-0.5,0.866][0.0024,0.9569,0][40.1524,-1.1854,0.8042][-0,-0.5,0.866][0.9991,0.9569,0][-12.2712,-0.8824,0.9144][-0,-0.1735,0.9848][0.0024,0.9636,0][-12.2712,-0.8824,0.9144][-0,-0.1735,0.9848][0.0024,0.9636,0][40.1524,-0.8824,0.9144][-0,-0.1735,0.9848][0.9991,0.9636,0][-12.2712,-0.5598,0.9144][-0,0.1735,0.9848][0.0024,0.9704,0][40.1524,-0.8824,0.9144][-0,-0.1735,0.9848][0.9991,0.9636,0][-12.2712,-0.8824,0.9144][-0,-0.1735,0.9848][0.0024,0.9636,0][40.1524,-1.1854,0.8042][-0,-0.5,0.866][0.9991,0.9569,0][40.1524,-0.5598,0.9144][-0,0.1735,0.9848][0.9991,0.9704,0][-12.2712,-0.5598,0.9144][-0,0.1735,0.9848][0.0024,0.9704,0][40.1524,-0.8824,0.9144][-0,-0.1735,0.9848][0.9991,0.9636,0][-12.2712,-0.5598,0.9144][-0,0.1735,0.9848][0.0024,0.9704,0][40.1524,-0.5598,0.9144][-0,0.1735,0.9848][0.9991,0.9704,0][-12.2712,-0.2568,0.8042][-0,0.5,0.866][0.0024,0.9771,0][40.1524,-0.2568,0.8042][-0,0.5,0.866][0.9991,0.9771,0][-12.2712,-0.2568,0.8042][-0,0.5,0.866][0.0024,0.9771,0][40.1524,-0.5598,0.9144][-0,0.1735,0.9848][0.9991,0.9704,0][-12.2712,-0.2568,0.8042][-0,0.5,0.866][0.0024,0.9771,0][40.1524,-0.2568,0.8042][-0,0.5,0.866][0.9991,0.9771,0][-12.2712,-0.0098,0.5968][-0,0.7661,0.6427][0.0024,0.9838,0][40.1524,-0.0098,0.5968][-0,0.7661,0.6427][0.9991,0.9838,0][-12.2712,-0.0098,0.5968][-0,0.7661,0.6427][0.0024,0.9838,0][40.1524,-0.2568,0.8042][-0,0.5,0.866][0.9991,0.9771,0][-12.2712,-0.0098,0.5968][-0,0.7661,0.6427][0.0024,0.9838,0][40.1524,-0.0098,0.5968][-0,0.7661,0.6427][0.9991,0.9838,0][-12.2712,0.1514,0.3176][-0,0.9397,0.342][0.0024,0.9906,0][-3.077,4.6412,0.7926][-0.5389,0.8251,-0.1697][0.1258,0.8714,0][-3.152,4.6178,0.8634][-0.7005,0.4051,0.5875][0.1245,0.8719,0][-2.0514,5.5998,0.7926][-0.7874,0.5925,-0.17][0.1258,0.853,0][-3.077,4.6412,0.7926][-0.5389,0.8251,-0.1697][0.1258,0.8714,0][-3.077,4.6412,0.6018][-0.5131,0.8577,0.032][0.1295,0.8714,0][-3.152,4.6178,0.8634][-0.7005,0.4051,0.5875][0.1245,0.8719,0][-3.077,4.6412,0.7926][-0.5389,0.8251,-0.1697][0.0141,0.7967,0][-2.0514,5.5998,0.5992][-0.8093,0.573,0.1291][0.0385,0.8016,0][-3.077,4.6412,0.6018][-0.5131,0.8577,0.032][0.0141,0.8016,0][-2.0514,5.5998,0.5992][-0.8093,0.573,0.1291][0.0385,0.8016,0][-3.077,4.6412,0.7926][-0.5389,0.8251,-0.1697][0.0141,0.7967,0][-2.0514,5.5998,0.7926][-0.7874,0.5925,-0.17][0.0385,0.7967,0][-2.0232,5.673,0.532][-0.3754,0.8105,-0.4497][0.1344,0.8516,0][-2.0514,5.5998,0.5992][-0.8093,0.573,0.1291][0.1296,0.853,0][-2.0232,5.673,0.8634][-0.3798,0.7099,0.5931][0.1245,0.8516,0][-2.0514,5.5998,0.7926][-0.7874,0.5925,-0.17][0.1258,0.853,0][-2.0232,5.673,0.8634][-0.3798,0.7099,0.5931][0.1245,0.8516,0][-2.0514,5.5998,0.5992][-0.8093,0.573,0.1291][0.1296,0.853,0][-2.562,5.1224,0.417][-0.6826,0.6915,0.2363][0.1331,0.8622,0][-2.0514,5.5998,0.5992][-0.8093,0.573,0.1291][0.1331,0.853,0][-2.0232,5.673,0.532][-0.3754,0.8105,-0.4497][0.1344,0.8516,0][-2.562,5.1224,0.417][-0.6826,0.6915,0.2363][0.0264,0.8063,0][-3.077,4.6412,0.6018][-0.5131,0.8577,0.032][0.0141,0.8016,0][-2.0514,5.5998,0.5992][-0.8093,0.573,0.1291][0.0385,0.8016,0][-2.5784,5.154,0.3464][-0.5631,0.6152,-0.5518][0.1344,0.8616,0][-2.562,5.1224,0.417][-0.6826,0.6915,0.2363][0.1331,0.8622,0][-2.0232,5.673,0.532][-0.3754,0.8105,-0.4497][0.1344,0.8516,0][-3.152,4.6178,0.3464][-0.7129,0.3574,-0.6034][0.1344,0.8719,0][-2.562,5.1224,0.417][-0.6826,0.6915,0.2363][0.1331,0.8622,0][-2.5784,5.154,0.3464][-0.5631,0.6152,-0.5518][0.1344,0.8616,0][-2.562,5.1224,0.417][-0.6826,0.6915,0.2363][0.1331,0.8622,0][-3.152,4.6178,0.3464][-0.7129,0.3574,-0.6034][0.1344,0.8719,0][-3.077,4.6412,0.6018][-0.5131,0.8577,0.032][0.1331,0.8714,0][-3.152,4.6178,0.3464][-0.7129,0.3574,-0.6034][0.1319,0.8467,0][-3.152,4.5116,0.3458][-0.904,0.3034,-0.3013][0.1319,0.8495,0][-3.152,4.6178,0.8634][-0.7005,0.4051,0.5875][0.1182,0.8467,0][-3.152,4.6178,0.3464][-0.7129,0.3574,-0.6034][0.1344,0.8719,0][-3.152,4.6178,0.8634][-0.7005,0.4051,0.5875][0.1245,0.8719,0][-3.077,4.6412,0.6018][-0.5131,0.8577,0.032][0.1295,0.8714,0][-3.152,4.5116,0.3458][-0.904,0.3034,-0.3013][0.2335,0.868,0][-3.152,4.6178,0.3464][-0.7129,0.3574,-0.6034][0.2335,0.8653,0][-0.8944,4.5116,0.3464][0.9045,0.3015,-0.3015][0.1749,0.868,0][-2.5784,5.154,0.3464][-0.5631,0.6152,-0.5518][0.2186,0.8514,0][-0.8944,4.5116,0.3464][0.9045,0.3015,-0.3015][0.1749,0.868,0][-3.152,4.6178,0.3464][-0.7129,0.3574,-0.6034][0.2335,0.8653,0][-0.8944,5.1036,0.3464][0.6751,0.1136,-0.7289][0.028,0.8338,0][-0.8944,5.673,0.8634][0.5773,0.5774,0.5774][0.0143,0.8187,0][-0.8944,4.5116,0.3464][0.9045,0.3015,-0.3015][0.028,0.8495,0][-0.8944,3.813,0.8634][0.6062,-0.4156,0.678][0.0143,0.8679,0][-0.8944,4.5116,0.3464][0.9045,0.3015,-0.3015][0.028,0.8495,0][-0.8944,5.673,0.8634][0.5773,0.5774,0.5774][0.0143,0.8187,0][-3.152,4.5116,0.3458][-0.904,0.3034,-0.3013][0.2335,0.868,0][-0.8944,4.5116,0.3464][0.9045,0.3015,-0.3015][0.1749,0.868,0][-0.8944,4.5116,-0.3458][0.9045,0.3015,0.3015][0.1749,0.868,0][-0.8944,3.7186,0.678][0.862,-0.4517,0.23][0.0192,0.8704,0][-0.8944,4.5116,0.3464][0.9045,0.3015,-0.3015][0.028,0.8495,0][-0.8944,3.813,0.8634][0.6062,-0.4156,0.678][0.0143,0.8679,0][-0.8944,4.5116,0.3464][0.9045,0.3015,-0.3015][0.028,0.8495,0][-0.8944,3.7186,0.678][0.862,-0.4517,0.23][0.0192,0.8704,0][-0.8944,4.5116,-0.3458][0.9045,0.3015,0.3015][0.0463,0.8495,0][-0.8944,4.5116,0.3464][0.9045,0.3015,-0.3015][0.1749,0.868,0][-2.5784,5.154,0.3464][-0.5631,0.6152,-0.5518][0.2186,0.8514,0][-0.8944,5.1036,0.3464][0.6751,0.1136,-0.7289][0.1749,0.8527,0][-0.8944,5.673,0.8634][0.5773,0.5774,0.5774][0.0143,0.8187,0][-0.8944,5.1036,0.3464][0.6751,0.1136,-0.7289][0.028,0.8338,0][-0.8944,5.673,0.532][0.5974,0.6504,-0.4692][0.028,0.8187,0][-0.8944,5.1036,0.3464][0.6751,0.1136,-0.7289][0.1749,0.8527,0][-2.5784,5.154,0.3464][-0.5631,0.6152,-0.5518][0.2186,0.8514,0][-0.8944,5.673,0.532][0.5974,0.6504,-0.4692][0.1749,0.8379,0][-0.8944,5.673,0.8634][0.5773,0.5774,0.5774][0.0889,0.8038,0][-0.8944,5.673,0.532][0.5974,0.6504,-0.4692][0.0889,0.8171,0][-2.0232,5.673,0.8634][-0.3798,0.7099,0.5931][0.06,0.8038,0][-2.0232,5.673,0.532][-0.3754,0.8105,-0.4497][0.06,0.8171,0][-2.0232,5.673,0.8634][-0.3798,0.7099,0.5931][0.06,0.8038,0][-0.8944,5.673,0.532][0.5974,0.6504,-0.4692][0.0889,0.8171,0][-2.0232,5.673,0.532][-0.3754,0.8105,-0.4497][0.2042,0.8379,0][-0.8944,5.673,0.532][0.5974,0.6504,-0.4692][0.1749,0.8379,0][-2.5784,5.154,0.3464][-0.5631,0.6152,-0.5518][0.2186,0.8514,0][-0.8944,3.7186,0.678][0.862,-0.4517,0.23][0.2159,0.8608,0][-0.8944,3.813,0.8634][0.6062,-0.4156,0.678][0.2159,0.8569,0][-3.152,3.7186,0.678][-0.862,-0.4517,0.23][0.1688,0.8608,0][-0.8944,3.7176,-0.678][0.8615,-0.4514,-0.2323][0.0551,0.8705,0][-0.8944,4.5116,-0.3458][0.9045,0.3015,0.3015][0.0463,0.8495,0][-0.8944,3.7186,0.678][0.862,-0.4517,0.23][0.0192,0.8704,0][-0.8944,3.813,-0.8634][0.6066,-0.4141,-0.6787][0.06,0.8679,0][-0.8944,4.5116,-0.3458][0.9045,0.3015,0.3015][0.0463,0.8495,0][-0.8944,3.7176,-0.678][0.8615,-0.4514,-0.2323][0.0551,0.8705,0][-0.8944,3.813,-0.8634][0.6066,-0.4141,-0.6787][0.2159,0.8608,0][-0.8944,3.7176,-0.678][0.8615,-0.4514,-0.2323][0.2159,0.8569,0][-3.152,3.813,-0.8634][-0.6065,-0.4141,-0.6787][0.1688,0.8608,0][-3.152,3.7176,-0.678][-0.8615,-0.4514,-0.2323][0.1688,0.8569,0][-3.152,3.813,-0.8634][-0.6065,-0.4141,-0.6787][0.1688,0.8608,0][-0.8944,3.7176,-0.678][0.8615,-0.4514,-0.2323][0.2159,0.8569,0][-3.152,3.7186,0.678][-0.862,-0.4517,0.23][0.1231,0.8704,0][-3.152,4.5116,0.3458][-0.904,0.3034,-0.3013][0.1319,0.8495,0][-3.152,3.7176,-0.678][-0.8615,-0.4514,-0.2323][0.159,0.8705,0][-3.152,4.5126,-0.3458][-0.9043,0.3016,0.3021][0.1502,0.8494,0][-3.152,3.7176,-0.678][-0.8615,-0.4514,-0.2323][0.159,0.8705,0][-3.152,4.5116,0.3458][-0.904,0.3034,-0.3013][0.1319,0.8495,0][-3.152,4.5126,-0.3458][-0.9043,0.3016,0.3021][0.1502,0.8494,0][-3.152,4.6178,-0.8634][-0.7005,0.4051,-0.5875][0.1639,0.8467,0][-3.152,3.7176,-0.678][-0.8615,-0.4514,-0.2323][0.159,0.8705,0][-3.152,3.813,-0.8634][-0.6065,-0.4141,-0.6787][0.1639,0.8679,0][-3.152,3.7176,-0.678][-0.8615,-0.4514,-0.2323][0.159,0.8705,0][-3.152,4.6178,-0.8634][-0.7005,0.4051,-0.5875][0.1639,0.8467,0][-3.152,3.813,-0.8634][-0.6065,-0.4141,-0.6787][0.1184,0.8684,0][-3.152,4.6178,-0.8634][-0.7005,0.4051,-0.5875][0.1184,0.8475,0][-0.8944,3.813,-0.8634][0.6066,-0.4141,-0.6787][0.0598,0.8684,0][-2.0232,5.673,-0.8634][-0.3798,0.7099,-0.5931][0.0891,0.8202,0][-0.8944,3.813,-0.8634][0.6066,-0.4141,-0.6787][0.0598,0.8684,0][-3.152,4.6178,-0.8634][-0.7005,0.4051,-0.5875][0.1184,0.8475,0][-3.152,4.6178,-0.8634][-0.7005,0.4051,-0.5875][0.1576,0.8719,0][-3.077,4.6412,-0.7926][-0.5389,0.8251,0.1697][0.1562,0.8714,0][-2.0232,5.673,-0.8634][-0.3798,0.7099,-0.5931][0.1576,0.8516,0][-3.152,4.6178,-0.8634][-0.7005,0.4051,-0.5875][0.1576,0.8719,0][-3.077,4.6412,-0.6012][-0.5132,0.8577,-0.0322][0.1526,0.8714,0][-3.077,4.6412,-0.7926][-0.5389,0.8251,0.1697][0.1562,0.8714,0][-3.077,4.6412,-0.6012][-0.5132,0.8577,-0.0322][0.1526,0.8714,0][-3.152,4.6178,-0.8634][-0.7005,0.4051,-0.5875][0.1576,0.8719,0][-3.152,4.6178,-0.3458][-0.7128,0.3555,0.6046][0.1477,0.8719,0][-3.152,4.6178,-0.8634][-0.7005,0.4051,-0.5875][0.1639,0.8467,0][-3.152,4.5126,-0.3458][-0.9043,0.3016,0.3021][0.1502,0.8494,0][-3.152,4.6178,-0.3458][-0.7128,0.3555,0.6046][0.1502,0.8467,0][-3.077,4.6412,-0.6012][-0.5132,0.8577,-0.0322][0.149,0.8714,0][-3.152,4.6178,-0.3458][-0.7128,0.3555,0.6046][0.1477,0.8719,0][-2.5546,5.1294,-0.4164][-0.6861,0.6851,-0.2447][0.149,0.8621,0][-3.077,4.6412,-0.6012][-0.5132,0.8577,-0.0322][0.0141,0.8014,0][-2.0514,5.5998,-0.605][-0.8108,0.5731,-0.1194][0.0385,0.8015,0][-3.077,4.6412,-0.7926][-0.5389,0.8251,0.1697][0.0141,0.8063,0][-2.0514,5.5998,-0.605][-0.8108,0.5731,-0.1194][0.0385,0.8015,0][-3.077,4.6412,-0.6012][-0.5132,0.8577,-0.0322][0.0141,0.8014,0][-2.5546,5.1294,-0.4164][-0.6861,0.6851,-0.2447][0.0265,0.7967,0][-2.5546,5.1294,-0.4164][-0.6861,0.6851,-0.2447][0.149,0.8621,0][-3.152,4.6178,-0.3458][-0.7128,0.3555,0.6046][0.1477,0.8719,0][-2.5878,5.1452,-0.3458][-0.5608,0.6222,0.5463][0.1477,0.8618,0][-2.0232,5.673,-0.533][-0.3731,0.8106,0.4514][0.1477,0.8516,0][-2.0514,5.5998,-0.605][-0.8108,0.5731,-0.1194][0.149,0.853,0][-2.5546,5.1294,-0.4164][-0.6861,0.6851,-0.2447][0.149,0.8621,0][-2.5546,5.1294,-0.4164][-0.6861,0.6851,-0.2447][0.149,0.8621,0][-2.5878,5.1452,-0.3458][-0.5608,0.6222,0.5463][0.1477,0.8618,0][-2.0232,5.673,-0.533][-0.3731,0.8106,0.4514][0.1477,0.8516,0][-0.8944,5.0964,-0.3458][0.6752,0.1132,0.7289][0.1749,0.8529,0][-0.8944,5.673,-0.533][0.5972,0.6501,0.4697][0.1749,0.8379,0][-2.5878,5.1452,-0.3458][-0.5608,0.6222,0.5463][0.2189,0.8516,0][-0.8944,5.0964,-0.3458][0.6752,0.1132,0.7289][0.1749,0.8529,0][-2.5878,5.1452,-0.3458][-0.5608,0.6222,0.5463][0.2189,0.8516,0][-0.8944,4.5116,-0.3458][0.9045,0.3015,0.3015][0.1749,0.868,0][-3.152,4.6178,-0.3458][-0.7128,0.3555,0.6046][0.2335,0.8653,0][-0.8944,4.5116,-0.3458][0.9045,0.3015,0.3015][0.1749,0.868,0][-2.5878,5.1452,-0.3458][-0.5608,0.6222,0.5463][0.2189,0.8516,0][-2.0232,5.673,-0.533][-0.3731,0.8106,0.4514][0.2042,0.8379,0][-2.5878,5.1452,-0.3458][-0.5608,0.6222,0.5463][0.2189,0.8516,0][-0.8944,5.673,-0.533][0.5972,0.6501,0.4697][0.1749,0.8379,0][-0.8944,5.673,-0.533][0.5972,0.6501,0.4697][0.0463,0.8187,0][-0.8944,5.0964,-0.3458][0.6752,0.1132,0.7289][0.0463,0.834,0][-0.8944,5.673,-0.8634][0.5774,0.5773,-0.5774][0.06,0.8187,0][-0.8944,5.673,-0.533][0.5972,0.6501,0.4697][0.0889,0.8039,0][-0.8944,5.673,-0.8634][0.5774,0.5773,-0.5774][0.0889,0.8171,0][-2.0232,5.673,-0.533][-0.3731,0.8106,0.4514][0.06,0.8039,0][-0.8944,5.673,-0.8634][0.5774,0.5773,-0.5774][0.06,0.8187,0][-0.8944,4.5116,-0.3458][0.9045,0.3015,0.3015][0.0463,0.8495,0][-0.8944,3.813,-0.8634][0.6066,-0.4141,-0.6787][0.06,0.8679,0][-0.8944,3.813,-0.8634][0.6066,-0.4141,-0.6787][0.0598,0.8684,0][-2.0232,5.673,-0.8634][-0.3798,0.7099,-0.5931][0.0891,0.8202,0][-0.8944,5.673,-0.8634][0.5774,0.5773,-0.5774][0.0598,0.8202,0][-2.0232,5.673,-0.8634][-0.3798,0.7099,-0.5931][0.06,0.8171,0][-2.0232,5.673,-0.533][-0.3731,0.8106,0.4514][0.06,0.8039,0][-0.8944,5.673,-0.8634][0.5774,0.5773,-0.5774][0.0889,0.8171,0][-0.8944,4.5116,-0.3458][0.9045,0.3015,0.3015][0.0463,0.8495,0][-0.8944,5.673,-0.8634][0.5774,0.5773,-0.5774][0.06,0.8187,0][-0.8944,5.0964,-0.3458][0.6752,0.1132,0.7289][0.0463,0.834,0][-2.0232,5.673,-0.8634][-0.3798,0.7099,-0.5931][0.1576,0.8516,0][-2.0514,5.5998,-0.605][-0.8108,0.5731,-0.1194][0.1526,0.853,0][-2.0232,5.673,-0.533][-0.3731,0.8106,0.4514][0.1477,0.8516,0][-2.0514,5.5998,-0.7926][-0.7874,0.5925,0.1701][0.0385,0.8063,0][-3.077,4.6412,-0.7926][-0.5389,0.8251,0.1697][0.0141,0.8063,0][-2.0514,5.5998,-0.605][-0.8108,0.5731,-0.1194][0.0385,0.8015,0][-2.0514,5.5998,-0.605][-0.8108,0.5731,-0.1194][0.1526,0.853,0][-2.0232,5.673,-0.8634][-0.3798,0.7099,-0.5931][0.1576,0.8516,0][-2.0514,5.5998,-0.7926][-0.7874,0.5925,0.1701][0.1562,0.853,0][-2.0514,5.5998,-0.7926][-0.7874,0.5925,0.1701][0.1562,0.853,0][-2.0232,5.673,-0.8634][-0.3798,0.7099,-0.5931][0.1576,0.8516,0][-3.077,4.6412,-0.7926][-0.5389,0.8251,0.1697][0.1562,0.8714,0][-0.8944,4.5116,-0.3458][0.9045,0.3015,0.3015][0.1749,0.868,0][-3.152,4.6178,-0.3458][-0.7128,0.3555,0.6046][0.2335,0.8653,0][-3.152,4.5126,-0.3458][-0.9043,0.3016,0.3021][0.2335,0.868,0][-3.152,4.5116,0.3458][-0.904,0.3034,-0.3013][0.2335,0.868,0][-0.8944,4.5116,-0.3458][0.9045,0.3015,0.3015][0.1749,0.868,0][-3.152,4.5126,-0.3458][-0.9043,0.3016,0.3021][0.2335,0.868,0][-3.152,3.7186,0.678][-0.862,-0.4517,0.23][0.1231,0.8704,0][-3.152,4.6178,0.8634][-0.7005,0.4051,0.5875][0.1182,0.8467,0][-3.152,4.5116,0.3458][-0.904,0.3034,-0.3013][0.1319,0.8495,0][-3.152,4.6178,0.8634][-0.7005,0.4051,0.5875][0.1182,0.8467,0][-3.152,3.7186,0.678][-0.862,-0.4517,0.23][0.1231,0.8704,0][-3.152,3.813,0.8634][-0.6062,-0.4156,0.678][0.1182,0.8679,0][-3.152,3.813,0.8634][-0.6062,-0.4156,0.678][0.1688,0.8569,0][-3.152,3.7186,0.678][-0.862,-0.4517,0.23][0.1688,0.8608,0][-0.8944,3.813,0.8634][0.6062,-0.4156,0.678][0.2159,0.8569,0][-0.8944,3.813,0.8634][0.6062,-0.4156,0.678][0.0598,0.8684,0][-3.152,4.6178,0.8634][-0.7005,0.4051,0.5875][0.1184,0.8475,0][-3.152,3.813,0.8634][-0.6062,-0.4156,0.678][0.1184,0.8684,0][-3.152,4.6178,0.8634][-0.7005,0.4051,0.5875][0.1184,0.8475,0][-0.8944,3.813,0.8634][0.6062,-0.4156,0.678][0.0598,0.8684,0][-2.0232,5.673,0.8634][-0.3798,0.7099,0.5931][0.0891,0.8202,0][-0.8944,5.673,0.8634][0.5773,0.5774,0.5774][0.0598,0.8202,0][-2.0232,5.673,0.8634][-0.3798,0.7099,0.5931][0.0891,0.8202,0][-0.8944,3.813,0.8634][0.6062,-0.4156,0.678][0.0598,0.8684,0][-2.0232,5.673,0.8634][-0.3798,0.7099,0.5931][0.1245,0.8516,0][-2.0514,5.5998,0.7926][-0.7874,0.5925,-0.17][0.1258,0.853,0][-3.152,4.6178,0.8634][-0.7005,0.4051,0.5875][0.1245,0.8719,0][-5.925,3.2082,-0.3838][0.0041,0.9964,-0.0851][0.028,0.2222,0][-6.1942,3.186,-0.5648][-0.1401,0.9896,-0.0313][0.0223,0.2136,0][-6.13,3.2088,-0.38][-0.223,0.9741,-0.0369][0.0281,0.2157,0][-6.13,3.2088,-0.38][-0.223,0.9741,-0.0369][0.0281,0.2157,0][-5.925,3.223,-0][0.0041,1,-0.0001][0.0402,0.2222,0][-5.925,3.2082,-0.3838][0.0041,0.9964,-0.0851][0.028,0.2222,0][-5.925,3.223,-0][0.0041,1,-0.0001][0.0402,0.2222,0][-6.13,3.2088,-0.38][-0.223,0.9741,-0.0369][0.0281,0.2157,0][-6.13,3.224,-0][-0.2857,0.9583,0.0026][0.0402,0.2157,0][-6.1924,3.1728,-0.3646][-0.5131,0.857,0.0474][0.0286,0.2137,0][-6.13,3.224,-0][-0.2857,0.9583,0.0026][0.0402,0.2157,0][-6.13,3.2088,-0.38][-0.223,0.9741,-0.0369][0.0281,0.2157,0][-6.13,3.2088,-0.38][-0.223,0.9741,-0.0369][0.0281,0.2157,0][-6.2474,3.1604,-0.5202][-0.3573,0.9189,0.1671][0.0237,0.2119,0][-6.1924,3.1728,-0.3646][-0.5131,0.857,0.0474][0.0286,0.2137,0][-6.2474,3.1604,-0.5202][-0.3573,0.9189,0.1671][0.0237,0.2119,0][-6.13,3.2088,-0.38][-0.223,0.9741,-0.0369][0.0281,0.2157,0][-6.1942,3.186,-0.5648][-0.1401,0.9896,-0.0313][0.0223,0.2136,0][-5.9244,3.1582,-0.75][0.0031,0.9807,-0.1953][0.0164,0.2222,0][-6.1942,3.186,-0.5648][-0.1401,0.9896,-0.0313][0.0223,0.2136,0][-5.925,3.2082,-0.3838][0.0041,0.9964,-0.0851][0.028,0.2222,0][-6.1942,3.186,-0.5648][-0.1401,0.9896,-0.0313][0.0223,0.2136,0][-5.9244,3.1582,-0.75][0.0031,0.9807,-0.1953][0.0164,0.2222,0][-6.4162,3.1584,-0.75][-0.0426,0.9958,-0.0816][0.0164,0.2066,0][-6.4162,3.1584,-0.75][-0.0426,0.9958,-0.0816][0.0164,0.2066,0][-6.4388,3.1446,-0.6788][-0.1185,0.9734,0.1961][0.0186,0.2059,0][-6.1942,3.186,-0.5648][-0.1401,0.9896,-0.0313][0.0223,0.2136,0][-6.1942,3.186,-0.5648][-0.1401,0.9896,-0.0313][0.0223,0.2136,0][-6.4388,3.1446,-0.6788][-0.1185,0.9734,0.1961][0.0186,0.2059,0][-6.2474,3.1604,-0.5202][-0.3573,0.9189,0.1671][0.0237,0.2119,0][-8.5148,3.1454,-0.6788][0.1045,0.9745,0.1986][0.0186,0.1399,0][-8.463,3.0984,-0.5228][0.0711,0.9617,0.2646][0.0236,0.1416,0][-6.4388,3.1446,-0.6788][-0.1185,0.9734,0.1961][0.0186,0.2059,0][-6.4388,3.1446,-0.6788][-0.1185,0.9734,0.1961][0.0186,0.2059,0][-6.4162,3.1584,-0.75][-0.0426,0.9958,-0.0816][0.0164,0.2066,0][-8.5148,3.1454,-0.6788][0.1045,0.9745,0.1986][0.0186,0.1399,0][-6.4932,3.0976,-0.5232][-0.0746,0.9638,0.2559][0.0236,0.2041,0][-6.4388,3.1446,-0.6788][-0.1185,0.9734,0.1961][0.0186,0.2059,0][-8.463,3.0984,-0.5228][0.0711,0.9617,0.2646][0.0236,0.1416,0][-6.4932,3.0976,-0.5232][-0.0746,0.9638,0.2559][0.0236,0.2041,0][-6.2474,3.1604,-0.5202][-0.3573,0.9189,0.1671][0.0237,0.2119,0][-6.4388,3.1446,-0.6788][-0.1185,0.9734,0.1961][0.0186,0.2059,0][-8.7066,3.1608,-0.5286][0.3468,0.9211,0.177][0.0234,0.1338,0][-8.463,3.0984,-0.5228][0.0711,0.9617,0.2646][0.0236,0.1416,0][-8.5148,3.1454,-0.6788][0.1045,0.9745,0.1986][0.0186,0.1399,0][-8.5794,3.0792,-0.4326][0.1855,0.9488,0.2556][0.0265,0.1379,0][-8.463,3.0984,-0.5228][0.0711,0.9617,0.2646][0.0236,0.1416,0][-8.7066,3.1608,-0.5286][0.3468,0.9211,0.177][0.0234,0.1338,0][-6.375,3.0786,-0.4258][-0.2213,0.9456,0.2385][0.0267,0.2079,0][-8.463,3.0984,-0.5228][0.0711,0.9617,0.2646][0.0236,0.1416,0][-8.5794,3.0792,-0.4326][0.1855,0.9488,0.2556][0.0265,0.1379,0][-8.463,3.0984,-0.5228][0.0711,0.9617,0.2646][0.0236,0.1416,0][-6.375,3.0786,-0.4258][-0.2213,0.9456,0.2385][0.0267,0.2079,0][-6.4932,3.0976,-0.5232][-0.0746,0.9638,0.2559][0.0236,0.2041,0][-6.1924,3.1728,-0.3646][-0.5131,0.857,0.0474][0.0286,0.2137,0][-6.375,3.0786,-0.4258][-0.2213,0.9456,0.2385][0.0267,0.2079,0][-6.3426,3.0702,-0.3352][-0.3182,0.9425,0.1017][0.0295,0.2089,0][-8.5794,3.0792,-0.4326][0.1855,0.9488,0.2556][0.0265,0.1379,0][-6.3426,3.0702,-0.3352][-0.3182,0.9425,0.1017][0.0295,0.2089,0][-6.375,3.0786,-0.4258][-0.2213,0.9456,0.2385][0.0267,0.2079,0][-6.375,3.0786,-0.4258][-0.2213,0.9456,0.2385][0.0267,0.2079,0][-6.1924,3.1728,-0.3646][-0.5131,0.857,0.0474][0.0286,0.2137,0][-6.2474,3.1604,-0.5202][-0.3573,0.9189,0.1671][0.0237,0.2119,0][-6.2474,3.1604,-0.5202][-0.3573,0.9189,0.1671][0.0237,0.2119,0][-6.4932,3.0976,-0.5232][-0.0746,0.9638,0.2559][0.0236,0.2041,0][-6.375,3.0786,-0.4258][-0.2213,0.9456,0.2385][0.0267,0.2079,0][-8.6116,3.0702,-0.3402][0.2952,0.9512,0.0902][0.0294,0.1369,0][-6.3424,3.0556,-0][-0.3325,0.943,0.0087][0.0402,0.2089,0][-6.3426,3.0702,-0.3352][-0.3182,0.9425,0.1017][0.0295,0.2089,0][-6.1924,3.182,-0][-0.5941,0.8043,0.0114][0.0402,0.2137,0][-6.3426,3.0702,-0.3352][-0.3182,0.9425,0.1017][0.0295,0.2089,0][-6.3424,3.0556,-0][-0.3325,0.943,0.0087][0.0402,0.2089,0][-6.3426,3.0702,-0.3352][-0.3182,0.9425,0.1017][0.0295,0.2089,0][-8.5794,3.0792,-0.4326][0.1855,0.9488,0.2556][0.0265,0.1379,0][-8.6116,3.0702,-0.3402][0.2952,0.9512,0.0902][0.0294,0.1369,0][-6.3426,3.0702,-0.3352][-0.3182,0.9425,0.1017][0.0295,0.2089,0][-6.1924,3.182,-0][-0.5941,0.8043,0.0114][0.0402,0.2137,0][-6.1924,3.1728,-0.3646][-0.5131,0.857,0.0474][0.0286,0.2137,0][-6.1924,3.182,-0][-0.5941,0.8043,0.0114][0.0402,0.2137,0][-6.13,3.2092,0.3718][-0.2294,0.9725,0.0402][0.052,0.2157,0][-6.13,3.224,-0][-0.2857,0.9583,0.0026][0.0402,0.2157,0][-6.13,3.224,-0][-0.2857,0.9583,0.0026][0.0402,0.2157,0][-6.1924,3.1728,-0.3646][-0.5131,0.857,0.0474][0.0286,0.2137,0][-6.1924,3.182,-0][-0.5941,0.8043,0.0114][0.0402,0.2137,0][-6.3424,3.0556,-0][-0.3325,0.943,0.0087][0.0402,0.2089,0][-6.1924,3.1732,0.3564][-0.5238,0.8508,-0.0432][0.0515,0.2137,0][-6.1924,3.182,-0][-0.5941,0.8043,0.0114][0.0402,0.2137,0][-6.13,3.2092,0.3718][-0.2294,0.9725,0.0402][0.052,0.2157,0][-6.1924,3.182,-0][-0.5941,0.8043,0.0114][0.0402,0.2137,0][-6.1924,3.1732,0.3564][-0.5238,0.8508,-0.0432][0.0515,0.2137,0][-6.13,3.2092,0.3718][-0.2294,0.9725,0.0402][0.052,0.2157,0][-6.1924,3.1732,0.3564][-0.5238,0.8508,-0.0432][0.0515,0.2137,0][-6.1942,3.1864,0.5544][-0.1521,0.9881,0.0223][0.0578,0.2136,0][-6.1924,3.1732,0.3564][-0.5238,0.8508,-0.0432][0.0515,0.2137,0][-6.3424,3.0556,-0][-0.3325,0.943,0.0087][0.0402,0.2089,0][-6.3424,3.0706,0.3266][-0.2962,0.9509,-0.0899][0.0506,0.2089,0][-6.1924,3.1732,0.3564][-0.5238,0.8508,-0.0432][0.0515,0.2137,0][-6.3424,3.0706,0.3266][-0.2962,0.9509,-0.0899][0.0506,0.2089,0][-6.2476,3.1604,0.5106][-0.3579,0.9174,-0.1738][0.0564,0.2119,0][-6.2476,3.1604,0.5106][-0.3579,0.9174,-0.1738][0.0564,0.2119,0][-6.1942,3.1864,0.5544][-0.1521,0.9881,0.0223][0.0578,0.2136,0][-6.1924,3.1732,0.3564][-0.5238,0.8508,-0.0432][0.0515,0.2137,0][-6.1942,3.1864,0.5544][-0.1521,0.9881,0.0223][0.0578,0.2136,0][-6.2476,3.1604,0.5106][-0.3579,0.9174,-0.1738][0.0564,0.2119,0][-6.4162,3.1584,0.75][-0.0413,0.9962,0.0769][0.064,0.2066,0][-6.4162,3.1584,0.75][-0.0413,0.9962,0.0769][0.064,0.2066,0][-5.9244,3.1582,0.75][0.0028,0.9811,0.1935][0.064,0.2222,0][-6.1942,3.1864,0.5544][-0.1521,0.9881,0.0223][0.0578,0.2136,0][-5.925,3.2088,0.3686][0.0046,0.9965,0.0835][0.0519,0.2222,0][-6.1942,3.1864,0.5544][-0.1521,0.9881,0.0223][0.0578,0.2136,0][-5.9244,3.1582,0.75][0.0028,0.9811,0.1935][0.064,0.2222,0][-6.1942,3.1864,0.5544][-0.1521,0.9881,0.0223][0.0578,0.2136,0][-5.925,3.2088,0.3686][0.0046,0.9965,0.0835][0.0519,0.2222,0][-6.13,3.2092,0.3718][-0.2294,0.9725,0.0402][0.052,0.2157,0][-5.925,3.223,-0][0.0041,1,-0.0001][0.0402,0.2222,0][-6.13,3.2092,0.3718][-0.2294,0.9725,0.0402][0.052,0.2157,0][-5.925,3.2088,0.3686][0.0046,0.9965,0.0835][0.0519,0.2222,0][-5.9244,3.1582,0.75][0.0028,0.9811,0.1935][0.064,0.2222,0][-6.4162,3.1584,0.75][-0.0413,0.9962,0.0769][0.064,0.2066,0][-5.9244,3.0894,1.016][0.0004,0.9681,0.2504][0.0725,0.2222,0][-5.9244,3.0894,1.016][0.0004,0.9681,0.2504][0.0725,0.2222,0][-6.4162,3.1584,0.75][-0.0413,0.9962,0.0769][0.064,0.2066,0][-8.8234,3.0906,1.016][0.0116,0.9634,0.2677][0.0725,0.1301,0][-8.8234,3.0906,1.016][0.0116,0.9634,0.2677][0.0725,0.1301,0][-10.696,3.1958,0.75][0.0369,0.9782,0.2046][0.064,0.0706,0][-10.6954,3.0912,1.016][0.0557,0.945,0.3223][0.0725,0.0707,0][-8.5366,3.1594,0.75][0.0483,0.9956,0.0798][0.064,0.1392,0][-10.696,3.1958,0.75][0.0369,0.9782,0.2046][0.064,0.0706,0][-8.8234,3.0906,1.016][0.0116,0.9634,0.2677][0.0725,0.1301,0][-8.5366,3.1594,0.75][0.0483,0.9956,0.0798][0.064,0.1392,0][-8.8234,3.0906,1.016][0.0116,0.9634,0.2677][0.0725,0.1301,0][-6.4162,3.1584,0.75][-0.0413,0.9962,0.0769][0.064,0.2066,0][-11.2614,3.2352,0.75][0.065,0.9972,0.0381][0.064,0.0527,0][-10.6954,3.0912,1.016][0.0557,0.945,0.3223][0.0725,0.0707,0][-10.696,3.1958,0.75][0.0369,0.9782,0.2046][0.064,0.0706,0][-10.6954,3.0912,1.016][0.0557,0.945,0.3223][0.0725,0.0707,0][-11.2614,3.2352,0.75][0.065,0.9972,0.0381][0.064,0.0527,0][-11.296,3.2352,1.016][0.108,0.994,0.0141][0.0725,0.0516,0][-11.296,3.2352,1.016][0.108,0.994,0.0141][0.0725,0.0516,0][-11.2614,3.2352,0.75][0.065,0.9972,0.0381][0.064,0.0527,0][-12.8048,3.2358,1.016][0.0004,1,-0][0.0725,0.0037,0][-11.1752,3.2352,0.367][0.0271,0.9996,0.0044][0.0519,0.0554,0][-12.8048,3.2358,1.016][0.0004,1,-0][0.0725,0.0037,0][-11.2614,3.2352,0.75][0.065,0.9972,0.0381][0.064,0.0527,0][-12.8048,3.2358,1.016][0.0004,1,-0][0.0725,0.0037,0][-11.1752,3.2352,0.367][0.0271,0.9996,0.0044][0.0519,0.0554,0][-12.8048,3.2358,-0][0.0004,1,-0][0.0402,0.0037,0][-11.1424,3.2352,-0][0.0211,0.9998,-0][0.0402,0.0565,0][-11.1752,3.2352,-0.3822][0.0275,0.9996,-0.0046][0.0281,0.0554,0][-12.8048,3.2358,-0][0.0004,1,-0][0.0402,0.0037,0][-12.8048,3.2358,-0][0.0004,1,-0][0.0402,0.0037,0][-11.1752,3.2352,0.367][0.0271,0.9996,0.0044][0.0519,0.0554,0][-11.1424,3.2352,-0][0.0211,0.9998,-0][0.0402,0.0565,0][-12.8048,3.2358,-0][0.0004,1,-0][0.0402,0.0037,0][-11.1752,3.2352,-0.3822][0.0275,0.9996,-0.0046][0.0281,0.0554,0][-12.8048,3.2358,-1.0156][0.0004,1,-0][0.0079,0.0037,0][-11.1752,3.2352,-0.3822][0.0275,0.9996,-0.0046][0.0281,0.0554,0][-10.696,3.2102,-0.3782][0.0268,0.9991,-0.0338][0.0282,0.0706,0][-11.2614,3.2352,-0.75][0.0649,0.9972,-0.0381][0.0164,0.0527,0][-11.2614,3.2352,-0.75][0.0649,0.9972,-0.0381][0.0164,0.0527,0][-12.8048,3.2358,-1.0156][0.0004,1,-0][0.0079,0.0037,0][-11.1752,3.2352,-0.3822][0.0275,0.9996,-0.0046][0.0281,0.0554,0][-10.696,3.2102,-0.3782][0.0268,0.9991,-0.0338][0.0282,0.0706,0][-11.1752,3.2352,-0.3822][0.0275,0.9996,-0.0046][0.0281,0.0554,0][-11.1424,3.2352,-0][0.0211,0.9998,-0][0.0402,0.0565,0][-8.824,3.2092,-0.3838][0.2336,0.9716,-0.0382][0.028,0.1301,0][-10.696,3.2102,-0.3782][0.0268,0.9991,-0.0338][0.0282,0.0706,0][-10.696,3.225,-0][0.0116,0.9999,-0][0.0402,0.0706,0][-11.1424,3.2352,-0][0.0211,0.9998,-0][0.0402,0.0565,0][-10.696,3.225,-0][0.0116,0.9999,-0][0.0402,0.0706,0][-10.696,3.2102,-0.3782][0.0268,0.9991,-0.0338][0.0282,0.0706,0][-10.696,3.2102,-0.3782][0.0268,0.9991,-0.0338][0.0282,0.0706,0][-8.824,3.2092,-0.3838][0.2336,0.9716,-0.0382][0.028,0.1301,0][-8.7598,3.1864,-0.5738][0.1527,0.9881,-0.0156][0.022,0.1321,0][-8.7598,3.1864,-0.5738][0.1527,0.9881,-0.0156][0.022,0.1321,0][-10.696,3.1958,-0.75][0.0369,0.9782,-0.2042][0.0164,0.0706,0][-10.696,3.2102,-0.3782][0.0268,0.9991,-0.0338][0.0282,0.0706,0][-11.2614,3.2352,-0.75][0.0649,0.9972,-0.0381][0.0164,0.0527,0][-10.696,3.2102,-0.3782][0.0268,0.9991,-0.0338][0.0282,0.0706,0][-10.696,3.1958,-0.75][0.0369,0.9782,-0.2042][0.0164,0.0706,0][-10.6954,3.0914,-1.016][0.0557,0.9452,-0.3217][0.0079,0.0707,0][-10.696,3.1958,-0.75][0.0369,0.9782,-0.2042][0.0164,0.0706,0][-8.8234,3.0906,-1.0162][0.0116,0.9635,-0.2675][0.0079,0.1301,0][-8.5366,3.1594,-0.75][0.0447,0.9962,-0.0741][0.0164,0.1392,0][-8.8234,3.0906,-1.0162][0.0116,0.9635,-0.2675][0.0079,0.1301,0][-10.696,3.1958,-0.75][0.0369,0.9782,-0.2042][0.0164,0.0706,0][-10.696,3.1958,-0.75][0.0369,0.9782,-0.2042][0.0164,0.0706,0][-8.7598,3.1864,-0.5738][0.1527,0.9881,-0.0156][0.022,0.1321,0][-8.5366,3.1594,-0.75][0.0447,0.9962,-0.0741][0.0164,0.1392,0][-10.696,3.1958,-0.75][0.0369,0.9782,-0.2042][0.0164,0.0706,0][-10.6954,3.0914,-1.016][0.0557,0.9452,-0.3217][0.0079,0.0707,0][-11.2614,3.2352,-0.75][0.0649,0.9972,-0.0381][0.0164,0.0527,0][-11.296,3.2352,-1.0158][0.1079,0.9941,-0.014][0.0079,0.0516,0][-11.2614,3.2352,-0.75][0.0649,0.9972,-0.0381][0.0164,0.0527,0][-10.6954,3.0914,-1.016][0.0557,0.9452,-0.3217][0.0079,0.0707,0][-12.8048,3.2358,-1.0156][0.0004,1,-0][0.0079,0.0037,0][-11.2614,3.2352,-0.75][0.0649,0.9972,-0.0381][0.0164,0.0527,0][-11.296,3.2352,-1.0158][0.1079,0.9941,-0.014][0.0079,0.0516,0][-6.4162,3.1584,-0.75][-0.0426,0.9958,-0.0816][0.0164,0.2066,0][-8.8234,3.0906,-1.0162][0.0116,0.9635,-0.2675][0.0079,0.1301,0][-8.5366,3.1594,-0.75][0.0447,0.9962,-0.0741][0.0164,0.1392,0][-8.5148,3.1454,-0.6788][0.1045,0.9745,0.1986][0.0186,0.1399,0][-8.5366,3.1594,-0.75][0.0447,0.9962,-0.0741][0.0164,0.1392,0][-8.7066,3.1608,-0.5286][0.3468,0.9211,0.177][0.0234,0.1338,0][-8.7066,3.1608,-0.5286][0.3468,0.9211,0.177][0.0234,0.1338,0][-8.5366,3.1594,-0.75][0.0447,0.9962,-0.0741][0.0164,0.1392,0][-8.7598,3.1864,-0.5738][0.1527,0.9881,-0.0156][0.022,0.1321,0][-8.5366,3.1594,-0.75][0.0447,0.9962,-0.0741][0.0164,0.1392,0][-8.5148,3.1454,-0.6788][0.1045,0.9745,0.1986][0.0186,0.1399,0][-6.4162,3.1584,-0.75][-0.0426,0.9958,-0.0816][0.0164,0.2066,0][-8.8234,3.0906,-1.0162][0.0116,0.9635,-0.2675][0.0079,0.1301,0][-6.4162,3.1584,-0.75][-0.0426,0.9958,-0.0816][0.0164,0.2066,0][-5.9244,3.0894,-1.0166][0.0004,0.9683,-0.2499][0.0079,0.2222,0][-5.9244,3.0894,-1.0166][0.0004,0.9683,-0.2499][0.0079,0.2222,0][-6.4162,3.1584,-0.75][-0.0426,0.9958,-0.0816][0.0164,0.2066,0][-5.9244,3.1582,-0.75][0.0031,0.9807,-0.1953][0.0164,0.2222,0][-8.7598,3.1864,-0.5738][0.1527,0.9881,-0.0156][0.022,0.1321,0][-8.7616,3.173,-0.3688][0.5253,0.8499,0.0422][0.0285,0.1321,0][-8.7066,3.1608,-0.5286][0.3468,0.9211,0.177][0.0234,0.1338,0][-8.7616,3.173,-0.3688][0.5253,0.8499,0.0422][0.0285,0.1321,0][-8.7598,3.1864,-0.5738][0.1527,0.9881,-0.0156][0.022,0.1321,0][-8.824,3.2092,-0.3838][0.2336,0.9716,-0.0382][0.028,0.1301,0][-8.824,3.2092,-0.3838][0.2336,0.9716,-0.0382][0.028,0.1301,0][-8.7616,3.1822,-0][0.5941,0.8043,-0.0117][0.0402,0.1321,0][-8.7616,3.173,-0.3688][0.5253,0.8499,0.0422][0.0285,0.1321,0][-8.6116,3.0558,-0][0.3329,0.9429,-0.011][0.0402,0.1369,0][-8.7616,3.173,-0.3688][0.5253,0.8499,0.0422][0.0285,0.1321,0][-8.7616,3.1822,-0][0.5941,0.8043,-0.0117][0.0402,0.1321,0][-8.6116,3.0702,-0.3402][0.2952,0.9512,0.0902][0.0294,0.1369,0][-8.7066,3.1608,-0.5286][0.3468,0.9211,0.177][0.0234,0.1338,0][-8.7616,3.173,-0.3688][0.5253,0.8499,0.0422][0.0285,0.1321,0][-8.7616,3.173,-0.3688][0.5253,0.8499,0.0422][0.0285,0.1321,0][-8.6116,3.0558,-0][0.3329,0.9429,-0.011][0.0402,0.1369,0][-8.6116,3.0702,-0.3402][0.2952,0.9512,0.0902][0.0294,0.1369,0][-8.6116,3.0558,-0][0.3329,0.9429,-0.011][0.0402,0.1369,0][-8.6116,3.0708,0.3274][0.3193,0.9422,-0.1019][0.0506,0.1369,0][-6.3424,3.0556,-0][-0.3325,0.943,0.0087][0.0402,0.2089,0][-6.3424,3.0556,-0][-0.3325,0.943,0.0087][0.0402,0.2089,0][-8.6116,3.0702,-0.3402][0.2952,0.9512,0.0902][0.0294,0.1369,0][-8.6116,3.0558,-0][0.3329,0.9429,-0.011][0.0402,0.1369,0][-8.7616,3.1822,-0][0.5941,0.8043,-0.0117][0.0402,0.1321,0][-8.6116,3.0708,0.3274][0.3193,0.9422,-0.1019][0.0506,0.1369,0][-8.6116,3.0558,-0][0.3329,0.9429,-0.011][0.0402,0.1369,0][-8.7616,3.1734,0.357][0.5142,0.8563,-0.0486][0.0515,0.1321,0][-8.5784,3.0788,0.4182][0.2242,0.9467,-0.2313][0.0535,0.1379,0][-8.6116,3.0708,0.3274][0.3193,0.9422,-0.1019][0.0506,0.1369,0][-8.6116,3.0708,0.3274][0.3193,0.9422,-0.1019][0.0506,0.1369,0][-8.7616,3.1822,-0][0.5941,0.8043,-0.0117][0.0402,0.1321,0][-8.7616,3.1734,0.357][0.5142,0.8563,-0.0486][0.0515,0.1321,0][-8.6116,3.0708,0.3274][0.3193,0.9422,-0.1019][0.0506,0.1369,0][-8.5784,3.0788,0.4182][0.2242,0.9467,-0.2313][0.0535,0.1379,0][-6.3424,3.0706,0.3266][-0.2962,0.9509,-0.0899][0.0506,0.2089,0][-6.3424,3.0706,0.3266][-0.2962,0.9509,-0.0899][0.0506,0.2089,0][-6.3424,3.0556,-0][-0.3325,0.943,0.0087][0.0402,0.2089,0][-8.6116,3.0708,0.3274][0.3193,0.9422,-0.1019][0.0506,0.1369,0][-8.4566,3.0974,0.524][0.0789,0.9655,-0.2481][0.0568,0.1418,0][-6.3758,3.0784,0.418][-0.1933,0.9518,-0.238][0.0535,0.2079,0][-8.5784,3.0788,0.4182][0.2242,0.9467,-0.2313][0.0535,0.1379,0][-8.5784,3.0788,0.4182][0.2242,0.9467,-0.2313][0.0535,0.1379,0][-8.7064,3.161,0.511][0.3637,0.9161,-0.1687][0.0564,0.1338,0][-8.4566,3.0974,0.524][0.0789,0.9655,-0.2481][0.0568,0.1418,0][-8.7064,3.161,0.511][0.3637,0.9161,-0.1687][0.0564,0.1338,0][-8.5784,3.0788,0.4182][0.2242,0.9467,-0.2313][0.0535,0.1379,0][-8.7616,3.1734,0.357][0.5142,0.8563,-0.0486][0.0515,0.1321,0][-6.3424,3.0706,0.3266][-0.2962,0.9509,-0.0899][0.0506,0.2089,0][-8.5784,3.0788,0.4182][0.2242,0.9467,-0.2313][0.0535,0.1379,0][-6.3758,3.0784,0.418][-0.1933,0.9518,-0.238][0.0535,0.2079,0][-6.4966,3.0968,0.5238][-0.079,0.9658,-0.2468][0.0568,0.204,0][-6.2476,3.1604,0.5106][-0.3579,0.9174,-0.1738][0.0564,0.2119,0][-6.3758,3.0784,0.418][-0.1933,0.9518,-0.238][0.0535,0.2079,0][-6.3758,3.0784,0.418][-0.1933,0.9518,-0.238][0.0535,0.2079,0][-6.2476,3.1604,0.5106][-0.3579,0.9174,-0.1738][0.0564,0.2119,0][-6.3424,3.0706,0.3266][-0.2962,0.9509,-0.0899][0.0506,0.2089,0][-6.3758,3.0784,0.418][-0.1933,0.9518,-0.238][0.0535,0.2079,0][-8.4566,3.0974,0.524][0.0789,0.9655,-0.2481][0.0568,0.1418,0][-6.4966,3.0968,0.5238][-0.079,0.9658,-0.2468][0.0568,0.204,0][-6.4398,3.1444,0.6794][-0.1099,0.9745,-0.1954][0.0618,0.2058,0][-6.4966,3.0968,0.5238][-0.079,0.9658,-0.2468][0.0568,0.204,0][-8.513,3.145,0.6794][0.1224,0.9722,-0.1998][0.0618,0.14,0][-6.2476,3.1604,0.5106][-0.3579,0.9174,-0.1738][0.0564,0.2119,0][-6.4966,3.0968,0.5238][-0.079,0.9658,-0.2468][0.0568,0.204,0][-6.4398,3.1444,0.6794][-0.1099,0.9745,-0.1954][0.0618,0.2058,0][-8.4566,3.0974,0.524][0.0789,0.9655,-0.2481][0.0568,0.1418,0][-8.513,3.145,0.6794][0.1224,0.9722,-0.1998][0.0618,0.14,0][-6.4966,3.0968,0.5238][-0.079,0.9658,-0.2468][0.0568,0.204,0][-8.513,3.145,0.6794][0.1224,0.9722,-0.1998][0.0618,0.14,0][-8.5366,3.1594,0.75][0.0483,0.9956,0.0798][0.064,0.1392,0][-6.4398,3.1444,0.6794][-0.1099,0.9745,-0.1954][0.0618,0.2058,0][-8.5366,3.1594,0.75][0.0483,0.9956,0.0798][0.064,0.1392,0][-8.513,3.145,0.6794][0.1224,0.9722,-0.1998][0.0618,0.14,0][-8.7598,3.1872,0.5548][0.1532,0.9881,0.016][0.0578,0.1321,0][-8.513,3.145,0.6794][0.1224,0.9722,-0.1998][0.0618,0.14,0][-8.4566,3.0974,0.524][0.0789,0.9655,-0.2481][0.0568,0.1418,0][-8.7064,3.161,0.511][0.3637,0.9161,-0.1687][0.0564,0.1338,0][-8.7064,3.161,0.511][0.3637,0.9161,-0.1687][0.0564,0.1338,0][-8.7598,3.1872,0.5548][0.1532,0.9881,0.016][0.0578,0.1321,0][-8.513,3.145,0.6794][0.1224,0.9722,-0.1998][0.0618,0.14,0][-8.7598,3.1872,0.5548][0.1532,0.9881,0.016][0.0578,0.1321,0][-8.7064,3.161,0.511][0.3637,0.9161,-0.1687][0.0564,0.1338,0][-8.824,3.2096,0.3726][0.2248,0.9737,0.0362][0.052,0.1301,0][-8.824,3.2096,0.3726][0.2248,0.9737,0.0362][0.052,0.1301,0][-10.696,3.2104,0.3728][0.0267,0.9991,0.0338][0.052,0.0706,0][-8.7598,3.1872,0.5548][0.1532,0.9881,0.016][0.0578,0.1321,0][-10.696,3.1958,0.75][0.0369,0.9782,0.2046][0.064,0.0706,0][-8.7598,3.1872,0.5548][0.1532,0.9881,0.016][0.0578,0.1321,0][-10.696,3.2104,0.3728][0.0267,0.9991,0.0338][0.052,0.0706,0][-8.7598,3.1872,0.5548][0.1532,0.9881,0.016][0.0578,0.1321,0][-10.696,3.1958,0.75][0.0369,0.9782,0.2046][0.064,0.0706,0][-8.5366,3.1594,0.75][0.0483,0.9956,0.0798][0.064,0.1392,0][-10.696,3.225,-0][0.0116,0.9999,-0][0.0402,0.0706,0][-11.1424,3.2352,-0][0.0211,0.9998,-0][0.0402,0.0565,0][-10.696,3.2104,0.3728][0.0267,0.9991,0.0338][0.052,0.0706,0][-10.696,3.2104,0.3728][0.0267,0.9991,0.0338][0.052,0.0706,0][-8.824,3.2096,0.3726][0.2248,0.9737,0.0362][0.052,0.1301,0][-10.696,3.225,-0][0.0116,0.9999,-0][0.0402,0.0706,0][-10.696,3.2104,0.3728][0.0267,0.9991,0.0338][0.052,0.0706,0][-11.2614,3.2352,0.75][0.065,0.9972,0.0381][0.064,0.0527,0][-10.696,3.1958,0.75][0.0369,0.9782,0.2046][0.064,0.0706,0][-11.1424,3.2352,-0][0.0211,0.9998,-0][0.0402,0.0565,0][-11.1752,3.2352,0.367][0.0271,0.9996,0.0044][0.0519,0.0554,0][-10.696,3.2104,0.3728][0.0267,0.9991,0.0338][0.052,0.0706,0][-11.2614,3.2352,0.75][0.065,0.9972,0.0381][0.064,0.0527,0][-10.696,3.2104,0.3728][0.0267,0.9991,0.0338][0.052,0.0706,0][-11.1752,3.2352,0.367][0.0271,0.9996,0.0044][0.0519,0.0554,0][-8.824,3.2242,-0][0.2883,0.9575,-0.0026][0.0402,0.1301,0][-10.696,3.225,-0][0.0116,0.9999,-0][0.0402,0.0706,0][-8.824,3.2096,0.3726][0.2248,0.9737,0.0362][0.052,0.1301,0][-8.7616,3.1734,0.357][0.5142,0.8563,-0.0486][0.0515,0.1321,0][-8.824,3.2096,0.3726][0.2248,0.9737,0.0362][0.052,0.1301,0][-8.7064,3.161,0.511][0.3637,0.9161,-0.1687][0.0564,0.1338,0][-8.824,3.2096,0.3726][0.2248,0.9737,0.0362][0.052,0.1301,0][-8.7616,3.1734,0.357][0.5142,0.8563,-0.0486][0.0515,0.1321,0][-8.824,3.2242,-0][0.2883,0.9575,-0.0026][0.0402,0.1301,0][-8.824,3.2242,-0][0.2883,0.9575,-0.0026][0.0402,0.1301,0][-8.7616,3.1734,0.357][0.5142,0.8563,-0.0486][0.0515,0.1321,0][-8.7616,3.1822,-0][0.5941,0.8043,-0.0117][0.0402,0.1321,0][-8.7616,3.1822,-0][0.5941,0.8043,-0.0117][0.0402,0.1321,0][-8.824,3.2092,-0.3838][0.2336,0.9716,-0.0382][0.028,0.1301,0][-8.824,3.2242,-0][0.2883,0.9575,-0.0026][0.0402,0.1301,0][-10.696,3.225,-0][0.0116,0.9999,-0][0.0402,0.0706,0][-8.824,3.2242,-0][0.2883,0.9575,-0.0026][0.0402,0.1301,0][-8.824,3.2092,-0.3838][0.2336,0.9716,-0.0382][0.028,0.1301,0][-6.4398,3.1444,0.6794][-0.1099,0.9745,-0.1954][0.0618,0.2058,0][-6.4162,3.1584,0.75][-0.0413,0.9962,0.0769][0.064,0.2066,0][-6.2476,3.1604,0.5106][-0.3579,0.9174,-0.1738][0.0564,0.2119,0][-6.4162,3.1584,0.75][-0.0413,0.9962,0.0769][0.064,0.2066,0][-6.4398,3.1444,0.6794][-0.1099,0.9745,-0.1954][0.0618,0.2058,0][-8.5366,3.1594,0.75][0.0483,0.9956,0.0798][0.064,0.1392,0][-6.13,3.224,-0][-0.2857,0.9583,0.0026][0.0402,0.2157,0][-6.13,3.2092,0.3718][-0.2294,0.9725,0.0402][0.052,0.2157,0][-5.925,3.223,-0][0.0041,1,-0.0001][0.0402,0.2222,0][-8.7066,3.1608,-0.5286][0.3468,0.9211,0.177][0.0234,0.1338,0][-8.6116,3.0702,-0.3402][0.2952,0.9512,0.0902][0.0294,0.1369,0][-8.5794,3.0792,-0.4326][0.1855,0.9488,0.2556][0.0265,0.1379,0][-41.5678,-8.925,-0.8814][0.5327,-0.6406,-0.5531][0.7128,0.7142,0][-46.5462,-7.7276,0.8476][-0.6105,-0.5397,0.5796][0.8104,0.7481,0][-46.5462,-7.7278,-0.8484][-0.6105,-0.5398,-0.5796][0.8104,0.7148,0][-46.5462,-7.7276,0.8476][-0.6105,-0.5397,0.5796][0.9934,0.9156,0][-47.4736,1.7122,-1.2444][-0.6666,0.4386,-0.6028][0.779,0.8681,0][-46.5462,-7.7278,-0.8484][-0.6105,-0.5398,-0.5796][0.9934,0.8771,0][-47.4736,1.7122,-1.2444][-0.6666,0.4386,-0.6028][0.779,0.8681,0][-46.5462,-7.7276,0.8476][-0.6105,-0.5397,0.5796][0.9934,0.9156,0][-47.4742,1.712,1.2426][-0.6668,0.4385,0.6026][0.779,0.9246,0][-47.4742,1.712,1.2426][-0.6668,0.4385,0.6026][0.989,0.5558,0][-46.5462,-7.7276,0.8476][-0.6105,-0.5397,0.5796][0.9681,0.7682,0][-41.9086,-2.7306,1.13][0.028,-0.0736,0.9969][0.8638,0.6558,0][-41.6974,-6.9536,0.9628][0.6314,-0.1234,0.7656][0.859,0.7508,0][-46.5462,-7.7276,0.8476][-0.6105,-0.5397,0.5796][0.9681,0.7682,0][-41.5682,-8.9252,0.8814][0.5325,-0.6407,0.5531][0.8561,0.7952,0][-46.5462,-7.7276,0.8476][-0.6105,-0.5397,0.5796][0.8104,0.7481,0][-41.5678,-8.925,-0.8814][0.5327,-0.6406,-0.5531][0.7128,0.7142,0][-41.5682,-8.9252,0.8814][0.5325,-0.6407,0.5531][0.7128,0.7488,0][-41.6974,-6.9536,0.9628][0.6314,-0.1234,0.7656][0.859,0.7508,0][-41.9086,-2.7306,1.13][0.028,-0.0736,0.9969][0.8638,0.6558,0][-46.5462,-7.7276,0.8476][-0.6105,-0.5397,0.5796][0.9681,0.7682,0][-28.8288,-0.112,1.243][0.1369,-0.0811,0.9873][0.5695,0.5969,0][-41.9086,-2.7306,1.13][0.028,-0.0736,0.9969][0.8638,0.6558,0][-28.8862,-1.4084,1.2032][0.1754,-0.1625,0.971][0.5708,0.626,0][-41.9086,-2.7306,1.13][0.028,-0.0736,0.9969][0.8638,0.6558,0][-28.8288,-0.112,1.243][0.1369,-0.0811,0.9873][0.5695,0.5969,0][-47.4742,1.712,1.2426][-0.6668,0.4385,0.6026][0.989,0.5558,0][-40.9056,-5.122,0.565][0.5611,-0.4854,0.6704][0.8412,0.7096,0][-41.9086,-2.7306,1.13][0.028,-0.0736,0.9969][0.8638,0.6558,0][-41.6974,-6.9536,0.9628][0.6314,-0.1234,0.7656][0.859,0.7508,0][-28.3174,-2.282,0.844][0.4438,-0.6878,0.5744][0.558,0.6457,0][-41.9086,-2.7306,1.13][0.028,-0.0736,0.9969][0.8638,0.6558,0][-40.9056,-5.122,0.565][0.5611,-0.4854,0.6704][0.8412,0.7096,0][-28.8862,-1.4084,1.2032][0.1754,-0.1625,0.971][0.5708,0.626,0][-41.9086,-2.7306,1.13][0.028,-0.0736,0.9969][0.8638,0.6558,0][-28.3174,-2.282,0.844][0.4438,-0.6878,0.5744][0.558,0.6457,0][-28.603,-1.312,1.0874][0.2472,-0.1268,0.9606][0.0226,0.733,0][-28.8862,-1.4084,1.2032][0.1754,-0.1625,0.971][0.023,0.7303,0][-28.0982,-2.0684,0.7578][0.1941,-0.6247,0.7564][0.0303,0.7365,0][-28.3174,-2.282,0.844][0.4438,-0.6878,0.5744][0.0319,0.7342,0][-28.0982,-2.0684,0.7578][0.1941,-0.6247,0.7564][0.0303,0.7365,0][-28.8862,-1.4084,1.2032][0.1754,-0.1625,0.971][0.023,0.7303,0][-28.8862,-1.4084,1.2032][0.1754,-0.1625,0.971][0.023,0.7303,0][-28.603,-1.312,1.0874][0.2472,-0.1268,0.9606][0.0226,0.733,0][-28.8288,-0.112,1.243][0.1369,-0.0811,0.9873][0.0112,0.7328,0][-28.0982,-2.0684,0.7578][0.1941,-0.6247,0.7564][0.0515,0.7332,0][-24.5074,-0.6888,1.243][-0.0646,-0.0815,0.9946][0.129,0.763,0][-28.603,-1.312,1.0874][0.2472,-0.1268,0.9606][0.0406,0.7496,0][-28.5522,-0.2476,1.1022][0.2266,-0.1198,0.9666][0.0129,0.7351,0][-28.8288,-0.112,1.243][0.1369,-0.0811,0.9873][0.0112,0.7328,0][-28.603,-1.312,1.0874][0.2472,-0.1268,0.9606][0.0226,0.733,0][-28.603,-1.312,1.0874][0.2472,-0.1268,0.9606][0.0406,0.7496,0][-24.5074,-0.6888,1.243][-0.0646,-0.0815,0.9946][0.129,0.763,0][-28.5522,-0.2476,1.1022][0.2266,-0.1198,0.9666][0.0417,0.7725,0][-27.3044,-2.8494,0.51][-0.327,-0.793,0.514][0.0686,0.7164,0][-24.5074,-0.6888,1.243][-0.0646,-0.0815,0.9946][0.129,0.763,0][-28.0982,-2.0684,0.7578][0.1941,-0.6247,0.7564][0.0515,0.7332,0][-24.899,-0.0134,1.1018][-0.1972,-0.0877,0.9764][0.1205,0.7776,0][-28.5522,-0.2476,1.1022][0.2266,-0.1198,0.9666][0.0417,0.7725,0][-24.5074,-0.6888,1.243][-0.0646,-0.0815,0.9946][0.129,0.763,0][-25.4418,-3.0418,0.565][-0.3721,-0.5797,0.7249][0.1088,0.7122,0][-24.5074,-0.6888,1.243][-0.0646,-0.0815,0.9946][0.129,0.763,0][-27.3044,-2.8494,0.51][-0.327,-0.793,0.514][0.0686,0.7164,0][-24.5074,-0.6888,1.243][-0.0646,-0.0815,0.9946][0.129,0.763,0][-25.4418,-3.0418,0.565][-0.3721,-0.5797,0.7249][0.1088,0.7122,0][-23.1072,-1.3942,1.243][-0.068,-0.0637,0.9956][0.1592,0.7478,0][-24.6396,0.1548,1.243][-0.1259,-0.0865,0.9883][0.0152,0.7717,0][-24.899,-0.0134,1.1018][-0.1972,-0.0877,0.9764][0.0163,0.7691,0][-24.5074,-0.6888,1.243][-0.0646,-0.0815,0.9946][0.0232,0.7716,0][-23.1072,-1.3942,1.243][-0.068,-0.0637,0.9956][0.1592,0.7478,0][-24.6396,0.1548,1.243][-0.1259,-0.0865,0.9883][0.1261,0.7812,0][-24.5074,-0.6888,1.243][-0.0646,-0.0815,0.9946][0.129,0.763,0][-24.899,-0.0134,1.1018][-0.1972,-0.0877,0.9764][0.0163,0.7691,0][-24.6396,0.1548,1.243][-0.1259,-0.0865,0.9883][0.0152,0.7717,0][-25.9608,0.577,1.1018][-0.061,-0.2448,0.9677][0.0093,0.7602,0][-25.8994,0.8744,1.243][-0.0411,-0.1737,0.9839][0.0067,0.7612,0][-25.9608,0.577,1.1018][-0.061,-0.2448,0.9677][0.0093,0.7602,0][-24.6396,0.1548,1.243][-0.1259,-0.0865,0.9883][0.0152,0.7717,0][-24.6396,0.1548,1.243][-0.1259,-0.0865,0.9883][0.4752,0.5909,0][-20.6282,1.757,1.243][-0.0271,0.0878,0.9958][0.385,0.5548,0][-25.8994,0.8744,1.243][-0.0411,-0.1737,0.9839][0.5036,0.5747,0][-24.6396,0.1548,1.243][-0.1259,-0.0865,0.9883][0.1261,0.7812,0][-23.1072,-1.3942,1.243][-0.068,-0.0637,0.9956][0.1592,0.7478,0][-20.6282,1.757,1.243][-0.0271,0.0878,0.9958][0.2126,0.8158,0][-25.9608,0.577,1.1018][-0.061,-0.2448,0.9677][0.0093,0.7602,0][-25.8994,0.8744,1.243][-0.0411,-0.1737,0.9839][0.0067,0.7612,0][-26.9108,0.5358,1.1018][0.0441,-0.2423,0.9692][0.0082,0.7514,0][-25.8994,0.8744,1.243][-0.0411,-0.1737,0.9839][0.5036,0.5747,0][-26.9806,1.7438,1.243][-0.0062,0.1666,0.986][0.5279,0.5551,0][-26.9416,0.8172,1.243][0.0362,-0.2097,0.9771][0.527,0.576,0][-26.9416,0.8172,1.243][0.0362,-0.2097,0.9771][0.0056,0.7516,0][-26.9108,0.5358,1.1018][0.0441,-0.2423,0.9692][0.0082,0.7514,0][-25.8994,0.8744,1.243][-0.0411,-0.1737,0.9839][0.0067,0.7612,0][-26.9806,1.7438,1.243][-0.0062,0.1666,0.986][0.5279,0.5551,0][-25.8994,0.8744,1.243][-0.0411,-0.1737,0.9839][0.5036,0.5747,0][-20.6282,1.757,1.243][-0.0271,0.0878,0.9958][0.385,0.5548,0][-19.9168,2.4152,1.122][-0.1247,0.307,0.9435][0.369,0.54,0][-26.9806,1.7438,1.243][-0.0062,0.1666,0.986][0.5279,0.5551,0][-20.6282,1.757,1.243][-0.0271,0.0878,0.9958][0.385,0.5548,0][-47.4742,1.712,1.2426][-0.6668,0.4385,0.6026][0.989,0.5558,0][-28.1416,0.4602,1.243][0.0921,-0.1741,0.9804][0.554,0.584,0][-26.9806,1.7438,1.243][-0.0062,0.1666,0.986][0.5279,0.5551,0][-26.9416,0.8172,1.243][0.0362,-0.2097,0.9771][0.527,0.576,0][-26.9806,1.7438,1.243][-0.0062,0.1666,0.986][0.5279,0.5551,0][-28.1416,0.4602,1.243][0.0921,-0.1741,0.9804][0.554,0.584,0][-26.9806,1.7438,1.243][-0.0062,0.1666,0.986][0.5279,0.5551,0][-43.4144,3.0526,0.5648][-0.1173,0.865,0.4878][0.8977,0.5257,0][-47.4742,1.712,1.2426][-0.6668,0.4385,0.6026][0.989,0.5558,0][-26.9806,1.7438,1.243][-0.0062,0.1666,0.986][0.5279,0.5551,0][-19.9168,2.4152,1.122][-0.1247,0.307,0.9435][0.369,0.54,0][-19.9922,3.9644,0.5652][0.2266,0.8418,0.4899][0.3707,0.5052,0][-43.4144,3.0526,0.5648][-0.1173,0.865,0.4878][0.8977,0.5257,0][-26.9806,1.7438,1.243][-0.0062,0.1666,0.986][0.5279,0.5551,0][-19.9922,3.9644,0.5652][0.2266,0.8418,0.4899][0.3707,0.5052,0][-19.9922,3.9644,0.5652][0.2266,0.8418,0.4899][0.6267,0.8371,0][-43.414,3.0524,-0.5652][-0.1172,0.8651,-0.4877][0.9364,0.8219,0][-43.4144,3.0526,0.5648][-0.1173,0.865,0.4878][0.9364,0.8371,0][-43.4144,3.0526,0.5648][-0.1173,0.865,0.4878][0.9364,0.8371,0][-43.414,3.0524,-0.5652][-0.1172,0.8651,-0.4877][0.9364,0.8219,0][-47.4742,1.712,1.2426][-0.6668,0.4385,0.6026][0.9909,0.8462,0][-47.4736,1.7122,-1.2444][-0.6666,0.4386,-0.6028][0.989,0.5558,0][-43.414,3.0524,-0.5652][-0.1172,0.8651,-0.4877][0.8976,0.5257,0][-26.9192,1.744,-1.2434][-0.0062,0.1664,-0.986][0.5265,0.5551,0][-19.9918,3.9644,-0.5648][0.2267,0.8419,-0.4897][0.3706,0.5052,0][-26.9192,1.744,-1.2434][-0.0062,0.1664,-0.986][0.5265,0.5551,0][-43.414,3.0524,-0.5652][-0.1172,0.8651,-0.4877][0.8976,0.5257,0][-43.414,3.0524,-0.5652][-0.1172,0.8651,-0.4877][0.9364,0.8219,0][-19.9922,3.9644,0.5652][0.2266,0.8418,0.4899][0.6267,0.8371,0][-19.9918,3.9644,-0.5648][0.2267,0.8419,-0.4897][0.6267,0.8219,0][-47.4736,1.7122,-1.2444][-0.6666,0.4386,-0.6028][0.9909,0.8128,0][-47.4742,1.712,1.2426][-0.6668,0.4385,0.6026][0.9909,0.8462,0][-43.414,3.0524,-0.5652][-0.1172,0.8651,-0.4877][0.9364,0.8219,0][-19.9918,3.9644,-0.5648][0.2267,0.8419,-0.4897][0.3706,0.5052,0][-19.917,2.4148,-1.1222][-0.1244,0.3071,-0.9435][0.369,0.54,0][-26.9192,1.744,-1.2434][-0.0062,0.1664,-0.986][0.5265,0.5551,0][-19.917,2.4148,-1.1222][-0.1244,0.3071,-0.9435][0.369,0.54,0][-19.9918,3.9644,-0.5648][0.2267,0.8419,-0.4897][0.3706,0.5052,0][-19.2192,3.0608,-1.0034][-0.1155,0.5183,-0.8474][0.3533,0.5255,0][-19.1484,3.2622,-0.863][0.183,0.8181,-0.5452][0.3517,0.521,0][-19.2192,3.0608,-1.0034][-0.1155,0.5183,-0.8474][0.3533,0.5255,0][-19.9918,3.9644,-0.5648][0.2267,0.8419,-0.4897][0.3706,0.5052,0][-19.9918,3.9644,-0.5648][0.2267,0.8419,-0.4897][0.6267,0.8219,0][-19.9922,3.9644,0.5652][0.2266,0.8418,0.4899][0.6267,0.8371,0][-19.1484,3.2622,-0.863][0.183,0.8181,-0.5452][0.6153,0.8179,0][-19.1484,3.2622,-0.863][0.183,0.8181,-0.5452][0.2457,0.8991,0][-12.4388,3.2622,-1.017][0.1609,0.9436,0.2894][0.3897,0.9024,0][-11.3024,3.089,-1.3498][-0.0106,0.789,-0.6143][0.4141,0.9134,0][-11.3024,3.089,-1.3498][-0.0106,0.789,-0.6143][0.4116,0.8445,0][-19.2192,3.0608,-1.0034][-0.1155,0.5183,-0.8474][0.243,0.8439,0][-19.1484,3.2622,-0.863][0.183,0.8181,-0.5452][0.2446,0.8482,0][-19.1486,3.2622,0.863][0.1832,0.8181,0.5452][0.2457,0.8621,0][-12.6652,3.2622,0.8938][0.3837,0.8921,-0.2385][0.3849,0.8614,0][-19.1484,3.2622,-0.863][0.183,0.8181,-0.5452][0.2457,0.8991,0][-19.1486,3.2622,0.863][0.1832,0.8181,0.5452][0.6153,0.8411,0][-19.1484,3.2622,-0.863][0.183,0.8181,-0.5452][0.6153,0.8179,0][-19.9922,3.9644,0.5652][0.2266,0.8418,0.4899][0.6267,0.8371,0][-12.4388,3.2622,-1.017][0.1609,0.9436,0.2894][0.3897,0.9024,0][-19.1484,3.2622,-0.863][0.183,0.8181,-0.5452][0.2457,0.8991,0][-12.665,3.2622,-0.894][0.3835,0.8922,0.2386][0.3849,0.8998,0][-12.665,3.2622,-0.894][0.3835,0.8922,0.2386][0.3849,0.8998,0][-19.1484,3.2622,-0.863][0.183,0.8181,-0.5452][0.2457,0.8991,0][-12.6652,3.2622,0.8938][0.3837,0.8921,-0.2385][0.3849,0.8614,0][-12.6652,3.2622,0.8938][0.3837,0.8921,-0.2385][0.2433,0.4786,0][-12.2724,1.0022,0.4724][0.6958,0.2779,-0.6623][0.2433,0.4786,0][-12.665,3.2622,-0.894][0.3835,0.8922,0.2386][0.2419,0.4948,0][-12.274,1.0022,-0.4724][0.6969,0.2779,0.6611][0.2419,0.4948,0][-12.665,3.2622,-0.894][0.3835,0.8922,0.2386][0.2419,0.4948,0][-12.2724,1.0022,0.4724][0.6958,0.2779,-0.6623][0.2433,0.4786,0][-12.665,3.2622,-0.894][0.3835,0.8922,0.2386][0.2419,0.4948,0][-12.274,1.0022,-0.4724][0.6969,0.2779,0.6611][0.2419,0.4948,0][-12.4388,3.2622,-1.017][0.1609,0.9436,0.2894][0.2417,0.4969,0][-12.4388,3.2622,-1.017][0.1609,0.9436,0.2894][0.2447,0.4969,0][-12.274,1.0022,-0.4724][0.6969,0.2779,0.6611][0.2447,0.4969,0][-11.296,3.2622,-1.017][-0.001,0.9099,0.4147][0.2582,0.4969,0][-11.296,3.2622,-1.017][-0.001,0.9099,0.4147][0.2582,0.4969,0][-12.274,1.0022,-0.4724][0.6969,0.2779,0.6611][0.2582,0.4969,0][-6.5118,3.2622,-1.017][-0.0936,0.9188,0.3835][0.3368,0.4971,0][-6.604,1.0022,-0.4728][-0.6709,0.3159,0.6709][0.3368,0.4971,0][-6.5118,3.2622,-1.017][-0.0936,0.9188,0.3835][0.3368,0.4971,0][-12.274,1.0022,-0.4724][0.6969,0.2779,0.6611][0.2582,0.4969,0][-6.1202,3.2622,-0.791][-0.4681,0.8409,0.2716][0.3421,0.4948,0][-6.604,1.0022,-0.4728][-0.6709,0.3159,0.6709][0.3421,0.4948,0][-6.0598,3.2622,-0.565][-0.5788,0.8119,0.0764][0.347,0.4927,0][-6.1202,3.2622,-0.791][-0.4681,0.8409,0.2716][0.3421,0.4948,0][-6.2858,3.2622,-0.9564][-0.2717,0.8407,0.4684][0.3396,0.4959,0][-6.604,1.0022,-0.4728][-0.6709,0.3159,0.6709][0.3396,0.4959,0][-6.5118,3.2622,-1.017][-0.0936,0.9188,0.3835][0.3368,0.4971,0][-6.604,1.0022,-0.4728][-0.6709,0.3159,0.6709][0.3368,0.4971,0][-6.2858,3.2622,-0.9564][-0.2717,0.8407,0.4684][0.3396,0.4959,0][-6.0598,3.2622,-0.565][-0.5788,0.8119,0.0764][0.347,0.4927,0][-6.604,1.0022,-0.4728][-0.6709,0.3159,0.6709][0.347,0.4927,0][-6.0598,3.2622,0.565][-0.5788,0.8119,-0.0764][0.348,0.4806,0][-6.604,1.0022,0.4728][-0.6709,0.3159,-0.6709][0.348,0.4806,0][-6.0598,3.2622,0.565][-0.5788,0.8119,-0.0764][0.348,0.4806,0][-6.604,1.0022,-0.4728][-0.6709,0.3159,0.6709][0.347,0.4927,0][-6.0598,3.2622,0.565][-0.5788,0.8119,-0.0764][0.348,0.4806,0][-6.604,1.0022,0.4728][-0.6709,0.3159,-0.6709][0.348,0.4806,0][-6.1202,3.2622,0.791][-0.4681,0.8409,-0.2716][0.344,0.4782,0][-6.1202,3.2622,0.791][-0.4681,0.8409,-0.2716][0.5253,0.8636,0][-5.8468,3.2622,1.017][-0.4802,0.8346,0.2701][0.5312,0.8588,0][-6.0598,3.2622,0.565][-0.5788,0.8119,-0.0764][0.5266,0.8685,0][-5.8468,3.2622,-0][-0.5502,0.8351,-0][0.5312,0.8807,0][-6.0598,3.2622,0.565][-0.5788,0.8119,-0.0764][0.5266,0.8685,0][-5.8468,3.2622,1.017][-0.4802,0.8346,0.2701][0.5312,0.8588,0][-6.0598,3.2622,0.565][-0.5788,0.8119,-0.0764][0.5266,0.8685,0][-5.8468,3.2622,-0][-0.5502,0.8351,-0][0.5312,0.8807,0][-6.0598,3.2622,-0.565][-0.5788,0.8119,0.0764][0.5266,0.8927,0][-5.6896,3.6282,0.0002][-0.7503,0.6611,0.0008][0.2301,0.4879,0][-5.8468,3.2622,1.017][-0.4802,0.8346,0.2701][0.2144,0.4621,0][-5.692,3.4958,1.0566][-0.6819,0.6647,0.3051][0.2299,0.4642,0][-5.8468,3.2622,1.017][-0.4802,0.8346,0.2701][0.2144,0.4621,0][-5.6896,3.6282,0.0002][-0.7503,0.6611,0.0008][0.2301,0.4879,0][-5.8468,3.2622,-0][-0.5502,0.8351,-0][0.2144,0.4879,0][-5.8468,3.2622,1.017][-0.4802,0.8346,0.2701][0.5312,0.8588,0][-6.1202,3.2622,0.791][-0.4681,0.8409,-0.2716][0.5253,0.8636,0][-6.0598,3.2622,1.017][-0,0.9756,0.2195][0.5266,0.8588,0][-5.759,3.1044,1.35][-0.4474,0.6928,0.5656][0.2183,0.4532,0][-5.692,3.4958,1.0566][-0.6819,0.6647,0.3051][0.2299,0.4642,0][-5.8468,3.2622,1.017][-0.4802,0.8346,0.2701][0.2144,0.4621,0][-6.0598,3.2622,1.017][-0,0.9756,0.2195][0.5266,0.8588,0][-5.759,3.1044,1.35][-0.4474,0.6928,0.5656][0.536,0.8478,0][-5.8468,3.2622,1.017][-0.4802,0.8346,0.2701][0.5312,0.8588,0][-11.296,3.2622,1.017][-0.0009,0.9099,-0.4147][0.4142,0.8588,0][-5.759,3.1044,1.35][-0.4474,0.6928,0.5656][0.536,0.8478,0][-6.5118,3.2622,1.017][-0.0936,0.9188,-0.3835][0.5169,0.8588,0][-5.759,3.1044,1.35][-0.4474,0.6928,0.5656][0.536,0.8478,0][-11.296,3.2622,1.017][-0.0009,0.9099,-0.4147][0.4142,0.8588,0][-11.3024,3.089,1.3498][-0.0106,0.7903,0.6126][0.4141,0.8478,0][-11.3024,3.089,1.3498][-0.0106,0.7903,0.6126][0.4116,0.8445,0][-5.692,2.943,1.5482][-0.4359,0.4998,0.7485][0.5363,0.8413,0][-5.759,3.1044,1.35][-0.4474,0.6928,0.5656][0.5363,0.8448,0][-5.692,2.943,1.5482][-0.4359,0.4998,0.7485][0.2183,0.45,0][-5.6494,3.157,1.4842][-0.638,0.4921,0.5922][0.2317,0.4527,0][-5.759,3.1044,1.35][-0.4474,0.6928,0.5656][0.2183,0.4532,0][-5.759,3.1044,1.35][-0.4474,0.6928,0.5656][0.536,0.8478,0][-6.0598,3.2622,1.017][-0,0.9756,0.2195][0.5266,0.8588,0][-6.5118,3.2622,1.017][-0.0936,0.9188,-0.3835][0.5169,0.8588,0][-5.692,3.4958,1.0566][-0.6819,0.6647,0.3051][0.2299,0.4642,0][-5.759,3.1044,1.35][-0.4474,0.6928,0.5656][0.2183,0.4532,0][-5.6494,3.157,1.4842][-0.638,0.4921,0.5922][0.2317,0.4527,0][-5.5944,2.9744,1.6398][-0.6166,0.4024,0.6767][0.231,0.4496,0][-5.4188,3.1862,1.6272][-0.2513,0.6265,0.7378][0.2459,0.4522,0][-5.6494,3.157,1.4842][-0.638,0.4921,0.5922][0.2317,0.4527,0][-5.6494,3.157,1.4842][-0.638,0.4921,0.5922][0.2317,0.4527,0][-5.692,2.943,1.5482][-0.4359,0.4998,0.7485][0.2183,0.45,0][-5.5944,2.9744,1.6398][-0.6166,0.4024,0.6767][0.231,0.4496,0][-5.419,3.6674,1.0976][-0.2637,0.8796,0.396][0.2459,0.4663,0][-5.6494,3.157,1.4842][-0.638,0.4921,0.5922][0.2317,0.4527,0][-5.4188,3.1862,1.6272][-0.2513,0.6265,0.7378][0.2459,0.4522,0][-5.6494,3.157,1.4842][-0.638,0.4921,0.5922][0.2317,0.4527,0][-5.419,3.6674,1.0976][-0.2637,0.8796,0.396][0.2459,0.4663,0][-5.692,3.4958,1.0566][-0.6819,0.6647,0.3051][0.2299,0.4642,0][-5.4188,3.1862,1.6272][-0.2513,0.6265,0.7378][0.2459,0.4522,0][32.879,3.662,1.0936][0.3155,0.8705,0.3778][0.9541,0.4663,0][-5.419,3.6674,1.0976][-0.2637,0.8796,0.396][0.2459,0.4663,0][-5.4194,3.8104,0.0004][-0.2838,0.9589,0.0006][0.2459,0.4879,0][-5.692,3.4958,1.0566][-0.6819,0.6647,0.3051][0.2299,0.4642,0][-5.419,3.6674,1.0976][-0.2637,0.8796,0.396][0.2459,0.4663,0][-5.419,3.6674,1.0976][-0.2637,0.8796,0.396][0.2459,0.4663,0][32.6942,3.808,0.0004][0.2191,0.9757,-0.0007][0.9504,0.4879,0][-5.4194,3.8104,0.0004][-0.2838,0.9589,0.0006][0.2459,0.4879,0][32.6942,3.808,0.0004][0.2191,0.9757,-0.0007][0.9504,0.4879,0][-5.419,3.6674,1.0976][-0.2637,0.8796,0.396][0.2459,0.4663,0][32.879,3.662,1.0936][0.3155,0.8705,0.3778][0.9541,0.4663,0][32.879,3.662,1.0936][0.3155,0.8705,0.3778][0.9541,0.4663,0][33.8214,3.1916,-0][0.8025,0.5966,-0.0066][0.9876,0.4879,0][32.6942,3.808,0.0004][0.2191,0.9757,-0.0007][0.9504,0.4879,0][33.0494,3.189,1.6126][0.374,0.6788,0.632][0.9582,0.4523,0][33.8214,3.1916,-0][0.8025,0.5966,-0.0066][0.9876,0.4879,0][32.879,3.662,1.0936][0.3155,0.8705,0.3778][0.9541,0.4663,0][32.879,3.662,1.0936][0.3155,0.8705,0.3778][0.9541,0.4663,0][-5.4188,3.1862,1.6272][-0.2513,0.6265,0.7378][0.2459,0.4522,0][33.0494,3.189,1.6126][0.374,0.6788,0.632][0.9582,0.4523,0][33.8214,3.1916,-0][0.8025,0.5966,-0.0066][0.9876,0.4879,0][33.3984,2.451,1.9786][0.4799,0.3388,0.8093][0.9642,0.4397,0][34.3552,1.7516,-0][0.9999,-0.01,-0.0014][0.9974,0.4293,0][34.3552,1.7516,-0][0.9999,-0.01,-0.0014][0.9974,0.4293,0][33.237,2.8244,-1.854][0.4548,0.5354,-0.7117][0.9612,0.4461,0][33.8214,3.1916,-0][0.8025,0.5966,-0.0066][0.9876,0.4879,0][32.6942,3.808,0.0004][0.2191,0.9757,-0.0007][0.9504,0.4879,0][33.8214,3.1916,-0][0.8025,0.5966,-0.0066][0.9876,0.4879,0][32.8706,3.662,-1.0926][0.3112,0.8722,-0.3775][0.954,0.4663,0][33.3984,2.451,1.9786][0.4799,0.3388,0.8093][0.9642,0.4397,0][33.8214,3.1916,-0][0.8025,0.5966,-0.0066][0.9876,0.4879,0][33.2182,2.8322,1.8498][0.4226,0.5313,0.7342][0.9611,0.4462,0][33.0498,3.1884,-1.6128][0.3661,0.6846,-0.6303][0.9582,0.4523,0][33.8214,3.1916,-0][0.8025,0.5966,-0.0066][0.9876,0.4879,0][33.237,2.8244,-1.854][0.4548,0.5354,-0.7117][0.9612,0.4461,0][32.8706,3.662,-1.0926][0.3112,0.8722,-0.3775][0.954,0.4663,0][33.8214,3.1916,-0][0.8025,0.5966,-0.0066][0.9876,0.4879,0][33.0498,3.1884,-1.6128][0.3661,0.6846,-0.6303][0.9582,0.4523,0][33.2182,2.8322,1.8498][0.4226,0.5313,0.7342][0.9611,0.4462,0][33.8214,3.1916,-0][0.8025,0.5966,-0.0066][0.9876,0.4879,0][33.0494,3.189,1.6126][0.374,0.6788,0.632][0.9582,0.4523,0][33.2182,2.8322,1.8498][0.4226,0.5313,0.7342][0.9611,0.4462,0][-5.4186,2.8248,1.8742][-0.3026,0.4215,0.8548][0.2459,0.446,0][33.3984,2.451,1.9786][0.4799,0.3388,0.8093][0.9642,0.4397,0][-5.4186,2.8248,1.8742][-0.3026,0.4215,0.8548][0.2459,0.446,0][33.2182,2.8322,1.8498][0.4226,0.5313,0.7342][0.9611,0.4462,0][-5.4188,3.011,1.747][-0.2744,0.5425,0.794][0.2459,0.4492,0][33.0494,3.189,1.6126][0.374,0.6788,0.632][0.9582,0.4523,0][-5.4188,3.011,1.747][-0.2744,0.5425,0.794][0.2459,0.4492,0][33.2182,2.8322,1.8498][0.4226,0.5313,0.7342][0.9611,0.4462,0][-5.4188,3.011,1.747][-0.2744,0.5425,0.794][0.2459,0.4492,0][-5.5944,2.9744,1.6398][-0.6166,0.4024,0.6767][0.231,0.4496,0][-5.4186,2.8248,1.8742][-0.3026,0.4215,0.8548][0.2459,0.446,0][-5.4188,3.1862,1.6272][-0.2513,0.6265,0.7378][0.2459,0.4522,0][-5.5944,2.9744,1.6398][-0.6166,0.4024,0.6767][0.231,0.4496,0][-5.4188,3.011,1.747][-0.2744,0.5425,0.794][0.2459,0.4492,0][-5.4188,3.011,1.747][-0.2744,0.5425,0.794][0.2459,0.4492,0][33.0494,3.189,1.6126][0.374,0.6788,0.632][0.9582,0.4523,0][-5.4188,3.1862,1.6272][-0.2513,0.6265,0.7378][0.2459,0.4522,0][-5.4184,2.4504,2.0074][-0.3596,0.1515,0.9207][0.2459,0.4397,0][33.3984,2.451,1.9786][0.4799,0.3388,0.8093][0.9642,0.4397,0][-5.4186,2.8248,1.8742][-0.3026,0.4215,0.8548][0.2459,0.446,0][-5.5714,2.797,1.76][-0.694,0.2691,0.6678][0.2319,0.4463,0][-5.4186,2.8248,1.8742][-0.3026,0.4215,0.8548][0.2459,0.446,0][-5.5944,2.9744,1.6398][-0.6166,0.4024,0.6767][0.231,0.4496,0][-5.4186,2.8248,1.8742][-0.3026,0.4215,0.8548][0.2459,0.446,0][-5.5714,2.797,1.76][-0.694,0.2691,0.6678][0.2319,0.4463,0][-5.4184,2.4504,2.0074][-0.3596,0.1515,0.9207][0.2459,0.4397,0][-5.418,1.7158,2.0134][-0.3655,-0.1796,0.9133][0.2459,0.429,0][33.804,1.7392,1.9894][0.6132,-0.0472,0.7885][0.9719,0.4292,0][-5.4184,2.4504,2.0074][-0.3596,0.1515,0.9207][0.2459,0.4397,0][-5.4184,2.4504,2.0074][-0.3596,0.1515,0.9207][0.2459,0.4397,0][-5.5558,2.4366,1.8718][-0.7847,0.0707,0.6158][0.2311,0.4396,0][-5.418,1.7158,2.0134][-0.3655,-0.1796,0.9133][0.2459,0.429,0][-5.5558,2.4366,1.8718][-0.7847,0.0707,0.6158][0.2311,0.4396,0][-5.4184,2.4504,2.0074][-0.3596,0.1515,0.9207][0.2459,0.4397,0][-5.5714,2.797,1.76][-0.694,0.2691,0.6678][0.2319,0.4463,0][33.3984,2.451,1.9786][0.4799,0.3388,0.8093][0.9642,0.4397,0][-5.4184,2.4504,2.0074][-0.3596,0.1515,0.9207][0.2459,0.4397,0][33.804,1.7392,1.9894][0.6132,-0.0472,0.7885][0.9719,0.4292,0][33.804,1.7392,1.9894][0.6132,-0.0472,0.7885][0.9719,0.4292,0][34.3552,1.7516,-0][0.9999,-0.01,-0.0014][0.9974,0.4293,0][33.3984,2.451,1.9786][0.4799,0.3388,0.8093][0.9642,0.4397,0][34.3552,1.7516,-0][0.9999,-0.01,-0.0014][0.9974,0.4293,0][33.804,1.7392,1.9894][0.6132,-0.0472,0.7885][0.9719,0.4292,0][33.828,1.2728,1.6814][0.6161,-0.4469,0.6486][0.9719,0.4198,0][33.804,1.7392,1.9894][0.6132,-0.0472,0.7885][0.9719,0.4292,0][-5.418,1.7158,2.0134][-0.3655,-0.1796,0.9133][0.2459,0.429,0][33.828,1.2728,1.6814][0.6161,-0.4469,0.6486][0.9719,0.4198,0][33.8528,0.7954,0.006][0.7305,-0.6829,0.0012][0.9975,0.4058,0][33.828,1.2728,1.6814][0.6161,-0.4469,0.6486][0.9719,0.4198,0][33.8526,0.7954,1.3664][0.6756,-0.5915,0.4401][0.972,0.4102,0][33.8526,0.7954,1.3664][0.6756,-0.5915,0.4401][0.972,0.4102,0][33.828,1.2728,1.6814][0.6161,-0.4469,0.6486][0.9719,0.4198,0][-1.9392,0.7512,1.441][0.003,-0.8698,0.4934][0.3031,0.4106,0][-5.418,1.1894,1.7916][-0.2831,-0.507,0.8141][0.2459,0.4194,0][33.828,1.2728,1.6814][0.6161,-0.4469,0.6486][0.9719,0.4198,0][-5.418,1.7158,2.0134][-0.3655,-0.1796,0.9133][0.2459,0.429,0][-5.418,1.1894,1.7916][-0.2831,-0.507,0.8141][0.2459,0.4194,0][-1.9392,0.7512,1.441][0.003,-0.8698,0.4934][0.3031,0.4106,0][33.828,1.2728,1.6814][0.6161,-0.4469,0.6486][0.9719,0.4198,0][33.828,1.2728,1.6814][0.6161,-0.4469,0.6486][0.9719,0.4198,0][33.8528,0.7954,0.006][0.7305,-0.6829,0.0012][0.9975,0.4058,0][34.3552,1.7516,-0][0.9999,-0.01,-0.0014][0.9974,0.4293,0][33.8526,0.7954,1.3664][0.6756,-0.5915,0.4401][0.2612,0.6595,0][33.7182,0.7282,1.243][0.173,-0.9662,0.1912][0.2619,0.6587,0][33.8528,0.7954,0.006][0.7305,-0.6829,0.0012][0.2612,0.6516,0][33.7184,0.7282,-1.243][0.1737,-0.9663,-0.1901][0.2619,0.6444,0][33.8528,0.7954,0.006][0.7305,-0.6829,0.0012][0.2612,0.6516,0][33.7182,0.7282,1.243][0.173,-0.9662,0.1912][0.2619,0.6587,0][33.8528,0.7954,0.006][0.7305,-0.6829,0.0012][0.2612,0.6516,0][33.7184,0.7282,-1.243][0.1737,-0.9663,-0.1901][0.2619,0.6444,0][33.8528,0.7954,-1.3664][0.6814,-0.6013,-0.4173][0.2612,0.6437,0][33.8528,0.7954,-1.3664][0.6814,-0.6013,-0.4173][0.972,0.4102,0][33.8278,1.2714,-1.728][0.606,-0.4436,-0.6602][0.9719,0.4198,0][33.8528,0.7954,0.006][0.7305,-0.6829,0.0012][0.9975,0.4058,0][34.3552,1.7516,-0][0.9999,-0.01,-0.0014][0.9974,0.4293,0][33.8528,0.7954,0.006][0.7305,-0.6829,0.0012][0.9975,0.4058,0][33.8278,1.2714,-1.728][0.606,-0.4436,-0.6602][0.9719,0.4198,0][33.8278,1.2714,-1.728][0.606,-0.4436,-0.6602][0.9719,0.4198,0][33.8032,1.7388,-1.9894][0.6139,-0.0323,-0.7888][0.9719,0.4292,0][34.3552,1.7516,-0][0.9999,-0.01,-0.0014][0.9974,0.4293,0][-1.9392,0.751,-1.4412][0.0017,-0.8709,-0.4914][0.3031,0.4106,0][33.8278,1.2714,-1.728][0.606,-0.4436,-0.6602][0.9719,0.4198,0][33.8528,0.7954,-1.3664][0.6814,-0.6013,-0.4173][0.972,0.4102,0][33.8278,1.2714,-1.728][0.606,-0.4436,-0.6602][0.9719,0.4198,0][-1.9392,0.751,-1.4412][0.0017,-0.8709,-0.4914][0.3031,0.4106,0][-5.418,1.19,-1.792][-0.2565,-0.5228,-0.8129][0.2459,0.4195,0][-5.418,1.7158,-2.0134][-0.3481,-0.1671,-0.9224][0.2459,0.4289,0][33.8278,1.2714,-1.728][0.606,-0.4436,-0.6602][0.9719,0.4198,0][-5.418,1.19,-1.792][-0.2565,-0.5228,-0.8129][0.2459,0.4195,0][33.8278,1.2714,-1.728][0.606,-0.4436,-0.6602][0.9719,0.4198,0][-5.418,1.7158,-2.0134][-0.3481,-0.1671,-0.9224][0.2459,0.4289,0][33.8032,1.7388,-1.9894][0.6139,-0.0323,-0.7888][0.9719,0.4292,0][33.4288,2.451,-1.9894][0.5017,0.368,-0.7829][0.9643,0.4397,0][34.3552,1.7516,-0][0.9999,-0.01,-0.0014][0.9974,0.4293,0][33.8032,1.7388,-1.9894][0.6139,-0.0323,-0.7888][0.9719,0.4292,0][33.8032,1.7388,-1.9894][0.6139,-0.0323,-0.7888][0.9719,0.4292,0][-5.4184,2.451,-2.0058][-0.3482,0.1576,-0.9241][0.2459,0.4397,0][33.4288,2.451,-1.9894][0.5017,0.368,-0.7829][0.9643,0.4397,0][-5.4184,2.451,-2.0058][-0.3482,0.1576,-0.9241][0.2459,0.4397,0][33.8032,1.7388,-1.9894][0.6139,-0.0323,-0.7888][0.9719,0.4292,0][-5.418,1.7158,-2.0134][-0.3481,-0.1671,-0.9224][0.2459,0.4289,0][33.4288,2.451,-1.9894][0.5017,0.368,-0.7829][0.9643,0.4397,0][-5.4186,2.8204,-1.8708][-0.2948,0.4217,-0.8575][0.2459,0.446,0][33.237,2.8244,-1.854][0.4548,0.5354,-0.7117][0.9612,0.4461,0][-5.4186,2.8204,-1.8708][-0.2948,0.4217,-0.8575][0.2459,0.446,0][33.4288,2.451,-1.9894][0.5017,0.368,-0.7829][0.9643,0.4397,0][-5.4184,2.451,-2.0058][-0.3482,0.1576,-0.9241][0.2459,0.4397,0][33.237,2.8244,-1.854][0.4548,0.5354,-0.7117][0.9612,0.4461,0][34.3552,1.7516,-0][0.9999,-0.01,-0.0014][0.9974,0.4293,0][33.4288,2.451,-1.9894][0.5017,0.368,-0.7829][0.9643,0.4397,0][-5.5844,2.9678,-1.6542][-0.6061,0.4031,-0.6857][0.2323,0.4494,0][-5.4186,2.8204,-1.8708][-0.2948,0.4217,-0.8575][0.2459,0.446,0][-5.5678,2.7932,-1.7638][-0.6841,0.2727,-0.6765][0.2324,0.4462,0][-5.4186,2.8204,-1.8708][-0.2948,0.4217,-0.8575][0.2459,0.446,0][-5.5844,2.9678,-1.6542][-0.6061,0.4031,-0.6857][0.2323,0.4494,0][-5.4188,3.0002,-1.7508][-0.2647,0.5347,-0.8025][0.2459,0.449,0][-5.4184,2.451,-2.0058][-0.3482,0.1576,-0.9241][0.2459,0.4397,0][-5.5678,2.7932,-1.7638][-0.6841,0.2727,-0.6765][0.2324,0.4462,0][-5.4186,2.8204,-1.8708][-0.2948,0.4217,-0.8575][0.2459,0.446,0][-5.4188,3.0002,-1.7508][-0.2647,0.5347,-0.8025][0.2459,0.449,0][33.237,2.8244,-1.854][0.4548,0.5354,-0.7117][0.9612,0.4461,0][-5.4186,2.8204,-1.8708][-0.2948,0.4217,-0.8575][0.2459,0.446,0][-5.692,2.9342,-1.5546][-0.4312,0.4961,-0.7536][0.2183,0.4498,0][-5.5678,2.7932,-1.7638][-0.6841,0.2727,-0.6765][0.2324,0.4462,0][-5.6594,2.7648,-1.6522][-0.4661,0.3063,-0.83][0.2183,0.4464,0][-5.5484,2.4386,-1.8846][-0.7731,0.0773,-0.6296][0.2325,0.4396,0][-5.6594,2.7648,-1.6522][-0.4661,0.3063,-0.83][0.2183,0.4464,0][-5.5678,2.7932,-1.7638][-0.6841,0.2727,-0.6765][0.2324,0.4462,0][-5.5678,2.7932,-1.7638][-0.6841,0.2727,-0.6765][0.2324,0.4462,0][-5.4184,2.451,-2.0058][-0.3482,0.1576,-0.9241][0.2459,0.4397,0][-5.5484,2.4386,-1.8846][-0.7731,0.0773,-0.6296][0.2325,0.4396,0][-5.5678,2.7932,-1.7638][-0.6841,0.2727,-0.6765][0.2324,0.4462,0][-5.692,2.9342,-1.5546][-0.4312,0.4961,-0.7536][0.2183,0.4498,0][-5.5844,2.9678,-1.6542][-0.6061,0.4031,-0.6857][0.2323,0.4494,0][-5.759,3.1044,-1.35][-0.4456,0.6917,-0.5684][0.2183,0.4532,0][-5.6424,3.159,-1.4912][-0.6309,0.4968,-0.5959][0.2324,0.4527,0][-5.692,2.9342,-1.5546][-0.4312,0.4961,-0.7536][0.2183,0.4498,0][-5.759,3.1044,-1.35][-0.4456,0.6917,-0.5684][0.5363,0.8448,0][-5.692,2.9342,-1.5546][-0.4312,0.4961,-0.7536][0.5363,0.8412,0][-11.3024,3.089,-1.3498][-0.0106,0.789,-0.6143][0.4116,0.8445,0][-5.6594,2.7648,-1.6522][-0.4661,0.3063,-0.83][0.5363,0.8375,0][-11.3024,3.089,-1.3498][-0.0106,0.789,-0.6143][0.4116,0.8445,0][-5.692,2.9342,-1.5546][-0.4312,0.4961,-0.7536][0.5363,0.8412,0][-5.5844,2.9678,-1.6542][-0.6061,0.4031,-0.6857][0.2323,0.4494,0][-5.692,2.9342,-1.5546][-0.4312,0.4961,-0.7536][0.2183,0.4498,0][-5.6424,3.159,-1.4912][-0.6309,0.4968,-0.5959][0.2324,0.4527,0][-5.6424,3.159,-1.4912][-0.6309,0.4968,-0.5959][0.2324,0.4527,0][-5.4188,3.1862,-1.627][-0.2449,0.624,-0.7421][0.2459,0.4522,0][-5.5844,2.9678,-1.6542][-0.6061,0.4031,-0.6857][0.2323,0.4494,0][-5.6838,3.505,-1.0584][-0.6754,0.6703,-0.3076][0.2306,0.4643,0][-5.419,3.6674,-1.0976][-0.2591,0.8806,-0.3967][0.2459,0.4663,0][-5.6424,3.159,-1.4912][-0.6309,0.4968,-0.5959][0.2324,0.4527,0][-5.6424,3.159,-1.4912][-0.6309,0.4968,-0.5959][0.2324,0.4527,0][-5.759,3.1044,-1.35][-0.4456,0.6917,-0.5684][0.2183,0.4532,0][-5.6838,3.505,-1.0584][-0.6754,0.6703,-0.3076][0.2306,0.4643,0][-5.4188,3.1862,-1.627][-0.2449,0.624,-0.7421][0.2459,0.4522,0][-5.6424,3.159,-1.4912][-0.6309,0.4968,-0.5959][0.2324,0.4527,0][-5.419,3.6674,-1.0976][-0.2591,0.8806,-0.3967][0.2459,0.4663,0][-5.4188,3.0002,-1.7508][-0.2647,0.5347,-0.8025][0.2459,0.449,0][-5.5844,2.9678,-1.6542][-0.6061,0.4031,-0.6857][0.2323,0.4494,0][-5.4188,3.1862,-1.627][-0.2449,0.624,-0.7421][0.2459,0.4522,0][-5.419,3.6674,-1.0976][-0.2591,0.8806,-0.3967][0.2459,0.4663,0][33.0498,3.1884,-1.6128][0.3661,0.6846,-0.6303][0.9582,0.4523,0][-5.4188,3.1862,-1.627][-0.2449,0.624,-0.7421][0.2459,0.4522,0][-5.4188,3.1862,-1.627][-0.2449,0.624,-0.7421][0.2459,0.4522,0][33.0498,3.1884,-1.6128][0.3661,0.6846,-0.6303][0.9582,0.4523,0][-5.4188,3.0002,-1.7508][-0.2647,0.5347,-0.8025][0.2459,0.449,0][-5.4194,3.8104,0.0004][-0.2838,0.9589,0.0006][0.2459,0.4879,0][32.8706,3.662,-1.0926][0.3112,0.8722,-0.3775][0.954,0.4663,0][-5.419,3.6674,-1.0976][-0.2591,0.8806,-0.3967][0.2459,0.4663,0][-5.419,3.6674,-1.0976][-0.2591,0.8806,-0.3967][0.2459,0.4663,0][-5.6838,3.505,-1.0584][-0.6754,0.6703,-0.3076][0.2306,0.4643,0][-5.4194,3.8104,0.0004][-0.2838,0.9589,0.0006][0.2459,0.4879,0][33.0498,3.1884,-1.6128][0.3661,0.6846,-0.6303][0.9582,0.4523,0][-5.419,3.6674,-1.0976][-0.2591,0.8806,-0.3967][0.2459,0.4663,0][32.8706,3.662,-1.0926][0.3112,0.8722,-0.3775][0.954,0.4663,0][-5.8468,3.2622,-1.017][-0.4778,0.8358,-0.2704][0.2144,0.4621,0][-5.6838,3.505,-1.0584][-0.6754,0.6703,-0.3076][0.2306,0.4643,0][-5.759,3.1044,-1.35][-0.4456,0.6917,-0.5684][0.2183,0.4532,0][-5.6838,3.505,-1.0584][-0.6754,0.6703,-0.3076][0.2306,0.4643,0][-5.8468,3.2622,-1.017][-0.4778,0.8358,-0.2704][0.2144,0.4621,0][-5.6896,3.6282,0.0002][-0.7503,0.6611,0.0008][0.2301,0.4879,0][-5.6896,3.6282,0.0002][-0.7503,0.6611,0.0008][0.2301,0.4879,0][-5.4194,3.8104,0.0004][-0.2838,0.9589,0.0006][0.2459,0.4879,0][-5.6838,3.505,-1.0584][-0.6754,0.6703,-0.3076][0.2306,0.4643,0][-5.759,3.1044,-1.35][-0.4456,0.6917,-0.5684][0.536,0.9134,0][-6.0598,3.2622,-1.017][-0,0.9756,-0.2195][0.5266,0.9024,0][-5.8468,3.2622,-1.017][-0.4778,0.8358,-0.2704][0.5312,0.9024,0][-5.8468,3.2622,-0][-0.5502,0.8351,-0][0.2144,0.4879,0][-5.6896,3.6282,0.0002][-0.7503,0.6611,0.0008][0.2301,0.4879,0][-5.8468,3.2622,-1.017][-0.4778,0.8358,-0.2704][0.2144,0.4621,0][-5.8468,3.2622,-1.017][-0.4778,0.8358,-0.2704][0.5312,0.9024,0][-6.0598,3.2622,-0.565][-0.5788,0.8119,0.0764][0.5266,0.8927,0][-5.8468,3.2622,-0][-0.5502,0.8351,-0][0.5312,0.8807,0][-6.0598,3.2622,-1.017][-0,0.9756,-0.2195][0.5266,0.9024,0][-6.1202,3.2622,-0.791][-0.4681,0.8409,0.2716][0.5253,0.8976,0][-5.8468,3.2622,-1.017][-0.4778,0.8358,-0.2704][0.5312,0.9024,0][-6.0598,3.2622,-0.565][-0.5788,0.8119,0.0764][0.5266,0.8927,0][-5.8468,3.2622,-1.017][-0.4778,0.8358,-0.2704][0.5312,0.9024,0][-6.1202,3.2622,-0.791][-0.4681,0.8409,0.2716][0.5253,0.8976,0][-6.1202,3.2622,-0.791][-0.4681,0.8409,0.2716][0.5253,0.8976,0][-6.0598,3.2622,-1.017][-0,0.9756,-0.2195][0.5266,0.9024,0][-6.2858,3.2622,-0.9564][-0.2717,0.8407,0.4684][0.5218,0.9011,0][-6.0598,3.2622,-1.017][-0,0.9756,-0.2195][0.5266,0.9024,0][-5.759,3.1044,-1.35][-0.4456,0.6917,-0.5684][0.536,0.9134,0][-6.5118,3.2622,-1.017][-0.0936,0.9188,0.3835][0.5169,0.9024,0][-6.5118,3.2622,-1.017][-0.0936,0.9188,0.3835][0.5169,0.9024,0][-6.2858,3.2622,-0.9564][-0.2717,0.8407,0.4684][0.5218,0.9011,0][-6.0598,3.2622,-1.017][-0,0.9756,-0.2195][0.5266,0.9024,0][-11.3024,3.089,-1.3498][-0.0106,0.789,-0.6143][0.4141,0.9134,0][-11.296,3.2622,-1.017][-0.001,0.9099,0.4147][0.4142,0.9024,0][-5.759,3.1044,-1.35][-0.4456,0.6917,-0.5684][0.536,0.9134,0][-6.5118,3.2622,-1.017][-0.0936,0.9188,0.3835][0.5169,0.9024,0][-5.759,3.1044,-1.35][-0.4456,0.6917,-0.5684][0.536,0.9134,0][-11.296,3.2622,-1.017][-0.001,0.9099,0.4147][0.4142,0.9024,0][-5.5484,2.4386,-1.8846][-0.7731,0.0773,-0.6296][0.2325,0.4396,0][-5.4184,2.451,-2.0058][-0.3482,0.1576,-0.9241][0.2459,0.4397,0][-5.547,1.7324,-1.8904][-0.7826,-0.0829,-0.617][0.2328,0.429,0][-5.547,1.7324,-1.8904][-0.7826,-0.0829,-0.617][0.2328,0.429,0][-5.6208,1.7504,-1.756][-0.5243,-0.0801,-0.8478][0.2183,0.429,0][-5.5484,2.4386,-1.8846][-0.7731,0.0773,-0.6296][0.2325,0.4396,0][-5.6212,2.4254,-1.756][-0.5395,0.0932,-0.8368][0.2183,0.4396,0][-5.5484,2.4386,-1.8846][-0.7731,0.0773,-0.6296][0.2325,0.4396,0][-5.6208,1.7504,-1.756][-0.5243,-0.0801,-0.8478][0.2183,0.429,0][-5.6594,2.7648,-1.6522][-0.4661,0.3063,-0.83][0.2183,0.4464,0][-5.5484,2.4386,-1.8846][-0.7731,0.0773,-0.6296][0.2325,0.4396,0][-5.6212,2.4254,-1.756][-0.5395,0.0932,-0.8368][0.2183,0.4396,0][-5.6212,2.4254,-1.756][-0.5395,0.0932,-0.8368][0.5363,0.8302,0][-11.3024,2.7576,-1.6518][-0.0146,0.4996,-0.8661][0.4116,0.8373,0][-5.6594,2.7648,-1.6522][-0.4661,0.3063,-0.83][0.5363,0.8375,0][-11.3024,2.7576,-1.6518][-0.0146,0.4996,-0.8661][0.4116,0.8373,0][-5.6212,2.4254,-1.756][-0.5395,0.0932,-0.8368][0.5363,0.8302,0][-11.3024,2.425,-1.756][-0.0112,0.151,-0.9885][0.4116,0.8302,0][-5.6208,1.7504,-1.756][-0.5243,-0.0801,-0.8478][0.5364,0.8156,0][-11.3024,2.425,-1.756][-0.0112,0.151,-0.9885][0.4116,0.8302,0][-5.6212,2.4254,-1.756][-0.5395,0.0932,-0.8368][0.5363,0.8302,0][-11.3024,2.425,-1.756][-0.0112,0.151,-0.9885][0.4116,0.8302,0][-5.6208,1.7504,-1.756][-0.5243,-0.0801,-0.8478][0.5364,0.8156,0][-11.3024,1.7504,-1.756][-0.0121,-0.2214,-0.9751][0.4116,0.8156,0][-11.3024,1.7504,-1.756][-0.0121,-0.2214,-0.9751][0.4116,0.8156,0][-18.202,2.425,-1.6][-0.113,0.2211,-0.9687][0.2661,0.8302,0][-11.3024,2.425,-1.756][-0.0112,0.151,-0.9885][0.4116,0.8302,0][-11.3024,2.425,-1.756][-0.0112,0.151,-0.9885][0.4116,0.8302,0][-18.202,2.425,-1.6][-0.113,0.2211,-0.9687][0.2661,0.8302,0][-11.3024,2.7576,-1.6518][-0.0146,0.4996,-0.8661][0.4116,0.8373,0][-18.202,2.425,-1.6][-0.113,0.2211,-0.9687][0.2661,0.8302,0][-18.2022,1.754,-1.6][-0.1077,-0.144,-0.9837][0.2661,0.8157,0][-19.917,2.4148,-1.1222][-0.1244,0.3071,-0.9435][0.228,0.8299,0][-19.917,2.4148,-1.1222][-0.1244,0.3071,-0.9435][0.228,0.8299,0][-18.704,2.7388,-1.4048][-0.1647,0.5003,-0.85][0.2547,0.8369,0][-18.202,2.425,-1.6][-0.113,0.2211,-0.9687][0.2661,0.8302,0][-18.2022,1.754,-1.6][-0.1077,-0.144,-0.9837][0.2661,0.8157,0][-18.202,2.425,-1.6][-0.113,0.2211,-0.9687][0.2661,0.8302,0][-11.3024,1.7504,-1.756][-0.0121,-0.2214,-0.9751][0.4116,0.8156,0][-11.3024,2.7576,-1.6518][-0.0146,0.4996,-0.8661][0.4116,0.8373,0][-18.202,2.425,-1.6][-0.113,0.2211,-0.9687][0.2661,0.8302,0][-18.704,2.7388,-1.4048][-0.1647,0.5003,-0.85][0.2547,0.8369,0][-19.2192,3.0608,-1.0034][-0.1155,0.5183,-0.8474][0.243,0.8439,0][-18.704,2.7388,-1.4048][-0.1647,0.5003,-0.85][0.2547,0.8369,0][-19.917,2.4148,-1.1222][-0.1244,0.3071,-0.9435][0.228,0.8299,0][-18.704,2.7388,-1.4048][-0.1647,0.5003,-0.85][0.2547,0.8369,0][-19.2192,3.0608,-1.0034][-0.1155,0.5183,-0.8474][0.243,0.8439,0][-11.3024,2.7576,-1.6518][-0.0146,0.4996,-0.8661][0.4116,0.8373,0][-19.917,2.4148,-1.1222][-0.1244,0.3071,-0.9435][0.228,0.8299,0][-18.2022,1.754,-1.6][-0.1077,-0.144,-0.9837][0.2661,0.8157,0][-20.6278,1.757,-1.243][-0.0271,0.0877,-0.9958][0.2126,0.8158,0][-11.3024,1.7504,-1.756][-0.0121,-0.2214,-0.9751][0.4116,0.8156,0][-18.2022,0.7118,-1.243][-0.0313,-0.1466,-0.9887][0.2661,0.7932,0][-18.2022,1.754,-1.6][-0.1077,-0.144,-0.9837][0.2661,0.8157,0][-20.6278,1.757,-1.243][-0.0271,0.0877,-0.9958][0.2126,0.8158,0][-18.2022,1.754,-1.6][-0.1077,-0.144,-0.9837][0.2661,0.8157,0][-18.2022,0.7118,-1.243][-0.0313,-0.1466,-0.9887][0.2661,0.7932,0][-11.3018,-2.097,-1.243][-0,-0.3126,-0.9499][0.4116,0.7326,0][-18.2022,0.7118,-1.243][-0.0313,-0.1466,-0.9887][0.2661,0.7932,0][-11.3032,0.7188,-1.243][-0.0056,-0.2324,-0.9726][0.4115,0.7934,0][-11.3032,0.7188,-1.243][-0.0056,-0.2324,-0.9726][0.4115,0.7934,0][-18.2022,0.7118,-1.243][-0.0313,-0.1466,-0.9887][0.2661,0.7932,0][-11.3024,1.7504,-1.756][-0.0121,-0.2214,-0.9751][0.4116,0.8156,0][-18.2022,0.7118,-1.243][-0.0313,-0.1466,-0.9887][0.2661,0.7932,0][-23.1062,-1.3934,-1.243][-0.0679,-0.0636,-0.9957][0.1592,0.7478,0][-20.6278,1.757,-1.243][-0.0271,0.0877,-0.9958][0.2126,0.8158,0][-23.1062,-1.3934,-1.243][-0.0679,-0.0636,-0.9957][0.1592,0.7478,0][-18.2022,0.7118,-1.243][-0.0313,-0.1466,-0.9887][0.2661,0.7932,0][-18.2022,-2.097,-1.243][0.0719,-0.2501,-0.9655][0.2661,0.7326,0][-18.2022,-2.097,-1.243][0.0719,-0.2501,-0.9655][0.2661,0.7326,0][-18.2022,0.7118,-1.243][-0.0313,-0.1466,-0.9887][0.2661,0.7932,0][-11.3018,-2.097,-1.243][-0,-0.3126,-0.9499][0.4116,0.7326,0][-1.9392,-2.8562,-0.6826][-0,-0.8928,-0.4504][0.6141,0.7162,0][-11.3018,-2.097,-1.243][-0,-0.3126,-0.9499][0.4116,0.7326,0][-1.9392,-2.097,-1.243][-0,-0.3126,-0.9499][0.6141,0.7326,0][-11.3018,-2.8562,-0.6826][-0,-0.8928,-0.4504][0.4116,0.7162,0][-11.3018,-2.097,-1.243][-0,-0.3126,-0.9499][0.4116,0.7326,0][-1.9392,-2.8562,-0.6826][-0,-0.8928,-0.4504][0.6141,0.7162,0][-18.2022,-2.8562,-0.6826][0.0903,-0.9191,-0.3835][0.2661,0.7162,0][-11.3018,-2.097,-1.243][-0,-0.3126,-0.9499][0.4116,0.7326,0][-11.3018,-2.8562,-0.6826][-0,-0.8928,-0.4504][0.4116,0.7162,0][-11.3018,-2.097,-1.243][-0,-0.3126,-0.9499][0.4116,0.7326,0][-18.2022,-2.8562,-0.6826][0.0903,-0.9191,-0.3835][0.2661,0.7162,0][-18.2022,-2.097,-1.243][0.0719,-0.2501,-0.9655][0.2661,0.7326,0][-11.3032,0.7188,-1.243][-0.0056,-0.2324,-0.9726][0.4115,0.7934,0][-9.2348,-1.2022,-1.243][0.2795,0.0442,-0.9591][0.4584,0.7519,0][-11.3018,-2.097,-1.243][-0,-0.3126,-0.9499][0.4116,0.7326,0][-9.1394,-1.496,-1.243][0.1992,0.1446,-0.9692][0.4605,0.7456,0][-11.3018,-2.097,-1.243][-0,-0.3126,-0.9499][0.4116,0.7326,0][-9.2348,-1.2022,-1.243][0.2795,0.0442,-0.9591][0.4584,0.7519,0][-11.3018,-2.097,-1.243][-0,-0.3126,-0.9499][0.4116,0.7326,0][-9.1394,-1.496,-1.243][0.1992,0.1446,-0.9692][0.4605,0.7456,0][-8.8894,-1.6778,-1.243][0.0761,0.234,-0.9692][0.4658,0.7417,0][-8.8894,-1.6778,-1.243][0.0761,0.234,-0.9692][0.4658,0.7417,0][-1.9392,-2.097,-1.243][-0,-0.3126,-0.9499][0.6141,0.7326,0][-11.3018,-2.097,-1.243][-0,-0.3126,-0.9499][0.4116,0.7326,0][-8.8894,-1.6778,-1.243][0.0761,0.234,-0.9692][0.4658,0.7417,0][-8.8486,-1.5528,-1.15][0.1099,0.3384,-0.9346][0.4667,0.7444,0][-1.9392,-1.6778,-1.243][-0,0.3139,-0.9495][0.6141,0.7417,0][-8.8486,-1.5528,-1.15][0.1099,0.3384,-0.9346][0.4667,0.7444,0][-8.8894,-1.6778,-1.243][0.0761,0.234,-0.9692][0.4658,0.7417,0][-9.033,-1.4188,-1.15][0.2879,0.2091,-0.9345][0.4627,0.7473,0][-9.1394,-1.496,-1.243][0.1992,0.1446,-0.9692][0.4605,0.7456,0][-9.033,-1.4188,-1.15][0.2879,0.2091,-0.9345][0.4627,0.7473,0][-8.8894,-1.6778,-1.243][0.0761,0.234,-0.9692][0.4658,0.7417,0][-1.9392,-2.097,-1.243][-0,-0.3126,-0.9499][0.6141,0.7326,0][-8.8894,-1.6778,-1.243][0.0761,0.234,-0.9692][0.4658,0.7417,0][-1.9392,-1.6778,-1.243][-0,0.3139,-0.9495][0.6141,0.7417,0][-1.94,-1.5528,-1.15][-0,0.3149,-0.9491][0.6141,0.7444,0][-1.9392,-1.6778,-1.243][-0,0.3139,-0.9495][0.6141,0.7417,0][-8.8486,-1.5528,-1.15][0.1099,0.3384,-0.9346][0.4667,0.7444,0][-1.94,0.132,-1.15][-0,-0.3149,-0.9491][0.6141,0.7807,0][-1.94,-1.5528,-1.15][-0,0.3149,-0.9491][0.6141,0.7444,0][-8.8486,0.132,-1.15][0.1098,-0.3384,-0.9346][0.4667,0.7807,0][-8.8486,-1.5528,-1.15][0.1099,0.3384,-0.9346][0.4667,0.7444,0][-8.8486,0.132,-1.15][0.1098,-0.3384,-0.9346][0.4667,0.7807,0][-1.94,-1.5528,-1.15][-0,0.3149,-0.9491][0.6141,0.7444,0][-8.8486,0.132,-1.15][0.1098,-0.3384,-0.9346][0.4667,0.7807,0][-8.8894,0.257,-1.243][0.0761,-0.2341,-0.9692][0.4658,0.7834,0][-1.94,0.132,-1.15][-0,-0.3149,-0.9491][0.6141,0.7807,0][-8.8486,0.132,-1.15][0.1098,-0.3384,-0.9346][0.4667,0.7807,0][-8.8486,-1.5528,-1.15][0.1099,0.3384,-0.9346][0.4667,0.7444,0][-9.1098,-1.1824,-1.15][0.335,0.053,-0.9407][0.4611,0.7524,0][-9.1098,-1.1824,-1.15][0.335,0.053,-0.9407][0.4611,0.7524,0][-9.1098,-0.2384,-1.15][0.335,-0.053,-0.9407][0.4611,0.7727,0][-8.8486,0.132,-1.15][0.1098,-0.3384,-0.9346][0.4667,0.7807,0][-9.033,-0.0018,-1.15][0.2879,-0.2093,-0.9345][0.4627,0.7778,0][-9.1394,0.0754,-1.243][0.1991,-0.1446,-0.9692][0.4605,0.7795,0][-8.8486,0.132,-1.15][0.1098,-0.3384,-0.9346][0.4667,0.7807,0][-9.033,-0.0018,-1.15][0.2879,-0.2093,-0.9345][0.4627,0.7778,0][-8.8486,0.132,-1.15][0.1098,-0.3384,-0.9346][0.4667,0.7807,0][-9.1098,-0.2384,-1.15][0.335,-0.053,-0.9407][0.4611,0.7727,0][-8.8894,0.257,-1.243][0.0761,-0.2341,-0.9692][0.4658,0.7834,0][-8.8486,0.132,-1.15][0.1098,-0.3384,-0.9346][0.4667,0.7807,0][-9.1394,0.0754,-1.243][0.1991,-0.1446,-0.9692][0.4605,0.7795,0][-9.1394,0.0754,-1.243][0.1991,-0.1446,-0.9692][0.4605,0.7795,0][-11.3032,0.7188,-1.243][-0.0056,-0.2324,-0.9726][0.4115,0.7934,0][-8.8894,0.257,-1.243][0.0761,-0.2341,-0.9692][0.4658,0.7834,0][-9.1394,0.0754,-1.243][0.1991,-0.1446,-0.9692][0.4605,0.7795,0][-9.033,-0.0018,-1.15][0.2879,-0.2093,-0.9345][0.4627,0.7778,0][-9.2348,-0.2186,-1.243][0.2795,-0.0442,-0.9591][0.4584,0.7731,0][-9.2348,-0.2186,-1.243][0.2795,-0.0442,-0.9591][0.4584,0.7731,0][-11.3032,0.7188,-1.243][-0.0056,-0.2324,-0.9726][0.4115,0.7934,0][-9.1394,0.0754,-1.243][0.1991,-0.1446,-0.9692][0.4605,0.7795,0][-9.2348,-0.2186,-1.243][0.2795,-0.0442,-0.9591][0.4584,0.7731,0][-9.1098,-0.2384,-1.15][0.335,-0.053,-0.9407][0.4611,0.7727,0][-9.2348,-1.2022,-1.243][0.2795,0.0442,-0.9591][0.4584,0.7519,0][-9.1098,-0.2384,-1.15][0.335,-0.053,-0.9407][0.4611,0.7727,0][-9.2348,-0.2186,-1.243][0.2795,-0.0442,-0.9591][0.4584,0.7731,0][-9.033,-0.0018,-1.15][0.2879,-0.2093,-0.9345][0.4627,0.7778,0][-9.2348,-1.2022,-1.243][0.2795,0.0442,-0.9591][0.4584,0.7519,0][-11.3032,0.7188,-1.243][-0.0056,-0.2324,-0.9726][0.4115,0.7934,0][-9.2348,-0.2186,-1.243][0.2795,-0.0442,-0.9591][0.4584,0.7731,0][-8.8894,0.257,-1.243][0.0761,-0.2341,-0.9692][0.4658,0.7834,0][-5.126,0.719,-1.243][-0.1207,-0.5542,-0.8236][0.547,0.7934,0][-1.9392,0.257,-1.243][-0,-0.3139,-0.9495][0.6141,0.7834,0][-1.9392,0.257,-1.243][-0,-0.3139,-0.9495][0.6141,0.7834,0][-1.94,0.132,-1.15][-0,-0.3149,-0.9491][0.6141,0.7807,0][-8.8894,0.257,-1.243][0.0761,-0.2341,-0.9692][0.4658,0.7834,0][-5.126,0.719,-1.243][-0.1207,-0.5542,-0.8236][0.547,0.7934,0][-8.8894,0.257,-1.243][0.0761,-0.2341,-0.9692][0.4658,0.7834,0][-11.3032,0.7188,-1.243][-0.0056,-0.2324,-0.9726][0.4115,0.7934,0][-11.3032,0.7188,-1.243][-0.0056,-0.2324,-0.9726][0.4115,0.7934,0][-5.497,0.9706,-1.4374][-0.2159,-0.7146,-0.6654][0.539,0.7988,0][-5.126,0.719,-1.243][-0.1207,-0.5542,-0.8236][0.547,0.7934,0][-5.497,0.9706,-1.4374][-0.2159,-0.7146,-0.6654][0.2207,0.4131,0][-5.3326,0.968,-1.616][-0.2847,-0.7354,-0.615][0.2474,0.415,0][-5.126,0.719,-1.243][-0.1207,-0.5542,-0.8236][0.2278,0.4079,0][-5.126,0.719,-1.243][-0.1207,-0.5542,-0.8236][0.2278,0.4079,0][-5.3326,0.968,-1.616][-0.2847,-0.7354,-0.615][0.2474,0.415,0][-5.0986,0.747,-1.4414][-0.2241,-0.8672,-0.4446][0.2532,0.4106,0][-1.9392,0.7282,-1.243][0.0004,-0.9249,-0.3801][0.6141,0.7936,0][-1.9392,0.257,-1.243][-0,-0.3139,-0.9495][0.6141,0.7834,0][-5.126,0.719,-1.243][-0.1207,-0.5542,-0.8236][0.547,0.7934,0][-5.126,0.719,-1.243][-0.1207,-0.5542,-0.8236][0.4856,0.6444,0][-5.0986,0.747,-1.4414][-0.2241,-0.8672,-0.4446][0.4854,0.6433,0][-1.9392,0.7282,-1.243][0.0004,-0.9249,-0.3801][0.4673,0.6444,0][-5.0986,0.747,-1.4414][-0.2241,-0.8672,-0.4446][0.2532,0.4106,0][-5.3326,0.968,-1.616][-0.2847,-0.7354,-0.615][0.2474,0.415,0][-1.9392,0.751,-1.4412][0.0017,-0.8709,-0.4914][0.3031,0.4106,0][-1.9392,0.751,-1.4412][0.0017,-0.8709,-0.4914][0.4673,0.6433,0][-1.9392,0.7282,-1.243][0.0004,-0.9249,-0.3801][0.4673,0.6444,0][-5.0986,0.747,-1.4414][-0.2241,-0.8672,-0.4446][0.4854,0.6433,0][-1.9392,0.7282,-1.243][0.0004,-0.9249,-0.3801][0.4673,0.6444,0][-1.9392,0.751,-1.4412][0.0017,-0.8709,-0.4914][0.4673,0.6433,0][33.7184,0.7282,-1.243][0.1737,-0.9663,-0.1901][0.2619,0.6444,0][-1.9392,0.7286,1.243][0.0015,-0.9251,0.3797][0.4673,0.6587,0][-1.9392,0.7282,-1.243][0.0004,-0.9249,-0.3801][0.4673,0.6444,0][33.7182,0.7282,1.243][0.173,-0.9662,0.1912][0.2619,0.6587,0][33.7184,0.7282,-1.243][0.1737,-0.9663,-0.1901][0.2619,0.6444,0][33.7182,0.7282,1.243][0.173,-0.9662,0.1912][0.2619,0.6587,0][-1.9392,0.7282,-1.243][0.0004,-0.9249,-0.3801][0.4673,0.6444,0][-5.1266,0.719,1.244][-0.1145,-0.5677,0.8153][0.547,0.7934,0][-1.9396,-2.097,1.243][0.0001,-0.3129,0.9498][0.6141,0.7326,0][-1.9392,0.7286,1.243][0.0015,-0.9251,0.3797][0.6141,0.7936,0][-1.9392,0.7286,1.243][0.0015,-0.9251,0.3797][0.4673,0.6587,0][-1.9392,0.7512,1.441][0.003,-0.8698,0.4934][0.4673,0.6599,0][-5.1266,0.719,1.244][-0.1145,-0.5677,0.8153][0.4856,0.6587,0][-1.9392,0.7512,1.441][0.003,-0.8698,0.4934][0.4673,0.6599,0][-1.9392,0.7286,1.243][0.0015,-0.9251,0.3797][0.4673,0.6587,0][33.8526,0.7954,1.3664][0.6756,-0.5915,0.4401][0.2612,0.6595,0][33.7182,0.7282,1.243][0.173,-0.9662,0.1912][0.2619,0.6587,0][33.8526,0.7954,1.3664][0.6756,-0.5915,0.4401][0.2612,0.6595,0][-1.9392,0.7286,1.243][0.0015,-0.9251,0.3797][0.4673,0.6587,0][-11.3018,-2.0978,1.243][-0,-0.3131,0.9497][0.4116,0.7326,0][-1.9392,-2.8554,0.6826][-0,-0.8927,0.4506][0.6141,0.7163,0][-1.9396,-2.097,1.243][0.0001,-0.3129,0.9498][0.6141,0.7326,0][-1.9396,-2.097,1.243][0.0001,-0.3129,0.9498][0.6141,0.7326,0][-5.1266,0.719,1.244][-0.1145,-0.5677,0.8153][0.547,0.7934,0][-11.3018,-2.0978,1.243][-0,-0.3131,0.9497][0.4116,0.7326,0][-11.3018,-2.8554,0.6826][-0,-0.8928,0.4504][0.4138,0.6871,0][-1.9392,-2.8562,-0.6826][-0,-0.8928,-0.4504][0.6141,0.7162,0][-1.9392,-2.8554,0.6826][-0,-0.8927,0.4506][0.6138,0.6871,0][-1.9392,-2.8554,0.6826][-0,-0.8927,0.4506][0.6141,0.7163,0][-11.3018,-2.0978,1.243][-0,-0.3131,0.9497][0.4116,0.7326,0][-11.3018,-2.8554,0.6826][-0,-0.8928,0.4504][0.4116,0.7163,0][-11.3018,-2.8554,0.6826][-0,-0.8928,0.4504][0.4116,0.7163,0][-11.3018,-2.0978,1.243][-0,-0.3131,0.9497][0.4116,0.7326,0][-18.2022,-2.8554,0.6826][0.0906,-0.919,0.3838][0.2661,0.7163,0][-18.2022,-2.8554,0.6826][0.0906,-0.919,0.3838][0.2634,0.6871,0][-18.2022,-2.8562,-0.6826][0.0903,-0.9191,-0.3835][0.2634,0.7156,0][-11.3018,-2.8554,0.6826][-0,-0.8928,0.4504][0.4138,0.6871,0][-11.3018,-2.8562,-0.6826][-0,-0.8928,-0.4504][0.4138,0.7156,0][-11.3018,-2.8554,0.6826][-0,-0.8928,0.4504][0.4138,0.6871,0][-18.2022,-2.8562,-0.6826][0.0903,-0.9191,-0.3835][0.2634,0.7156,0][-1.9392,-2.8562,-0.6826][-0,-0.8928,-0.4504][0.6141,0.7162,0][-11.3018,-2.8554,0.6826][-0,-0.8928,0.4504][0.4138,0.6871,0][-11.3018,-2.8562,-0.6826][-0,-0.8928,-0.4504][0.4138,0.7156,0][-18.2022,-2.8562,-0.6826][0.0903,-0.9191,-0.3835][0.2634,0.7156,0][-18.2022,-2.8554,0.6826][0.0906,-0.919,0.3838][0.2634,0.6871,0][-19.2118,-2.8554,-1.243][0.36,-0.3184,-0.8769][0.2514,0.7157,0][-19.2122,-2.8554,1.243][0.36,-0.3183,0.8769][0.2514,0.687,0][-19.2118,-2.8554,-1.243][0.36,-0.3184,-0.8769][0.2514,0.7157,0][-18.2022,-2.8554,0.6826][0.0906,-0.919,0.3838][0.2634,0.6871,0][-18.2022,-2.097,1.243][0.0719,-0.2503,0.9655][0.2661,0.7326,0][-18.2022,-2.8554,0.6826][0.0906,-0.919,0.3838][0.2661,0.7163,0][-11.3018,-2.0978,1.243][-0,-0.3131,0.9497][0.4116,0.7326,0][-18.2022,-2.8554,0.6826][0.0906,-0.919,0.3838][0.2661,0.7163,0][-18.2022,-2.097,1.243][0.0719,-0.2503,0.9655][0.2661,0.7326,0][-19.2122,-2.8554,1.243][0.36,-0.3183,0.8769][0.2432,0.7163,0][-19.2122,-2.8554,1.243][0.36,-0.3183,0.8769][0.0608,0.3902,0][-19.5586,-6.8472,-1.1572][0.7149,-0.12,-0.6889][0.0352,0.3366,0][-19.2118,-2.8554,-1.243][0.36,-0.3184,-0.8769][0.0608,0.3902,0][-19.5586,-6.8472,-1.1572][0.7149,-0.12,-0.6889][0.0352,0.3366,0][-19.2122,-2.8554,1.243][0.36,-0.3183,0.8769][0.0608,0.3902,0][-19.5586,-6.8472,1.1572][0.7149,-0.12,0.6889][0.0352,0.3366,0][-19.2122,-2.8554,1.243][0.36,-0.3183,0.8769][0.2432,0.7163,0][-22.8576,-3.7494,1.243][-0.1614,0.0285,0.9865][0.1645,0.697,0][-19.5586,-6.8472,1.1572][0.7149,-0.12,0.6889][0.2357,0.6302,0][-23.1072,-1.3942,1.243][-0.068,-0.0637,0.9956][0.1592,0.7478,0][-19.2122,-2.8554,1.243][0.36,-0.3183,0.8769][0.2432,0.7163,0][-18.2022,-2.097,1.243][0.0719,-0.2503,0.9655][0.2661,0.7326,0][-19.2122,-2.8554,1.243][0.36,-0.3183,0.8769][0.2432,0.7163,0][-23.1072,-1.3942,1.243][-0.068,-0.0637,0.9956][0.1592,0.7478,0][-22.7168,-2.1974,1.243][-0.1043,-0.0301,0.9941][0.1676,0.7305,0][-22.7168,-2.1974,1.243][-0.1043,-0.0301,0.9941][0.1676,0.7305,0][-22.8576,-3.7494,1.243][-0.1614,0.0285,0.9865][0.1645,0.697,0][-19.2122,-2.8554,1.243][0.36,-0.3183,0.8769][0.2432,0.7163,0][-22.8576,-3.7494,1.243][-0.1614,0.0285,0.9865][0.1645,0.697,0][-24.6486,-4.372,0.565][-0.8123,-0.1768,0.5558][0.1259,0.6835,0][-24.3468,-5.6394,1.1572][-0.6599,0.0597,0.749][0.1324,0.6562,0][-24.6486,-4.372,0.565][-0.8123,-0.1768,0.5558][0.1259,0.6835,0][-22.8576,-3.7494,1.243][-0.1614,0.0285,0.9865][0.1645,0.697,0][-22.7168,-2.1974,1.243][-0.1043,-0.0301,0.9941][0.1676,0.7305,0][-24.3468,-5.6394,1.1572][-0.6599,0.0597,0.749][0.1324,0.6562,0][-19.5586,-6.8472,1.1572][0.7149,-0.12,0.6889][0.2357,0.6302,0][-22.8576,-3.7494,1.243][-0.1614,0.0285,0.9865][0.1645,0.697,0][-25.2118,-10.1812,1.1572][-0.7362,0.032,0.676][0.1138,0.5582,0][-20.306,-10.1508,1.1572][0.6712,-0.0581,0.739][0.2196,0.5589,0][-24.3468,-5.6394,1.1572][-0.6599,0.0597,0.749][0.1324,0.6562,0][-24.3468,-5.6394,1.1572][-0.6599,0.0597,0.749][0.3163,0.1608,0][-25.2118,-10.1812,-1.1572][-0.7362,0.032,-0.6761][0.2596,0.0586,0][-25.2118,-10.1812,1.1572][-0.7362,0.032,0.676][0.2596,0.0586,0][-25.2118,-10.1812,-1.1572][-0.7362,0.032,-0.6761][0.2596,0.0586,0][-24.3468,-5.6394,1.1572][-0.6599,0.0597,0.749][0.3163,0.1608,0][-24.3466,-5.6392,-1.1572][-0.6598,0.0597,-0.749][0.3163,0.1608,0][-19.5586,-6.8472,1.1572][0.7149,-0.12,0.6889][0.2357,0.6302,0][-24.3468,-5.6394,1.1572][-0.6599,0.0597,0.749][0.1324,0.6562,0][-20.306,-10.1508,1.1572][0.6712,-0.0581,0.739][0.2196,0.5589,0][-24.6486,-4.372,0.565][-0.8123,-0.1768,0.5558][0.2964,0.1948,0][-24.3466,-5.6392,-1.1572][-0.6598,0.0597,-0.749][0.3163,0.1608,0][-24.3468,-5.6394,1.1572][-0.6599,0.0597,0.749][0.3163,0.1608,0][-25.0644,-11.6322,1.1572][-0.6044,-0.5272,0.5973][0.1169,0.5269,0][-20.306,-10.1508,1.1572][0.6712,-0.0581,0.739][0.2196,0.5589,0][-25.2118,-10.1812,1.1572][-0.7362,0.032,0.676][0.1138,0.5582,0][-20.173,-12.8158,1.1572][0.5268,-0.6362,0.5637][0.3764,0.0109,0][-20.173,-12.8158,-1.1572][0.5268,-0.6362,-0.5637][0.3764,0.0109,0][-20.306,-10.1508,1.1572][0.6712,-0.0581,0.739][0.3688,0.0694,0][-20.306,-10.1508,-1.1572][0.6712,-0.0581,-0.739][0.3688,0.0694,0][-20.306,-10.1508,1.1572][0.6712,-0.0581,0.739][0.3688,0.0694,0][-20.173,-12.8158,-1.1572][0.5268,-0.6362,-0.5637][0.3764,0.0109,0][-20.306,-10.1508,1.1572][0.6712,-0.0581,0.739][0.2196,0.5589,0][-25.0644,-11.6322,1.1572][-0.6044,-0.5272,0.5973][0.1169,0.5269,0][-20.173,-12.8158,1.1572][0.5268,-0.6362,0.5637][0.2225,0.5014,0][-20.306,-10.1508,1.1572][0.6712,-0.0581,0.739][0.3688,0.0694,0][-20.306,-10.1508,-1.1572][0.6712,-0.0581,-0.739][0.3688,0.0694,0][-19.5586,-6.8472,1.1572][0.7149,-0.12,0.6889][0.413,0.1634,0][-20.173,-12.8158,1.1572][0.5268,-0.6362,0.5637][0.7045,0.7029,0][-25.0644,-11.6322,-1.1572][-0.6044,-0.5272,-0.5973][0.6416,0.7327,0][-20.173,-12.8158,-1.1572][0.5268,-0.6362,-0.5637][0.7045,0.7327,0][-25.0644,-11.6322,-1.1572][-0.6044,-0.5272,-0.5973][0.6416,0.7327,0][-20.173,-12.8158,1.1572][0.5268,-0.6362,0.5637][0.7045,0.7029,0][-25.0644,-11.6322,1.1572][-0.6044,-0.5272,0.5973][0.6416,0.7029,0][-20.173,-12.8158,-1.1572][0.5268,-0.6362,-0.5637][0.2225,0.5014,0][-25.0644,-11.6322,-1.1572][-0.6044,-0.5272,-0.5973][0.1169,0.5269,0][-20.306,-10.1508,-1.1572][0.6712,-0.0581,-0.739][0.2196,0.5589,0][-25.2118,-10.1812,1.1572][-0.7362,0.032,0.676][0.2596,0.0586,0][-25.0644,-11.6322,-1.1572][-0.6044,-0.5272,-0.5973][0.2689,0.0287,0][-25.0644,-11.6322,1.1572][-0.6044,-0.5272,0.5973][0.2689,0.0287,0][-25.0644,-11.6322,-1.1572][-0.6044,-0.5272,-0.5973][0.2689,0.0287,0][-25.2118,-10.1812,1.1572][-0.7362,0.032,0.676][0.2596,0.0586,0][-25.2118,-10.1812,-1.1572][-0.7362,0.032,-0.6761][0.2596,0.0586,0][-25.2118,-10.1812,-1.1572][-0.7362,0.032,-0.6761][0.1138,0.5582,0][-20.306,-10.1508,-1.1572][0.6712,-0.0581,-0.739][0.2196,0.5589,0][-25.0644,-11.6322,-1.1572][-0.6044,-0.5272,-0.5973][0.1169,0.5269,0][-24.3466,-5.6392,-1.1572][-0.6598,0.0597,-0.749][0.1324,0.6562,0][-20.306,-10.1508,-1.1572][0.6712,-0.0581,-0.739][0.2196,0.5589,0][-25.2118,-10.1812,-1.1572][-0.7362,0.032,-0.6761][0.1138,0.5582,0][-19.5586,-6.8472,-1.1572][0.7149,-0.12,-0.6889][0.413,0.1634,0][-19.5586,-6.8472,1.1572][0.7149,-0.12,0.6889][0.413,0.1634,0][-20.306,-10.1508,-1.1572][0.6712,-0.0581,-0.739][0.3688,0.0694,0][-20.306,-10.1508,-1.1572][0.6712,-0.0581,-0.739][0.2196,0.5589,0][-24.3466,-5.6392,-1.1572][-0.6598,0.0597,-0.749][0.1324,0.6562,0][-19.5586,-6.8472,-1.1572][0.7149,-0.12,-0.6889][0.2357,0.6302,0][-24.3466,-5.6392,-1.1572][-0.6598,0.0597,-0.749][0.3163,0.1608,0][-24.6486,-4.372,0.565][-0.8123,-0.1768,0.5558][0.2964,0.1948,0][-24.6484,-4.372,-0.565][-0.8122,-0.1768,-0.556][0.2964,0.1948,0][-24.3466,-5.6392,-1.1572][-0.6598,0.0597,-0.749][0.1324,0.6562,0][-24.6484,-4.372,-0.565][-0.8122,-0.1768,-0.556][0.1259,0.6835,0][-22.8576,-3.7506,-1.243][-0.1613,0.0284,-0.9865][0.1645,0.697,0][-22.8576,-3.7506,-1.243][-0.1613,0.0284,-0.9865][0.1645,0.697,0][-19.5586,-6.8472,-1.1572][0.7149,-0.12,-0.6889][0.2357,0.6302,0][-24.3466,-5.6392,-1.1572][-0.6598,0.0597,-0.749][0.1324,0.6562,0][-19.2118,-2.8554,-1.243][0.36,-0.3184,-0.8769][0.2432,0.7163,0][-22.8576,-3.7506,-1.243][-0.1613,0.0284,-0.9865][0.1645,0.697,0][-22.7176,-2.198,-1.243][-0.1045,-0.03,-0.9941][0.1676,0.7304,0][-19.5586,-6.8472,-1.1572][0.7149,-0.12,-0.6889][0.2357,0.6302,0][-22.8576,-3.7506,-1.243][-0.1613,0.0284,-0.9865][0.1645,0.697,0][-19.2118,-2.8554,-1.243][0.36,-0.3184,-0.8769][0.2432,0.7163,0][-22.7176,-2.198,-1.243][-0.1045,-0.03,-0.9941][0.1676,0.7304,0][-22.8576,-3.7506,-1.243][-0.1613,0.0284,-0.9865][0.1645,0.697,0][-24.6484,-4.372,-0.565][-0.8122,-0.1768,-0.556][0.1259,0.6835,0][-22.7176,-2.198,-1.243][-0.1045,-0.03,-0.9941][0.1676,0.7304,0][-23.1062,-1.3934,-1.243][-0.0679,-0.0636,-0.9957][0.1592,0.7478,0][-19.2118,-2.8554,-1.243][0.36,-0.3184,-0.8769][0.2432,0.7163,0][-22.7176,-2.198,-1.243][-0.1045,-0.03,-0.9941][0.1676,0.7304,0][-25.4414,-3.0418,-0.565][-0.372,-0.5796,-0.725][0.1088,0.7122,0][-23.1062,-1.3934,-1.243][-0.0679,-0.0636,-0.9957][0.1592,0.7478,0][-25.4414,-3.0418,-0.565][-0.372,-0.5796,-0.725][0.1088,0.7122,0][-22.7176,-2.198,-1.243][-0.1045,-0.03,-0.9941][0.1676,0.7304,0][-24.6484,-4.372,-0.565][-0.8122,-0.1768,-0.556][0.1259,0.6835,0][-24.6484,-4.372,-0.565][-0.8122,-0.1768,-0.556][0.2964,0.1948,0][-25.4418,-3.0418,0.565][-0.3721,-0.5797,0.7249][0.2578,0.215,0][-25.4414,-3.0418,-0.565][-0.372,-0.5796,-0.725][0.2578,0.215,0][-27.3044,-2.8494,0.51][-0.327,-0.793,0.514][0.6577,0.7852,0][-25.4414,-3.0418,-0.565][-0.372,-0.5796,-0.725][0.6331,0.771,0][-25.4418,-3.0418,0.565][-0.3721,-0.5797,0.7249][0.6331,0.7859,0][-25.4414,-3.0418,-0.565][-0.372,-0.5796,-0.725][0.6331,0.771,0][-27.3044,-2.8494,0.51][-0.327,-0.793,0.514][0.6577,0.7852,0][-27.3054,-2.8488,-0.5108][-0.3273,-0.7926,-0.5145][0.6578,0.7717,0][-27.3054,-2.8488,-0.5108][-0.3273,-0.7926,-0.5145][0.0686,0.7164,0][-24.5074,-0.6882,-1.243][-0.0644,-0.0816,-0.9946][0.129,0.763,0][-25.4414,-3.0418,-0.565][-0.372,-0.5796,-0.725][0.1088,0.7122,0][-23.1062,-1.3934,-1.243][-0.0679,-0.0636,-0.9957][0.1592,0.7478,0][-25.4414,-3.0418,-0.565][-0.372,-0.5796,-0.725][0.1088,0.7122,0][-24.5074,-0.6882,-1.243][-0.0644,-0.0816,-0.9946][0.129,0.763,0][-24.5074,-0.6882,-1.243][-0.0644,-0.0816,-0.9946][0.129,0.763,0][-28.5528,-0.2476,-1.1028][0.2264,-0.119,-0.9667][0.0417,0.7725,0][-24.8984,-0.0126,-1.1028][-0.1963,-0.0874,-0.9766][0.1205,0.7776,0][-24.5074,-0.6882,-1.243][-0.0644,-0.0816,-0.9946][0.0232,0.7716,0][-24.8984,-0.0126,-1.1028][-0.1963,-0.0874,-0.9766][0.0163,0.7691,0][-24.6386,0.1548,-1.243][-0.1253,-0.0858,-0.9884][0.0152,0.7717,0][-24.5074,-0.6882,-1.243][-0.0644,-0.0816,-0.9946][0.129,0.763,0][-24.6386,0.1548,-1.243][-0.1253,-0.0858,-0.9884][0.1261,0.7812,0][-23.1062,-1.3934,-1.243][-0.0679,-0.0636,-0.9957][0.1592,0.7478,0][-28.0986,-2.0692,-0.757][0.1964,-0.6266,-0.7542][0.0515,0.7332,0][-24.5074,-0.6882,-1.243][-0.0644,-0.0816,-0.9946][0.129,0.763,0][-27.3054,-2.8488,-0.5108][-0.3273,-0.7926,-0.5145][0.0686,0.7164,0][-28.6026,-1.312,-1.087][0.2493,-0.1225,-0.9606][0.0406,0.7496,0][-24.5074,-0.6882,-1.243][-0.0644,-0.0816,-0.9946][0.129,0.763,0][-28.0986,-2.0692,-0.757][0.1964,-0.6266,-0.7542][0.0515,0.7332,0][-28.5528,-0.2476,-1.1028][0.2264,-0.119,-0.9667][0.0417,0.7725,0][-24.5074,-0.6882,-1.243][-0.0644,-0.0816,-0.9946][0.129,0.763,0][-28.6026,-1.312,-1.087][0.2493,-0.1225,-0.9606][0.0406,0.7496,0][-28.0986,-2.0692,-0.757][0.1964,-0.6266,-0.7542][0.0303,0.7365,0][-28.3178,-2.2816,-0.843][0.4421,-0.6904,-0.5726][0.0319,0.7342,0][-28.6026,-1.312,-1.087][0.2493,-0.1225,-0.9606][0.0226,0.733,0][-28.885,-1.4092,-1.2034][0.1747,-0.1619,-0.9712][0.023,0.7303,0][-28.6026,-1.312,-1.087][0.2493,-0.1225,-0.9606][0.0226,0.733,0][-28.3178,-2.2816,-0.843][0.4421,-0.6904,-0.5726][0.0319,0.7342,0][-28.6026,-1.312,-1.087][0.2493,-0.1225,-0.9606][0.0226,0.733,0][-28.8286,-0.112,-1.243][0.1369,-0.0812,-0.9872][0.0112,0.7328,0][-28.5528,-0.2476,-1.1028][0.2264,-0.119,-0.9667][0.0129,0.7351,0][-28.8286,-0.112,-1.243][0.1369,-0.0812,-0.9872][0.0112,0.7328,0][-28.6026,-1.312,-1.087][0.2493,-0.1225,-0.9606][0.0226,0.733,0][-28.885,-1.4092,-1.2034][0.1747,-0.1619,-0.9712][0.023,0.7303,0][-28.885,-1.4092,-1.2034][0.1747,-0.1619,-0.9712][0.5707,0.6261,0][-41.9084,-2.7306,-1.13][0.0281,-0.0737,-0.9969][0.8638,0.6558,0][-47.4736,1.7122,-1.2444][-0.6666,0.4386,-0.6028][0.989,0.5558,0][-28.3178,-2.2816,-0.843][0.4421,-0.6904,-0.5726][0.558,0.6457,0][-41.9084,-2.7306,-1.13][0.0281,-0.0737,-0.9969][0.8638,0.6558,0][-28.885,-1.4092,-1.2034][0.1747,-0.1619,-0.9712][0.5707,0.6261,0][-47.4736,1.7122,-1.2444][-0.6666,0.4386,-0.6028][0.989,0.5558,0][-28.8286,-0.112,-1.243][0.1369,-0.0812,-0.9872][0.5695,0.5969,0][-28.885,-1.4092,-1.2034][0.1747,-0.1619,-0.9712][0.5707,0.6261,0][-46.5462,-7.7278,-0.8484][-0.6105,-0.5398,-0.5796][0.9681,0.7682,0][-47.4736,1.7122,-1.2444][-0.6666,0.4386,-0.6028][0.989,0.5558,0][-41.9084,-2.7306,-1.13][0.0281,-0.0737,-0.9969][0.8638,0.6558,0][-41.9084,-2.7306,-1.13][0.0281,-0.0737,-0.9969][0.8638,0.6558,0][-41.6972,-6.9534,-0.9628][0.6315,-0.1234,-0.7655][0.859,0.7508,0][-46.5462,-7.7278,-0.8484][-0.6105,-0.5398,-0.5796][0.9681,0.7682,0][-41.6972,-6.9534,-0.9628][0.6315,-0.1234,-0.7655][0.859,0.7508,0][-41.9084,-2.7306,-1.13][0.0281,-0.0737,-0.9969][0.8638,0.6558,0][-40.9054,-5.122,-0.565][0.5612,-0.4855,-0.6704][0.8412,0.7096,0][-40.9054,-5.122,-0.565][0.5612,-0.4855,-0.6704][0.8412,0.7096,0][-41.9084,-2.7306,-1.13][0.0281,-0.0737,-0.9969][0.8638,0.6558,0][-28.3178,-2.2816,-0.843][0.4421,-0.6904,-0.5726][0.558,0.6457,0][-41.6974,-6.9536,0.9628][0.6314,-0.1234,0.7656][0.111,0.1366,0][-40.9054,-5.122,-0.565][0.5612,-0.4855,-0.6704][0.1285,0.1771,0][-40.9056,-5.122,0.565][0.5611,-0.4854,0.6704][0.1285,0.1771,0][-28.3178,-2.2816,-0.843][0.4421,-0.6904,-0.5726][0.6711,0.7673,0][-40.9056,-5.122,0.565][0.5611,-0.4854,0.6704][0.8375,0.7859,0][-40.9054,-5.122,-0.565][0.5612,-0.4855,-0.6704][0.8375,0.771,0][-40.9054,-5.122,-0.565][0.5612,-0.4855,-0.6704][0.1285,0.1771,0][-41.6974,-6.9536,0.9628][0.6314,-0.1234,0.7656][0.111,0.1366,0][-41.6972,-6.9534,-0.9628][0.6315,-0.1234,-0.7655][0.111,0.1366,0][-41.5682,-8.9252,0.8814][0.5325,-0.6407,0.5531][0.1138,0.093,0][-41.6972,-6.9534,-0.9628][0.6315,-0.1234,-0.7655][0.111,0.1366,0][-41.6974,-6.9536,0.9628][0.6314,-0.1234,0.7656][0.111,0.1366,0][-41.5678,-8.925,-0.8814][0.5327,-0.6406,-0.5531][0.8561,0.7952,0][-46.5462,-7.7278,-0.8484][-0.6105,-0.5398,-0.5796][0.9681,0.7682,0][-41.6972,-6.9534,-0.9628][0.6315,-0.1234,-0.7655][0.859,0.7508,0][-41.6972,-6.9534,-0.9628][0.6315,-0.1234,-0.7655][0.111,0.1366,0][-41.5682,-8.9252,0.8814][0.5325,-0.6407,0.5531][0.1138,0.093,0][-41.5678,-8.925,-0.8814][0.5327,-0.6406,-0.5531][0.1138,0.093,0][-28.8286,-0.112,-1.243][0.1369,-0.0812,-0.9872][0.5695,0.5969,0][-47.4736,1.7122,-1.2444][-0.6666,0.4386,-0.6028][0.989,0.5558,0][-28.1416,0.4598,-1.2432][0.0924,-0.1752,-0.9802][0.554,0.584,0][-28.1416,0.4598,-1.2432][0.0924,-0.1752,-0.9802][0.007,0.74,0][-28.0194,0.1954,-1.1006][0.1198,-0.2178,-0.9686][0.0096,0.7407,0][-28.8286,-0.112,-1.243][0.1369,-0.0812,-0.9872][0.0112,0.7328,0][-28.5528,-0.2476,-1.1028][0.2264,-0.119,-0.9667][0.0129,0.7351,0][-28.8286,-0.112,-1.243][0.1369,-0.0812,-0.9872][0.0112,0.7328,0][-28.0194,0.1954,-1.1006][0.1198,-0.2178,-0.9686][0.0096,0.7407,0][-28.0194,0.1954,-1.1006][0.1198,-0.2178,-0.9686][0.0096,0.7407,0][-26.9414,0.8168,-1.2432][0.0366,-0.2112,-0.9768][0.0056,0.7516,0][-26.9098,0.5366,-1.1014][0.0442,-0.2431,-0.969][0.0082,0.7514,0][-26.9098,0.5366,-1.1014][0.0442,-0.2431,-0.969][0.0771,0.7894,0][-28.5528,-0.2476,-1.1028][0.2264,-0.119,-0.9667][0.0417,0.7725,0][-28.0194,0.1954,-1.1006][0.1198,-0.2178,-0.9686][0.0532,0.7821,0][-26.9414,0.8168,-1.2432][0.0366,-0.2112,-0.9768][0.0056,0.7516,0][-28.0194,0.1954,-1.1006][0.1198,-0.2178,-0.9686][0.0096,0.7407,0][-28.1416,0.4598,-1.2432][0.0924,-0.1752,-0.9802][0.007,0.74,0][-28.1416,0.4598,-1.2432][0.0924,-0.1752,-0.9802][0.554,0.584,0][-26.9192,1.744,-1.2434][-0.0062,0.1664,-0.986][0.5265,0.5551,0][-26.9414,0.8168,-1.2432][0.0366,-0.2112,-0.9768][0.527,0.576,0][-26.9414,0.8168,-1.2432][0.0366,-0.2112,-0.9768][0.527,0.576,0][-26.9192,1.744,-1.2434][-0.0062,0.1664,-0.986][0.5265,0.5551,0][-25.8996,0.8734,-1.243][-0.0412,-0.1748,-0.9837][0.5036,0.5747,0][-25.8996,0.8734,-1.243][-0.0412,-0.1748,-0.9837][0.0067,0.7612,0][-26.9098,0.5366,-1.1014][0.0442,-0.2431,-0.969][0.0082,0.7514,0][-26.9414,0.8168,-1.2432][0.0366,-0.2112,-0.9768][0.0056,0.7516,0][-24.6386,0.1548,-1.243][-0.1253,-0.0858,-0.9884][0.4752,0.5909,0][-25.8996,0.8734,-1.243][-0.0412,-0.1748,-0.9837][0.5036,0.5747,0][-20.6278,1.757,-1.243][-0.0271,0.0877,-0.9958][0.385,0.5548,0][-24.6386,0.1548,-1.243][-0.1253,-0.0858,-0.9884][0.0152,0.7717,0][-25.9606,0.5774,-1.1018][-0.0614,-0.2452,-0.9675][0.0093,0.7602,0][-25.8996,0.8734,-1.243][-0.0412,-0.1748,-0.9837][0.0067,0.7612,0][-26.9098,0.5366,-1.1014][0.0442,-0.2431,-0.969][0.0082,0.7514,0][-25.8996,0.8734,-1.243][-0.0412,-0.1748,-0.9837][0.0067,0.7612,0][-25.9606,0.5774,-1.1018][-0.0614,-0.2452,-0.9675][0.0093,0.7602,0][-20.6278,1.757,-1.243][-0.0271,0.0877,-0.9958][0.385,0.5548,0][-25.8996,0.8734,-1.243][-0.0412,-0.1748,-0.9837][0.5036,0.5747,0][-26.9192,1.744,-1.2434][-0.0062,0.1664,-0.986][0.5265,0.5551,0][-25.9606,0.5774,-1.1018][-0.0614,-0.2452,-0.9675][0.0093,0.7602,0][-24.6386,0.1548,-1.243][-0.1253,-0.0858,-0.9884][0.0152,0.7717,0][-24.8984,-0.0126,-1.1028][-0.1963,-0.0874,-0.9766][0.0163,0.7691,0][-25.9606,0.5774,-1.1018][-0.0614,-0.2452,-0.9675][0.0976,0.7903,0][-24.8984,-0.0126,-1.1028][-0.1963,-0.0874,-0.9766][0.1205,0.7776,0][-26.9098,0.5366,-1.1014][0.0442,-0.2431,-0.969][0.0771,0.7894,0][-28.5528,-0.2476,-1.1028][0.2264,-0.119,-0.9667][0.0417,0.7725,0][-26.9098,0.5366,-1.1014][0.0442,-0.2431,-0.969][0.0771,0.7894,0][-24.8984,-0.0126,-1.1028][-0.1963,-0.0874,-0.9766][0.1205,0.7776,0][-26.9192,1.744,-1.2434][-0.0062,0.1664,-0.986][0.5265,0.5551,0][-28.1416,0.4598,-1.2432][0.0924,-0.1752,-0.9802][0.554,0.584,0][-47.4736,1.7122,-1.2444][-0.6666,0.4386,-0.6028][0.989,0.5558,0][-40.9056,-5.122,0.565][0.5611,-0.4854,0.6704][0.8375,0.7859,0][-28.3178,-2.2816,-0.843][0.4421,-0.6904,-0.5726][0.6711,0.7673,0][-28.3174,-2.282,0.844][0.4438,-0.6878,0.5744][0.6711,0.7896,0][-28.0986,-2.0692,-0.757][0.1964,-0.6266,-0.7542][0.6682,0.7684,0][-28.3174,-2.282,0.844][0.4438,-0.6878,0.5744][0.6711,0.7896,0][-28.3178,-2.2816,-0.843][0.4421,-0.6904,-0.5726][0.6711,0.7673,0][-28.3174,-2.282,0.844][0.4438,-0.6878,0.5744][0.6711,0.7896,0][-28.0986,-2.0692,-0.757][0.1964,-0.6266,-0.7542][0.6682,0.7684,0][-28.0982,-2.0684,0.7578][0.1941,-0.6247,0.7564][0.6682,0.7884,0][-27.3054,-2.8488,-0.5108][-0.3273,-0.7926,-0.5145][0.6578,0.7717,0][-28.0982,-2.0684,0.7578][0.1941,-0.6247,0.7564][0.6682,0.7884,0][-28.0986,-2.0692,-0.757][0.1964,-0.6266,-0.7542][0.6682,0.7684,0][-20.6278,1.757,-1.243][-0.0271,0.0877,-0.9958][0.2126,0.8158,0][-23.1062,-1.3934,-1.243][-0.0679,-0.0636,-0.9957][0.1592,0.7478,0][-24.6386,0.1548,-1.243][-0.1253,-0.0858,-0.9884][0.1261,0.7812,0][-28.0982,-2.0684,0.7578][0.1941,-0.6247,0.7564][0.6682,0.7884,0][-27.3054,-2.8488,-0.5108][-0.3273,-0.7926,-0.5145][0.6578,0.7717,0][-27.3044,-2.8494,0.51][-0.327,-0.793,0.514][0.6577,0.7852,0][-25.4418,-3.0418,0.565][-0.3721,-0.5797,0.7249][0.2578,0.215,0][-24.6484,-4.372,-0.565][-0.8122,-0.1768,-0.556][0.2964,0.1948,0][-24.6486,-4.372,0.565][-0.8123,-0.1768,0.5558][0.2964,0.1948,0][-24.6486,-4.372,0.565][-0.8123,-0.1768,0.5558][0.1259,0.6835,0][-22.7168,-2.1974,1.243][-0.1043,-0.0301,0.9941][0.1676,0.7305,0][-25.4418,-3.0418,0.565][-0.3721,-0.5797,0.7249][0.1088,0.7122,0][-23.1072,-1.3942,1.243][-0.068,-0.0637,0.9956][0.1592,0.7478,0][-25.4418,-3.0418,0.565][-0.3721,-0.5797,0.7249][0.1088,0.7122,0][-22.7168,-2.1974,1.243][-0.1043,-0.0301,0.9941][0.1676,0.7305,0][-11.3018,-2.0978,1.243][-0,-0.3131,0.9497][0.4116,0.7326,0][-18.2032,0.7126,1.243][-0.0313,-0.1466,0.9887][0.2661,0.7932,0][-18.2022,-2.097,1.243][0.0719,-0.2503,0.9655][0.2661,0.7326,0][-18.2022,-2.097,1.243][0.0719,-0.2503,0.9655][0.2661,0.7326,0][-18.2032,0.7126,1.243][-0.0313,-0.1466,0.9887][0.2661,0.7932,0][-23.1072,-1.3942,1.243][-0.068,-0.0637,0.9956][0.1592,0.7478,0][-18.2022,1.7544,1.6][-0.1077,-0.144,0.9837][0.2661,0.8157,0][-18.2032,0.7126,1.243][-0.0313,-0.1466,0.9887][0.2661,0.7932,0][-11.3024,1.7504,1.756][-0.0121,-0.2215,0.9751][0.4116,0.8156,0][-18.2032,0.7126,1.243][-0.0313,-0.1466,0.9887][0.2661,0.7932,0][-18.2022,1.7544,1.6][-0.1077,-0.144,0.9837][0.2661,0.8157,0][-20.6282,1.757,1.243][-0.0271,0.0878,0.9958][0.2126,0.8158,0][-20.6282,1.757,1.243][-0.0271,0.0878,0.9958][0.2126,0.8158,0][-23.1072,-1.3942,1.243][-0.068,-0.0637,0.9956][0.1592,0.7478,0][-18.2032,0.7126,1.243][-0.0313,-0.1466,0.9887][0.2661,0.7932,0][-11.3024,1.7504,1.756][-0.0121,-0.2215,0.9751][0.4116,0.8156,0][-18.2032,0.7126,1.243][-0.0313,-0.1466,0.9887][0.2661,0.7932,0][-11.3024,0.7194,1.243][-0.0057,-0.2325,0.9726][0.4116,0.7934,0][-11.3024,0.7194,1.243][-0.0057,-0.2325,0.9726][0.4116,0.7934,0][-18.2032,0.7126,1.243][-0.0313,-0.1466,0.9887][0.2661,0.7932,0][-11.3018,-2.0978,1.243][-0,-0.3131,0.9497][0.4116,0.7326,0][-11.3024,0.7194,1.243][-0.0057,-0.2325,0.9726][0.4116,0.7934,0][-5.6208,1.251,1.6604][-0.372,-0.4428,0.8158][0.5364,0.8048,0][-11.3024,1.7504,1.756][-0.0121,-0.2215,0.9751][0.4116,0.8156,0][-11.3018,-2.0978,1.243][-0,-0.3131,0.9497][0.4116,0.7326,0][-5.1266,0.719,1.244][-0.1145,-0.5677,0.8153][0.547,0.7934,0][-11.3024,0.7194,1.243][-0.0057,-0.2325,0.9726][0.4116,0.7934,0][-5.4968,0.9708,1.4376][-0.2309,-0.7092,0.6661][0.539,0.7988,0][-11.3024,0.7194,1.243][-0.0057,-0.2325,0.9726][0.4116,0.7934,0][-5.1266,0.719,1.244][-0.1145,-0.5677,0.8153][0.547,0.7934,0][-5.6208,1.251,1.6604][-0.372,-0.4428,0.8158][0.5364,0.8048,0][-11.3024,0.7194,1.243][-0.0057,-0.2325,0.9726][0.4116,0.7934,0][-5.4968,0.9708,1.4376][-0.2309,-0.7092,0.6661][0.539,0.7988,0][-5.4968,0.9708,1.4376][-0.2309,-0.7092,0.6661][0.2207,0.4131,0][-5.0974,0.747,1.4414][-0.1751,-0.8717,0.4577][0.2532,0.4106,0][-5.332,0.9686,1.616][-0.2859,-0.717,0.6357][0.2475,0.415,0][-5.0974,0.747,1.4414][-0.1751,-0.8717,0.4577][0.2532,0.4106,0][-5.4968,0.9708,1.4376][-0.2309,-0.7092,0.6661][0.2207,0.4131,0][-5.1266,0.719,1.244][-0.1145,-0.5677,0.8153][0.2278,0.4079,0][-5.332,0.9686,1.616][-0.2859,-0.717,0.6357][0.2475,0.415,0][-5.5576,1.2234,1.719][-0.6201,-0.4391,0.6502][0.2307,0.4192,0][-5.4968,0.9708,1.4376][-0.2309,-0.7092,0.6661][0.2207,0.4131,0][-5.4968,0.9708,1.4376][-0.2309,-0.7092,0.6661][0.2207,0.4131,0][-5.5576,1.2234,1.719][-0.6201,-0.4391,0.6502][0.2307,0.4192,0][-5.6208,1.251,1.6604][-0.372,-0.4428,0.8158][0.2183,0.4191,0][-5.5576,1.2234,1.719][-0.6201,-0.4391,0.6502][0.2307,0.4192,0][-5.418,1.1894,1.7916][-0.2831,-0.507,0.8141][0.2459,0.4194,0][-5.5532,1.734,1.879][-0.7868,-0.1072,0.6078][0.2315,0.429,0][-5.5532,1.734,1.879][-0.7868,-0.1072,0.6078][0.2315,0.429,0][-5.6208,1.7504,1.756][-0.5181,-0.0931,0.8502][0.2183,0.429,0][-5.5576,1.2234,1.719][-0.6201,-0.4391,0.6502][0.2307,0.4192,0][-5.6208,1.251,1.6604][-0.372,-0.4428,0.8158][0.2183,0.4191,0][-5.5576,1.2234,1.719][-0.6201,-0.4391,0.6502][0.2307,0.4192,0][-5.6208,1.7504,1.756][-0.5181,-0.0931,0.8502][0.2183,0.429,0][-5.418,1.1894,1.7916][-0.2831,-0.507,0.8141][0.2459,0.4194,0][-5.5576,1.2234,1.719][-0.6201,-0.4391,0.6502][0.2307,0.4192,0][-5.332,0.9686,1.616][-0.2859,-0.717,0.6357][0.2475,0.415,0][-5.6208,1.7504,1.756][-0.5181,-0.0931,0.8502][0.5364,0.8156,0][-11.3024,1.7504,1.756][-0.0121,-0.2215,0.9751][0.4116,0.8156,0][-5.6208,1.251,1.6604][-0.372,-0.4428,0.8158][0.5364,0.8048,0][-11.3024,1.7504,1.756][-0.0121,-0.2215,0.9751][0.4116,0.8156,0][-5.6208,1.7504,1.756][-0.5181,-0.0931,0.8502][0.5364,0.8156,0][-11.3024,2.425,1.756][-0.0111,0.1501,0.9886][0.4116,0.8302,0][-5.6208,1.7504,1.756][-0.5181,-0.0931,0.8502][0.2183,0.429,0][-5.5532,1.734,1.879][-0.7868,-0.1072,0.6078][0.2315,0.429,0][-5.6212,2.425,1.7552][-0.5411,0.0939,0.8357][0.2183,0.4396,0][-5.6212,2.425,1.7552][-0.5411,0.0939,0.8357][0.5363,0.8302,0][-11.3024,2.425,1.756][-0.0111,0.1501,0.9886][0.4116,0.8302,0][-5.6208,1.7504,1.756][-0.5181,-0.0931,0.8502][0.5364,0.8156,0][-11.3024,2.7606,1.6516][-0.0145,0.5005,0.8656][0.4116,0.8374,0][-18.202,2.425,1.6][-0.1132,0.223,0.9682][0.2661,0.8302,0][-11.3024,2.425,1.756][-0.0111,0.1501,0.9886][0.4116,0.8302,0][-11.3024,2.425,1.756][-0.0111,0.1501,0.9886][0.4116,0.8302,0][-5.6212,2.425,1.7552][-0.5411,0.0939,0.8357][0.5363,0.8302,0][-11.3024,2.7606,1.6516][-0.0145,0.5005,0.8656][0.4116,0.8374,0][-11.3024,2.425,1.756][-0.0111,0.1501,0.9886][0.4116,0.8302,0][-18.202,2.425,1.6][-0.1132,0.223,0.9682][0.2661,0.8302,0][-11.3024,1.7504,1.756][-0.0121,-0.2215,0.9751][0.4116,0.8156,0][-18.722,2.7498,1.396][-0.1654,0.5055,0.8468][0.2543,0.8372,0][-18.202,2.425,1.6][-0.1132,0.223,0.9682][0.2661,0.8302,0][-11.3024,2.7606,1.6516][-0.0145,0.5005,0.8656][0.4116,0.8374,0][-18.202,2.425,1.6][-0.1132,0.223,0.9682][0.2661,0.8302,0][-18.722,2.7498,1.396][-0.1654,0.5055,0.8468][0.2543,0.8372,0][-19.9168,2.4152,1.122][-0.1247,0.307,0.9435][0.228,0.83,0][-11.3024,1.7504,1.756][-0.0121,-0.2215,0.9751][0.4116,0.8156,0][-18.202,2.425,1.6][-0.1132,0.223,0.9682][0.2661,0.8302,0][-18.2022,1.7544,1.6][-0.1077,-0.144,0.9837][0.2661,0.8157,0][-19.9168,2.4152,1.122][-0.1247,0.307,0.9435][0.228,0.83,0][-18.2022,1.7544,1.6][-0.1077,-0.144,0.9837][0.2661,0.8157,0][-18.202,2.425,1.6][-0.1132,0.223,0.9682][0.2661,0.8302,0][-11.3024,2.7606,1.6516][-0.0145,0.5005,0.8656][0.4116,0.8374,0][-19.2192,3.0608,1.0034][-0.1163,0.5201,0.8462][0.243,0.8439,0][-18.722,2.7498,1.396][-0.1654,0.5055,0.8468][0.2543,0.8372,0][-19.9168,2.4152,1.122][-0.1247,0.307,0.9435][0.228,0.83,0][-18.722,2.7498,1.396][-0.1654,0.5055,0.8468][0.2543,0.8372,0][-19.2192,3.0608,1.0034][-0.1163,0.5201,0.8462][0.243,0.8439,0][-11.3024,3.089,1.3498][-0.0106,0.7903,0.6126][0.4116,0.8445,0][-19.2192,3.0608,1.0034][-0.1163,0.5201,0.8462][0.243,0.8439,0][-11.3024,2.7606,1.6516][-0.0145,0.5005,0.8656][0.4116,0.8374,0][-19.2192,3.0608,1.0034][-0.1163,0.5201,0.8462][0.243,0.8439,0][-11.3024,3.089,1.3498][-0.0106,0.7903,0.6126][0.4116,0.8445,0][-19.1486,3.2622,0.863][0.1832,0.8181,0.5452][0.2445,0.8482,0][-19.9922,3.9644,0.5652][0.2266,0.8418,0.4899][0.6266,0.8166,0][-19.2192,3.0608,1.0034][-0.1163,0.5201,0.8462][0.6154,0.814,0][-19.1486,3.2622,0.863][0.1832,0.8181,0.5452][0.6154,0.8206,0][-19.2192,3.0608,1.0034][-0.1163,0.5201,0.8462][0.3533,0.5255,0][-19.9922,3.9644,0.5652][0.2266,0.8418,0.4899][0.3707,0.5052,0][-19.9168,2.4152,1.122][-0.1247,0.307,0.9435][0.369,0.54,0][-5.6594,2.7702,1.6502][-0.4701,0.3087,0.8268][0.5363,0.8376,0][-11.3024,2.7606,1.6516][-0.0145,0.5005,0.8656][0.4116,0.8374,0][-5.6212,2.425,1.7552][-0.5411,0.0939,0.8357][0.5363,0.8302,0][-11.3024,2.7606,1.6516][-0.0145,0.5005,0.8656][0.4116,0.8374,0][-5.6594,2.7702,1.6502][-0.4701,0.3087,0.8268][0.5363,0.8376,0][-11.3024,3.089,1.3498][-0.0106,0.7903,0.6126][0.4116,0.8445,0][-5.6212,2.425,1.7552][-0.5411,0.0939,0.8357][0.2183,0.4396,0][-5.5558,2.4366,1.8718][-0.7847,0.0707,0.6158][0.2311,0.4396,0][-5.6594,2.7702,1.6502][-0.4701,0.3087,0.8268][0.2183,0.4465,0][-5.5714,2.797,1.76][-0.694,0.2691,0.6678][0.2319,0.4463,0][-5.6594,2.7702,1.6502][-0.4701,0.3087,0.8268][0.2183,0.4465,0][-5.5558,2.4366,1.8718][-0.7847,0.0707,0.6158][0.2311,0.4396,0][-5.6594,2.7702,1.6502][-0.4701,0.3087,0.8268][0.2183,0.4465,0][-5.5714,2.797,1.76][-0.694,0.2691,0.6678][0.2319,0.4463,0][-5.692,2.943,1.5482][-0.4359,0.4998,0.7485][0.2183,0.45,0][-5.692,2.943,1.5482][-0.4359,0.4998,0.7485][0.5363,0.8413,0][-11.3024,3.089,1.3498][-0.0106,0.7903,0.6126][0.4116,0.8445,0][-5.6594,2.7702,1.6502][-0.4701,0.3087,0.8268][0.5363,0.8376,0][-5.5558,2.4366,1.8718][-0.7847,0.0707,0.6158][0.2311,0.4396,0][-5.6212,2.425,1.7552][-0.5411,0.0939,0.8357][0.2183,0.4396,0][-5.5532,1.734,1.879][-0.7868,-0.1072,0.6078][0.2315,0.429,0][-5.5532,1.734,1.879][-0.7868,-0.1072,0.6078][0.2315,0.429,0][-5.418,1.7158,2.0134][-0.3655,-0.1796,0.9133][0.2459,0.429,0][-5.5558,2.4366,1.8718][-0.7847,0.0707,0.6158][0.2311,0.4396,0][-5.418,1.7158,2.0134][-0.3655,-0.1796,0.9133][0.2459,0.429,0][-5.5532,1.734,1.879][-0.7868,-0.1072,0.6078][0.2315,0.429,0][-5.418,1.1894,1.7916][-0.2831,-0.507,0.8141][0.2459,0.4194,0][-1.9392,0.7512,1.441][0.003,-0.8698,0.4934][0.3031,0.4106,0][-5.332,0.9686,1.616][-0.2859,-0.717,0.6357][0.2475,0.415,0][-5.0974,0.747,1.4414][-0.1751,-0.8717,0.4577][0.2532,0.4106,0][-5.332,0.9686,1.616][-0.2859,-0.717,0.6357][0.2475,0.415,0][-1.9392,0.7512,1.441][0.003,-0.8698,0.4934][0.3031,0.4106,0][-5.418,1.1894,1.7916][-0.2831,-0.507,0.8141][0.2459,0.4194,0][-5.0974,0.747,1.4414][-0.1751,-0.8717,0.4577][0.4854,0.6599,0][-5.1266,0.719,1.244][-0.1145,-0.5677,0.8153][0.4856,0.6587,0][-1.9392,0.7512,1.441][0.003,-0.8698,0.4934][0.4673,0.6599,0][-20.6282,1.757,1.243][-0.0271,0.0878,0.9958][0.2126,0.8158,0][-18.2022,1.7544,1.6][-0.1077,-0.144,0.9837][0.2661,0.8157,0][-19.9168,2.4152,1.122][-0.1247,0.307,0.9435][0.228,0.83,0][-19.2118,-2.8554,-1.243][0.36,-0.3184,-0.8769][0.2432,0.7163,0][-18.2022,-2.097,-1.243][0.0719,-0.2501,-0.9655][0.2661,0.7326,0][-18.2022,-2.8562,-0.6826][0.0903,-0.9191,-0.3835][0.2661,0.7162,0][-18.2022,-2.097,-1.243][0.0719,-0.2501,-0.9655][0.2661,0.7326,0][-19.2118,-2.8554,-1.243][0.36,-0.3184,-0.8769][0.2432,0.7163,0][-23.1062,-1.3934,-1.243][-0.0679,-0.0636,-0.9957][0.1592,0.7478,0][-5.3326,0.968,-1.616][-0.2847,-0.7354,-0.615][0.2474,0.415,0][-5.497,0.9706,-1.4374][-0.2159,-0.7146,-0.6654][0.2207,0.4131,0][-5.546,1.2194,-1.7296][-0.6103,-0.4699,-0.6378][0.2329,0.4192,0][-5.418,1.19,-1.792][-0.2565,-0.5228,-0.8129][0.2459,0.4195,0][-1.9392,0.751,-1.4412][0.0017,-0.8709,-0.4914][0.3031,0.4106,0][-5.3326,0.968,-1.616][-0.2847,-0.7354,-0.615][0.2474,0.415,0][-5.546,1.2194,-1.7296][-0.6103,-0.4699,-0.6378][0.2329,0.4192,0][-5.418,1.19,-1.792][-0.2565,-0.5228,-0.8129][0.2459,0.4195,0][-5.3326,0.968,-1.616][-0.2847,-0.7354,-0.615][0.2474,0.415,0][-5.62,1.252,-1.66][-0.3874,-0.4593,-0.7994][0.2183,0.4189,0][-5.546,1.2194,-1.7296][-0.6103,-0.4699,-0.6378][0.2329,0.4192,0][-5.497,0.9706,-1.4374][-0.2159,-0.7146,-0.6654][0.2207,0.4131,0][-5.547,1.7324,-1.8904][-0.7826,-0.0829,-0.617][0.2328,0.429,0][-5.418,1.7158,-2.0134][-0.3481,-0.1671,-0.9224][0.2459,0.4289,0][-5.546,1.2194,-1.7296][-0.6103,-0.4699,-0.6378][0.2329,0.4192,0][-5.546,1.2194,-1.7296][-0.6103,-0.4699,-0.6378][0.2329,0.4192,0][-5.62,1.252,-1.66][-0.3874,-0.4593,-0.7994][0.2183,0.4189,0][-5.547,1.7324,-1.8904][-0.7826,-0.0829,-0.617][0.2328,0.429,0][-5.418,1.19,-1.792][-0.2565,-0.5228,-0.8129][0.2459,0.4195,0][-5.546,1.2194,-1.7296][-0.6103,-0.4699,-0.6378][0.2329,0.4192,0][-5.418,1.7158,-2.0134][-0.3481,-0.1671,-0.9224][0.2459,0.4289,0][-5.6208,1.7504,-1.756][-0.5243,-0.0801,-0.8478][0.2183,0.429,0][-5.547,1.7324,-1.8904][-0.7826,-0.0829,-0.617][0.2328,0.429,0][-5.62,1.252,-1.66][-0.3874,-0.4593,-0.7994][0.2183,0.4189,0][-5.62,1.252,-1.66][-0.3874,-0.4593,-0.7994][0.5364,0.8029,0][-11.3024,1.7504,-1.756][-0.0121,-0.2214,-0.9751][0.4116,0.8156,0][-5.6208,1.7504,-1.756][-0.5243,-0.0801,-0.8478][0.5364,0.8156,0][-5.497,0.9706,-1.4374][-0.2159,-0.7146,-0.6654][0.539,0.7988,0][-11.3032,0.7188,-1.243][-0.0056,-0.2324,-0.9726][0.4115,0.7934,0][-5.62,1.252,-1.66][-0.3874,-0.4593,-0.7994][0.5364,0.8029,0][-11.3024,1.7504,-1.756][-0.0121,-0.2214,-0.9751][0.4116,0.8156,0][-5.62,1.252,-1.66][-0.3874,-0.4593,-0.7994][0.5364,0.8029,0][-11.3032,0.7188,-1.243][-0.0056,-0.2324,-0.9726][0.4115,0.7934,0][-9.1098,-1.1824,-1.15][0.335,0.053,-0.9407][0.4611,0.7524,0][-9.2348,-1.2022,-1.243][0.2795,0.0442,-0.9591][0.4584,0.7519,0][-9.1098,-0.2384,-1.15][0.335,-0.053,-0.9407][0.4611,0.7727,0][-9.033,-1.4188,-1.15][0.2879,0.2091,-0.9345][0.4627,0.7473,0][-9.1098,-1.1824,-1.15][0.335,0.053,-0.9407][0.4611,0.7524,0][-8.8486,-1.5528,-1.15][0.1099,0.3384,-0.9346][0.4667,0.7444,0][-9.033,-1.4188,-1.15][0.2879,0.2091,-0.9345][0.4627,0.7473,0][-9.1394,-1.496,-1.243][0.1992,0.1446,-0.9692][0.4605,0.7456,0][-9.1098,-1.1824,-1.15][0.335,0.053,-0.9407][0.4611,0.7524,0][-9.2348,-1.2022,-1.243][0.2795,0.0442,-0.9591][0.4584,0.7519,0][-9.1098,-1.1824,-1.15][0.335,0.053,-0.9407][0.4611,0.7524,0][-9.1394,-1.496,-1.243][0.1992,0.1446,-0.9692][0.4605,0.7456,0][-26.9192,1.744,-1.2434][-0.0062,0.1664,-0.986][0.5265,0.5551,0][-19.917,2.4148,-1.1222][-0.1244,0.3071,-0.9435][0.369,0.54,0][-20.6278,1.757,-1.243][-0.0271,0.0877,-0.9958][0.385,0.5548,0][-11.3024,2.7576,-1.6518][-0.0146,0.4996,-0.8661][0.4116,0.8373,0][-19.2192,3.0608,-1.0034][-0.1155,0.5183,-0.8474][0.243,0.8439,0][-11.3024,3.089,-1.3498][-0.0106,0.789,-0.6143][0.4116,0.8445,0][-11.3024,3.089,-1.3498][-0.0106,0.789,-0.6143][0.4116,0.8445,0][-5.6594,2.7648,-1.6522][-0.4661,0.3063,-0.83][0.5363,0.8375,0][-11.3024,2.7576,-1.6518][-0.0146,0.4996,-0.8661][0.4116,0.8373,0][-5.418,1.7158,-2.0134][-0.3481,-0.1671,-0.9224][0.2459,0.4289,0][-5.547,1.7324,-1.8904][-0.7826,-0.0829,-0.617][0.2328,0.429,0][-5.4184,2.451,-2.0058][-0.3482,0.1576,-0.9241][0.2459,0.4397,0][33.237,2.8244,-1.854][0.4548,0.5354,-0.7117][0.9612,0.4461,0][-5.4188,3.0002,-1.7508][-0.2647,0.5347,-0.8025][0.2459,0.449,0][33.0498,3.1884,-1.6128][0.3661,0.6846,-0.6303][0.9582,0.4523,0][33.8528,0.7954,-1.3664][0.6814,-0.6013,-0.4173][0.2612,0.6437,0][33.7184,0.7282,-1.243][0.1737,-0.9663,-0.1901][0.2619,0.6444,0][-1.9392,0.751,-1.4412][0.0017,-0.8709,-0.4914][0.4673,0.6433,0][-5.5944,2.9744,1.6398][-0.6166,0.4024,0.6767][0.231,0.4496,0][-5.692,2.943,1.5482][-0.4359,0.4998,0.7485][0.2183,0.45,0][-5.5714,2.797,1.76][-0.694,0.2691,0.6678][0.2319,0.4463,0][32.8706,3.662,-1.0926][0.3112,0.8722,-0.3775][0.954,0.4663,0][-5.4194,3.8104,0.0004][-0.2838,0.9589,0.0006][0.2459,0.4879,0][32.6942,3.808,0.0004][0.2191,0.9757,-0.0007][0.9504,0.4879,0][-5.692,3.4958,1.0566][-0.6819,0.6647,0.3051][0.2299,0.4642,0][-5.4194,3.8104,0.0004][-0.2838,0.9589,0.0006][0.2459,0.4879,0][-5.6896,3.6282,0.0002][-0.7503,0.6611,0.0008][0.2301,0.4879,0][-6.5118,3.2622,1.017][-0.0936,0.9188,-0.3835][0.3393,0.4755,0][-6.604,1.0022,0.4728][-0.6709,0.3159,-0.6709][0.3393,0.4755,0][-11.296,3.2622,1.017][-0.0009,0.9099,-0.4147][0.2582,0.4757,0][-6.2858,3.2622,0.9564][-0.2717,0.8407,-0.4684][0.3422,0.4772,0][-6.604,1.0022,0.4728][-0.6709,0.3159,-0.6709][0.3422,0.4772,0][-6.5118,3.2622,1.017][-0.0936,0.9188,-0.3835][0.3393,0.4755,0][-6.5118,3.2622,1.017][-0.0936,0.9188,-0.3835][0.5169,0.8588,0][-6.0598,3.2622,1.017][-0,0.9756,0.2195][0.5266,0.8588,0][-6.2858,3.2622,0.9564][-0.2717,0.8407,-0.4684][0.5218,0.8601,0][-6.2858,3.2622,0.9564][-0.2717,0.8407,-0.4684][0.3422,0.4772,0][-6.1202,3.2622,0.791][-0.4681,0.8409,-0.2716][0.344,0.4782,0][-6.604,1.0022,0.4728][-0.6709,0.3159,-0.6709][0.344,0.4782,0][-6.2858,3.2622,0.9564][-0.2717,0.8407,-0.4684][0.5218,0.8601,0][-6.0598,3.2622,1.017][-0,0.9756,0.2195][0.5266,0.8588,0][-6.1202,3.2622,0.791][-0.4681,0.8409,-0.2716][0.5253,0.8636,0][-12.4392,3.2622,1.017][0.1613,0.9437,-0.289][0.3897,0.8588,0][-11.3024,3.089,1.3498][-0.0106,0.7903,0.6126][0.4141,0.8478,0][-11.296,3.2622,1.017][-0.0009,0.9099,-0.4147][0.4142,0.8588,0][-11.3024,3.089,1.3498][-0.0106,0.7903,0.6126][0.4141,0.8478,0][-12.4392,3.2622,1.017][0.1613,0.9437,-0.289][0.3897,0.8588,0][-19.1486,3.2622,0.863][0.1832,0.8181,0.5452][0.2457,0.8621,0][-11.296,3.2622,1.017][-0.0009,0.9099,-0.4147][0.2582,0.4757,0][-12.2724,1.0022,0.4724][0.6958,0.2779,-0.6623][0.2582,0.4757,0][-12.4392,3.2622,1.017][0.1613,0.9437,-0.289][0.2468,0.4757,0][-12.6652,3.2622,0.8938][0.3837,0.8921,-0.2385][0.2418,0.4772,0][-12.4392,3.2622,1.017][0.1613,0.9437,-0.289][0.2434,0.4758,0][-12.2724,1.0022,0.4724][0.6958,0.2779,-0.6623][0.2434,0.4758,0][-12.6652,3.2622,0.8938][0.3837,0.8921,-0.2385][0.3849,0.8614,0][-19.1486,3.2622,0.863][0.1832,0.8181,0.5452][0.2457,0.8621,0][-12.4392,3.2622,1.017][0.1613,0.9437,-0.289][0.3897,0.8588,0][-12.2724,1.0022,0.4724][0.6958,0.2779,-0.6623][0.2582,0.4757,0][-11.296,3.2622,1.017][-0.0009,0.9099,-0.4147][0.2582,0.4757,0][-6.604,1.0022,0.4728][-0.6709,0.3159,-0.6709][0.3393,0.4755,0][-11.296,3.2622,-1.017][-0.001,0.9099,0.4147][0.4142,0.9024,0][-11.3024,3.089,-1.3498][-0.0106,0.789,-0.6143][0.4141,0.9134,0][-12.4388,3.2622,-1.017][0.1609,0.9436,0.2894][0.3897,0.9024,0][-28.1416,0.4602,1.243][0.0921,-0.1741,0.9804][0.554,0.584,0][-47.4742,1.712,1.2426][-0.6668,0.4385,0.6026][0.989,0.5558,0][-28.8288,-0.112,1.243][0.1369,-0.0811,0.9873][0.5695,0.5969,0][-28.8288,-0.112,1.243][0.1369,-0.0811,0.9873][0.0112,0.7328,0][-28.5522,-0.2476,1.1022][0.2266,-0.1198,0.9666][0.0129,0.7351,0][-28.1416,0.4602,1.243][0.0921,-0.1741,0.9804][0.007,0.74,0][-28.0194,0.1946,1.1006][0.1199,-0.2176,0.9686][0.0096,0.7407,0][-28.1416,0.4602,1.243][0.0921,-0.1741,0.9804][0.007,0.74,0][-28.5522,-0.2476,1.1022][0.2266,-0.1198,0.9666][0.0129,0.7351,0][-28.1416,0.4602,1.243][0.0921,-0.1741,0.9804][0.007,0.74,0][-28.0194,0.1946,1.1006][0.1199,-0.2176,0.9686][0.0096,0.7407,0][-26.9416,0.8172,1.243][0.0362,-0.2097,0.9771][0.0056,0.7516,0][-28.0194,0.1946,1.1006][0.1199,-0.2176,0.9686][0.0532,0.7821,0][-28.5522,-0.2476,1.1022][0.2266,-0.1198,0.9666][0.0417,0.7725,0][-26.9108,0.5358,1.1018][0.0441,-0.2423,0.9692][0.0771,0.7894,0][-26.9108,0.5358,1.1018][0.0441,-0.2423,0.9692][0.0082,0.7514,0][-26.9416,0.8172,1.243][0.0362,-0.2097,0.9771][0.0056,0.7516,0][-28.0194,0.1946,1.1006][0.1199,-0.2176,0.9686][0.0096,0.7407,0][-26.9108,0.5358,1.1018][0.0441,-0.2423,0.9692][0.0771,0.7894,0][-24.899,-0.0134,1.1018][-0.1972,-0.0877,0.9764][0.1205,0.7776,0][-25.9608,0.577,1.1018][-0.061,-0.2448,0.9677][0.0976,0.7903,0][-24.899,-0.0134,1.1018][-0.1972,-0.0877,0.9764][0.1205,0.7776,0][-26.9108,0.5358,1.1018][0.0441,-0.2423,0.9692][0.0771,0.7894,0][-28.5522,-0.2476,1.1022][0.2266,-0.1198,0.9666][0.0417,0.7725,0][-10.3818,-2.3584,0.2824][0.7071,-0,0.7071][0.3998,0.6291,0][-10.3818,-4.774,0.2824][0.6513,-0.4694,0.5962][0.3998,0.5849,0][-10.3818,-2.3584,-0.2824][0.7071,-0,-0.7071][0.3998,0.6291,0][-10.3818,-2.3584,0.2824][0.7071,-0,0.7071][0.3998,0.6291,0][-13.8512,-5.2978,0.2824][-0.4925,0.2465,0.8347][0.3363,0.5753,0][-10.3818,-4.774,0.2824][0.6513,-0.4694,0.5962][0.3998,0.5849,0][-13.8512,-5.2978,0.2824][-0.4925,0.2465,0.8347][0.3363,0.5753,0][-10.3818,-2.3584,0.2824][0.7071,-0,0.7071][0.3998,0.6291,0][-13.9822,-2.3584,0.2824][-0.7165,-0.0319,0.6969][0.3339,0.6291,0][-13.8512,-5.2978,0.2824][-0.4925,0.2465,0.8347][0.3363,0.5753,0][-13.9822,-2.3584,0.2824][-0.7165,-0.0319,0.6969][0.3339,0.6291,0][-13.8512,-5.2978,-0.2824][-0.4925,0.2465,-0.8347][0.3363,0.5753,0][-13.9822,-2.3584,-0.2824][-0.7165,-0.0319,-0.6969][0.3339,0.6291,0][-13.8512,-5.2978,-0.2824][-0.4925,0.2465,-0.8347][0.3363,0.5753,0][-13.9822,-2.3584,0.2824][-0.7165,-0.0319,0.6969][0.3339,0.6291,0][-13.9822,-2.3584,-0.2824][-0.7165,-0.0319,-0.6969][0.3339,0.6291,0][-10.3818,-2.3584,-0.2824][0.7071,-0,-0.7071][0.3998,0.6291,0][-13.8512,-5.2978,-0.2824][-0.4925,0.2465,-0.8347][0.3363,0.5753,0][-13.8512,-5.2978,-0.2824][-0.4925,0.2465,-0.8347][0.3363,0.5753,0][-15.2914,-6.2796,-0.2824][-0.0938,0.5711,-0.8155][0.3099,0.5573,0][-13.8512,-5.2978,0.2824][-0.4925,0.2465,0.8347][0.3363,0.5753,0][-13.8512,-5.2978,-0.2824][-0.4925,0.2465,-0.8347][0.3363,0.5753,0][-15.2914,-6.8688,-0.2824][0.0916,-0.7716,-0.6295][0.3099,0.5465,0][-15.2914,-6.2796,-0.2824][-0.0938,0.5711,-0.8155][0.3099,0.5573,0][-13.3276,-5.756,-0.2824][0.278,-0.6249,-0.7295][0.3459,0.5669,0][-13.8512,-5.2978,-0.2824][-0.4925,0.2465,-0.8347][0.3363,0.5753,0][-10.3818,-4.774,-0.2824][0.6513,-0.4694,-0.5962][0.3998,0.5849,0][-10.3818,-4.774,-0.2824][0.6513,-0.4694,-0.5962][0.3998,0.5849,0][-13.8512,-5.2978,-0.2824][-0.4925,0.2465,-0.8347][0.3363,0.5753,0][-10.3818,-2.3584,-0.2824][0.7071,-0,-0.7071][0.3998,0.6291,0][-15.2914,-6.8688,-0.2824][0.0916,-0.7716,-0.6295][0.3099,0.5465,0][-13.8512,-5.2978,-0.2824][-0.4925,0.2465,-0.8347][0.3363,0.5753,0][-13.3276,-5.756,-0.2824][0.278,-0.6249,-0.7295][0.3459,0.5669,0][-13.3276,-5.756,-0.2824][0.278,-0.6249,-0.7295][0.3459,0.5669,0][-10.3818,-4.774,-0.2824][0.6513,-0.4694,-0.5962][0.3998,0.5849,0][-13.3276,-5.756,0.2824][0.278,-0.6249,0.7295][0.3459,0.5669,0][-13.3276,-5.756,0.2824][0.278,-0.6249,0.7295][0.3459,0.5669,0][-15.2914,-6.8688,0.2824][0.0916,-0.7716,0.6295][0.3099,0.5465,0][-13.3276,-5.756,-0.2824][0.278,-0.6249,-0.7295][0.3459,0.5669,0][-15.2914,-6.8688,-0.2824][0.0916,-0.7716,-0.6295][0.3099,0.5465,0][-13.3276,-5.756,-0.2824][0.278,-0.6249,-0.7295][0.3459,0.5669,0][-15.2914,-6.8688,0.2824][0.0916,-0.7716,0.6295][0.3099,0.5465,0][-13.3276,-5.756,0.2824][0.278,-0.6249,0.7295][0.3459,0.5669,0][-13.8512,-5.2978,0.2824][-0.4925,0.2465,0.8347][0.3363,0.5753,0][-15.2914,-6.8688,0.2824][0.0916,-0.7716,0.6295][0.3099,0.5465,0][-15.2914,-6.8688,-0.2824][0.0916,-0.7716,-0.6295][0.3099,0.5465,0][-15.2914,-6.8688,0.2824][0.0916,-0.7716,0.6295][0.3099,0.5465,0][-19.5312,-5.6534,-0.2824][-0.1928,-0.6724,-0.7147][0.2322,0.5688,0][-19.5312,-5.6534,0.2824][-0.1927,-0.6724,0.7147][0.2322,0.5688,0][-19.5312,-5.6534,-0.2824][-0.1928,-0.6724,-0.7147][0.2322,0.5688,0][-15.2914,-6.8688,0.2824][0.0916,-0.7716,0.6295][0.3099,0.5465,0][-15.2914,-6.8688,0.2824][0.0916,-0.7716,0.6295][0.3099,0.5465,0][-15.2914,-6.2796,0.2824][-0.0938,0.5712,0.8155][0.3099,0.5573,0][-19.5312,-5.6534,0.2824][-0.1927,-0.6724,0.7147][0.2322,0.5688,0][-15.2914,-6.2796,0.2824][-0.0938,0.5712,0.8155][0.3099,0.5573,0][-15.2914,-6.8688,0.2824][0.0916,-0.7716,0.6295][0.3099,0.5465,0][-13.8512,-5.2978,0.2824][-0.4925,0.2465,0.8347][0.3363,0.5753,0][-19.4002,-5.1296,0.2824][0.1923,0.687,0.7008][0.2346,0.5784,0][-19.5312,-5.6534,0.2824][-0.1927,-0.6724,0.7147][0.2322,0.5688,0][-15.2914,-6.2796,0.2824][-0.0938,0.5712,0.8155][0.3099,0.5573,0][-19.4002,-5.1296,0.2824][0.1923,0.687,0.7008][0.2346,0.5784,0][-15.2914,-6.2796,0.2824][-0.0938,0.5712,0.8155][0.3099,0.5573,0][-19.4002,-5.1296,-0.2824][0.1923,0.687,-0.7008][0.2346,0.5784,0][-15.2914,-6.2796,-0.2824][-0.0938,0.5711,-0.8155][0.3099,0.5573,0][-19.4002,-5.1296,-0.2824][0.1923,0.687,-0.7008][0.2346,0.5784,0][-15.2914,-6.2796,0.2824][-0.0938,0.5712,0.8155][0.3099,0.5573,0][-15.2914,-6.2796,0.2824][-0.0938,0.5712,0.8155][0.3099,0.5573,0][-13.8512,-5.2978,0.2824][-0.4925,0.2465,0.8347][0.3363,0.5753,0][-15.2914,-6.2796,-0.2824][-0.0938,0.5711,-0.8155][0.3099,0.5573,0][-15.2914,-6.2796,-0.2824][-0.0938,0.5711,-0.8155][0.3099,0.5573,0][-19.5312,-5.6534,-0.2824][-0.1928,-0.6724,-0.7147][0.2322,0.5688,0][-19.4002,-5.1296,-0.2824][0.1923,0.687,-0.7008][0.2346,0.5784,0][-19.5312,-5.6534,-0.2824][-0.1928,-0.6724,-0.7147][0.2322,0.5688,0][-15.2914,-6.2796,-0.2824][-0.0938,0.5711,-0.8155][0.3099,0.5573,0][-15.2914,-6.8688,-0.2824][0.0916,-0.7716,-0.6295][0.3099,0.5465,0][-10.3818,-4.774,0.2824][0.6513,-0.4694,0.5962][0.3998,0.5849,0][-13.3276,-5.756,0.2824][0.278,-0.6249,0.7295][0.3459,0.5669,0][-10.3818,-4.774,-0.2824][0.6513,-0.4694,-0.5962][0.3998,0.5849,0][-10.3818,-4.774,0.2824][0.6513,-0.4694,0.5962][0.3998,0.5849,0][-13.8512,-5.2978,0.2824][-0.4925,0.2465,0.8347][0.3363,0.5753,0][-13.3276,-5.756,0.2824][0.278,-0.6249,0.7295][0.3459,0.5669,0][-10.3818,-4.774,-0.2824][0.6513,-0.4694,-0.5962][0.3998,0.5849,0][-10.3818,-2.3584,-0.2824][0.7071,-0,-0.7071][0.3998,0.6291,0][-10.3818,-4.774,0.2824][0.6513,-0.4694,0.5962][0.3998,0.5849,0][19.8026,-3.4724,0.005][0.725,0.6883,0.0227][0.0063,0.4877,0][20.9264,-3.3568,-0.7732][-0.1567,0.854,-0.4961][0.0392,0.4415,0][19.8026,-4.078,-1.0482][0.4649,0.193,-0.8641][0.0713,0.4877,0][19.8026,-4.078,-1.0482][0.4649,0.193,-0.8641][0.3446,0.0745,0][19.8068,-2.616,-1.6962][0.9544,0.0696,-0.2902][0.3244,0.1199,0][19.8026,-3.4724,0.005][0.725,0.6883,0.0227][0.3773,0.0933,0][19.8026,-4.078,-1.0482][0.4649,0.193,-0.8641][0.3446,0.0745,0][19.2356,-2.6284,-2.5424][0.6391,-0.1155,-0.7604][0.2981,0.1195,0][19.8068,-2.616,-1.6962][0.9544,0.0696,-0.2902][0.3244,0.1199,0][19.2356,-2.6284,-2.5424][0.6391,-0.1155,-0.7604][0.2981,0.1195,0][19.8026,-4.078,-1.0482][0.4649,0.193,-0.8641][0.3446,0.0745,0][18.742,-4.6864,-2.0658][0.7092,-0.298,-0.639][0.3129,0.0556,0][19.8026,-5.2878,-1.0482][0.0469,-0.5809,-0.8126][0.3446,0.0369,0][18.742,-4.6864,-2.0658][0.7092,-0.298,-0.639][0.3129,0.0556,0][19.8026,-4.078,-1.0482][0.4649,0.193,-0.8641][0.3446,0.0745,0][19.8026,-4.078,-1.0482][0.4649,0.193,-0.8641][0.0713,0.4877,0][20.9264,-4.682,-1.5366][-0.1565,-0.0018,-0.9877][0.1037,0.4415,0][19.8026,-5.2878,-1.0482][0.0469,-0.5809,-0.8126][0.1362,0.4877,0][20.9264,-4.682,-1.5366][-0.1565,-0.0018,-0.9877][0.1037,0.4415,0][19.8026,-4.078,-1.0482][0.4649,0.193,-0.8641][0.0713,0.4877,0][20.9264,-3.9184,-1.3316][-0.1372,0.4941,-0.8585][0.0715,0.4415,0][20.9264,-3.9184,-1.3316][-0.1372,0.4941,-0.8585][0.0715,0.4415,0][19.8026,-4.078,-1.0482][0.4649,0.193,-0.8641][0.0713,0.4877,0][20.9264,-3.3568,-0.7732][-0.1567,0.854,-0.4961][0.0392,0.4415,0][20.9264,-3.3568,-0.7732][-0.1567,0.854,-0.4961][0.0392,0.4415,0][25.8196,-3.354,-0.7682][-0,0.8655,-0.5008][0.0389,0.2304,0][20.9264,-3.9184,-1.3316][-0.1372,0.4941,-0.8585][0.0715,0.4415,0][25.8196,-3.354,-0.7682][-0,0.8655,-0.5008][0.0389,0.2304,0][20.9264,-3.3568,-0.7732][-0.1567,0.854,-0.4961][0.0392,0.4415,0][20.9264,-3.1468,0.0018][-0.1373,0.9905,-0.002][0.0065,0.4415,0][19.8026,-3.4724,0.005][0.725,0.6883,0.0227][0.0063,0.4877,0][20.9264,-3.1468,0.0018][-0.1373,0.9905,-0.002][0.0065,0.4415,0][20.9264,-3.3568,-0.7732][-0.1567,0.854,-0.4961][0.0392,0.4415,0][20.9264,-3.1468,0.0018][-0.1373,0.9905,-0.002][0.0065,0.4415,0][19.8026,-3.4724,0.005][0.725,0.6883,0.0227][0.0063,0.4877,0][20.9264,-3.3518,0.7708][-0.2098,0.8329,0.5121][0.039,0.4415,0][20.9264,-3.1468,0.0018][-0.1373,0.9905,-0.002][0.0065,0.4415,0][25.8196,-3.1468,0.0018][-0,1,0.0011][0.0065,0.2304,0][25.8196,-3.354,-0.7682][-0,0.8655,-0.5008][0.0389,0.2304,0][25.8196,-3.1468,0.0018][-0,1,0.0011][0.0065,0.2304,0][20.9264,-3.1468,0.0018][-0.1373,0.9905,-0.002][0.0065,0.4415,0][25.8196,-3.3588,0.783][-0.0003,0.8654,0.501][0.0395,0.2304,0][20.9264,-3.3518,0.7708][-0.2098,0.8329,0.5121][0.039,0.4415,0][25.8196,-3.3588,0.783][-0.0003,0.8654,0.501][0.0395,0.2304,0][20.9264,-3.1468,0.0018][-0.1373,0.9905,-0.002][0.0065,0.4415,0][25.8196,-3.3588,0.783][-0.0003,0.8654,0.501][0.0395,0.2304,0][20.9264,-3.3518,0.7708][-0.2098,0.8329,0.5121][0.039,0.4415,0][25.8196,-3.909,1.3346][-0.0003,0.4992,0.8665][0.0712,0.2304,0][20.9264,-3.3518,0.7708][-0.2098,0.8329,0.5121][0.039,0.4415,0][19.8026,-3.4724,0.005][0.725,0.6883,0.0227][0.0063,0.4877,0][20.9264,-3.909,1.3346][-0.1667,0.518,0.839][0.0712,0.4415,0][20.9264,-3.909,1.3346][-0.1667,0.518,0.839][0.0712,0.4415,0][25.8196,-3.909,1.3346][-0.0003,0.4992,0.8665][0.0712,0.2304,0][20.9264,-3.3518,0.7708][-0.2098,0.8329,0.5121][0.039,0.4415,0][20.9264,-4.682,1.5388][-0.1545,-0.0009,0.988][0.1038,0.4415,0][25.8196,-4.682,1.5388][-0,-0.0012,1][0.1038,0.2304,0][20.9264,-3.909,1.3346][-0.1667,0.518,0.839][0.0712,0.4415,0][25.8196,-3.909,1.3346][-0.0003,0.4992,0.8665][0.0712,0.2304,0][20.9264,-3.909,1.3346][-0.1667,0.518,0.839][0.0712,0.4415,0][25.8196,-4.682,1.5388][-0,-0.0012,1][0.1038,0.2304,0][20.9264,-3.909,1.3346][-0.1667,0.518,0.839][0.0712,0.4415,0][19.8026,-4.078,1.058][0.4987,0.2158,0.8395][0.0715,0.4877,0][20.9264,-4.682,1.5388][-0.1545,-0.0009,0.988][0.1038,0.4415,0][19.8026,-4.078,1.058][0.4987,0.2158,0.8395][0.0715,0.4877,0][20.9264,-3.909,1.3346][-0.1667,0.518,0.839][0.0712,0.4415,0][19.8026,-3.4724,0.005][0.725,0.6883,0.0227][0.0063,0.4877,0][19.8026,-3.4724,0.005][0.725,0.6883,0.0227][0.3773,0.0933,0][19.8068,-2.616,1.6962][0.9545,0.071,0.2898][0.4298,0.1199,0][19.8026,-4.078,1.058][0.4987,0.2158,0.8395][0.41,0.0745,0][19.8068,-2.616,1.6962][0.9545,0.071,0.2898][0.4298,0.1199,0][19.2356,-2.6284,2.5426][0.6387,-0.115,0.7608][0.4561,0.1195,0][19.8026,-4.078,1.058][0.4987,0.2158,0.8395][0.41,0.0745,0][19.8026,-5.2878,1.058][0.0469,-0.581,0.8126][0.1361,0.4877,0][20.9264,-4.682,1.5388][-0.1545,-0.0009,0.988][0.1038,0.4415,0][19.8026,-4.078,1.058][0.4987,0.2158,0.8395][0.0715,0.4877,0][19.8026,-4.078,1.058][0.4987,0.2158,0.8395][0.41,0.0745,0][18.742,-4.6864,2.0658][0.7077,-0.2982,0.6405][0.4413,0.0556,0][19.8026,-5.2878,1.058][0.0469,-0.581,0.8126][0.41,0.0369,0][18.742,-4.6864,2.0658][0.7077,-0.2982,0.6405][0.4413,0.0556,0][19.8026,-4.078,1.058][0.4987,0.2158,0.8395][0.41,0.0745,0][19.2356,-2.6284,2.5426][0.6387,-0.115,0.7608][0.4561,0.1195,0][19.2356,-2.6284,2.5426][0.6387,-0.115,0.7608][0.9909,0.1486,0][18.7314,-2.6282,2.7556][0.5658,-0.1295,0.8143][0.9791,0.1483,0][18.742,-4.6864,2.0658][0.7077,-0.2982,0.6405][0.9793,0.0804,0][19.2356,-2.6284,2.5426][0.6387,-0.115,0.7608][0.4561,0.1195,0][19.8068,-2.616,1.6962][0.9545,0.071,0.2898][0.4298,0.1199,0][19.1104,-1.601,2.5426][0.6868,0.1914,0.7012][0.4561,0.1514,0][19.1104,-1.601,2.5426][0.6868,0.1914,0.7012][0.988,0.1807,0][18.7314,-1.595,2.7556][0.3434,0.2917,0.8928][0.9791,0.1784,0][19.2356,-2.6284,2.5426][0.6387,-0.115,0.7608][0.9909,0.1486,0][18.7314,-2.6282,2.7556][0.5658,-0.1295,0.8143][0.9791,0.1483,0][19.2356,-2.6284,2.5426][0.6387,-0.115,0.7608][0.9909,0.1486,0][18.7314,-1.595,2.7556][0.3434,0.2917,0.8928][0.9791,0.1784,0][18.7314,-1.595,2.7556][0.3434,0.2917,0.8928][0.9791,0.1784,0][18.1664,-2.16,3.317][0.2972,0.2918,0.9091][0.9658,0.1595,0][18.7314,-2.6282,2.7556][0.5658,-0.1295,0.8143][0.9791,0.1483,0][16.7668,-0.5732,2.4864][0.0257,0.5349,0.8445][0.9328,0.2058,0][16.7668,-1.595,2.7556][-0.1087,0.2381,0.9651][0.9328,0.1784,0][18.7314,-1.595,2.7556][0.3434,0.2917,0.8928][0.9791,0.1784,0][18.7314,-1.595,2.7556][0.3434,0.2917,0.8928][0.9791,0.1784,0][18.9854,-0.59,2.26][0.5781,0.6539,0.4881][0.985,0.2096,0][16.7668,-0.5732,2.4864][0.0257,0.5349,0.8445][0.9328,0.2058,0][17.3318,-2.16,3.317][-0.2988,0.2945,0.9077][0.9461,0.1595,0][18.7314,-1.595,2.7556][0.3434,0.2917,0.8928][0.9791,0.1784,0][16.7668,-1.595,2.7556][-0.1087,0.2381,0.9651][0.9328,0.1784,0][18.1664,-2.16,3.317][0.2972,0.2918,0.9091][0.9658,0.1595,0][18.7314,-1.595,2.7556][0.3434,0.2917,0.8928][0.9791,0.1784,0][17.3318,-2.16,3.317][-0.2988,0.2945,0.9077][0.9461,0.1595,0][18.9854,-0.59,2.26][0.5781,0.6539,0.4881][0.985,0.2096,0][18.7314,-1.595,2.7556][0.3434,0.2917,0.8928][0.9791,0.1784,0][19.1104,-1.601,2.5426][0.6868,0.1914,0.7012][0.988,0.1807,0][19.8068,-2.616,1.6962][0.9545,0.071,0.2898][0.4298,0.1199,0][19.8068,-2.616,-1.6962][0.9544,0.0696,-0.2902][0.3244,0.1199,0][18.9854,-0.59,2.26][0.5781,0.6539,0.4881][0.4474,0.1828,0][18.9854,-0.591,-2.26][0.5779,0.6543,-0.4878][0.3069,0.1828,0][18.9854,-0.59,2.26][0.5781,0.6539,0.4881][0.4474,0.1828,0][19.8068,-2.616,-1.6962][0.9544,0.0696,-0.2902][0.3244,0.1199,0][17.6462,0.0212,1.13][0.4798,0.8613,0.1672][0.4122,0.2018,0][18.9854,-0.59,2.26][0.5781,0.6539,0.4881][0.4474,0.1828,0][18.9854,-0.591,-2.26][0.5779,0.6543,-0.4878][0.3069,0.1828,0][18.9854,-0.59,2.26][0.5781,0.6539,0.4881][0.4474,0.1828,0][17.6462,0.0212,1.13][0.4798,0.8613,0.1672][0.4122,0.2018,0][16.8258,-0.009,1.8396][0.2596,0.6159,0.7438][0.4343,0.2009,0][18.9854,-0.59,2.26][0.5781,0.6539,0.4881][0.4474,0.1828,0][19.1104,-1.601,2.5426][0.6868,0.1914,0.7012][0.4561,0.1514,0][19.8068,-2.616,1.6962][0.9545,0.071,0.2898][0.4298,0.1199,0][16.8258,-0.009,1.8396][0.2596,0.6159,0.7438][0.9342,0.2281,0][16.7668,-0.5732,2.4864][0.0257,0.5349,0.8445][0.9328,0.2058,0][18.9854,-0.59,2.26][0.5781,0.6539,0.4881][0.985,0.2096,0][9.5546,-0.009,1.8396][-0,0.3357,0.942][0.763,0.2281,0][12.6172,-0.5732,2.4864][-0,0.5274,0.8496][0.8351,0.2058,0][16.8258,-0.009,1.8396][0.2596,0.6159,0.7438][0.9342,0.2281,0][16.0756,0.8602,1.9878][0.2028,0.4846,0.8509][0.9165,0.2356,0][9.5546,-0.009,1.8396][-0,0.3357,0.942][0.763,0.2281,0][16.8258,-0.009,1.8396][0.2596,0.6159,0.7438][0.9342,0.2281,0][16.8258,-0.009,1.8396][0.2596,0.6159,0.7438][0.4343,0.2009,0][16.8252,0.7532,1.4126][0.4873,0.8167,0.3092][0.421,0.2246,0][16.0756,0.8602,1.9878][0.2028,0.4846,0.8509][0.4389,0.2279,0][16.8252,0.7532,1.4126][0.4873,0.8167,0.3092][0.421,0.2246,0][16.8258,-0.009,1.8396][0.2596,0.6159,0.7438][0.4343,0.2009,0][17.6462,0.0212,1.13][0.4798,0.8613,0.1672][0.4122,0.2018,0][16.7668,-0.5732,2.4864][0.0257,0.5349,0.8445][0.9328,0.2058,0][16.8258,-0.009,1.8396][0.2596,0.6159,0.7438][0.9342,0.2281,0][15.6642,-0.5732,2.4864][-0,0.5274,0.8496][0.9068,0.2058,0][13.6996,-0.5732,2.4864][-0,0.5274,0.8496][0.8606,0.2058,0][15.6642,-0.5732,2.4864][-0,0.5274,0.8496][0.9068,0.2058,0][16.8258,-0.009,1.8396][0.2596,0.6159,0.7438][0.9342,0.2281,0][16.8258,-0.009,1.8396][0.2596,0.6159,0.7438][0.9342,0.2281,0][12.6172,-0.5732,2.4864][-0,0.5274,0.8496][0.8351,0.2058,0][13.6996,-0.5732,2.4864][-0,0.5274,0.8496][0.8606,0.2058,0][13.6996,-0.5732,2.4864][-0,0.5274,0.8496][0.8606,0.2058,0][12.6172,-0.5732,2.4864][-0,0.5274,0.8496][0.8351,0.2058,0][12.6172,-1.595,2.7556][0.1088,0.2384,0.9651][0.8351,0.1784,0][12.6172,-0.5732,2.4864][-0,0.5274,0.8496][0.8351,0.2058,0][10.6326,-0.5732,2.4864][-0.0003,0.5272,0.8498][0.7884,0.2058,0][10.6326,-1.595,2.7556][-0.1093,0.2385,0.965][0.7884,0.1784,0][10.6326,-1.595,2.7556][-0.1093,0.2385,0.965][0.7884,0.1784,0][12.6172,-1.595,2.7556][0.1088,0.2384,0.9651][0.8351,0.1784,0][12.6172,-0.5732,2.4864][-0,0.5274,0.8496][0.8351,0.2058,0][10.6326,-0.5732,2.4864][-0.0003,0.5272,0.8498][0.7884,0.2058,0][12.6172,-0.5732,2.4864][-0,0.5274,0.8496][0.8351,0.2058,0][9.5546,-0.009,1.8396][-0,0.3357,0.942][0.763,0.2281,0][10.6326,-0.5732,2.4864][-0.0003,0.5272,0.8498][0.7884,0.2058,0][9.5546,-0.5732,2.4864][-0,0.5264,0.8502][0.763,0.2058,0][9.5546,-1.605,2.7556][0.1085,0.2371,0.9654][0.763,0.1781,0][9.5546,-0.009,1.8396][-0,0.3357,0.942][0.763,0.2281,0][9.5546,-0.5732,2.4864][-0,0.5264,0.8502][0.763,0.2058,0][10.6326,-0.5732,2.4864][-0.0003,0.5272,0.8498][0.7884,0.2058,0][9.5546,-1.605,2.7556][0.1085,0.2371,0.9654][0.763,0.1781,0][10.6326,-1.595,2.7556][-0.1093,0.2385,0.965][0.7884,0.1784,0][10.6326,-0.5732,2.4864][-0.0003,0.5272,0.8498][0.7884,0.2058,0][7.577,-1.605,2.7556][-0.1082,0.2366,0.9656][0.7165,0.1781,0][9.5546,-1.605,2.7556][0.1085,0.2371,0.9654][0.763,0.1781,0][9.5546,-0.5732,2.4864][-0,0.5264,0.8502][0.763,0.2058,0][7.577,-1.605,2.7556][-0.1082,0.2366,0.9656][0.7165,0.1781,0][8.142,-2.17,3.3168][-0.3,0.2957,0.907][0.7298,0.1593,0][9.5546,-1.605,2.7556][0.1085,0.2371,0.9654][0.763,0.1781,0][9.5546,-1.605,2.7556][0.1085,0.2371,0.9654][0.763,0.1781,0][8.142,-2.17,3.3168][-0.3,0.2957,0.907][0.7298,0.1593,0][8.9894,-2.17,3.3168][0.2982,0.2963,0.9073][0.7497,0.1593,0][9.5546,-1.605,2.7556][0.1085,0.2371,0.9654][0.763,0.1781,0][8.9894,-2.17,3.3168][0.2982,0.2963,0.9073][0.7497,0.1593,0][9.5544,-2.6282,2.7556][0.3978,-0.1482,0.9054][0.763,0.1483,0][10.6326,-1.595,2.7556][-0.1093,0.2385,0.965][0.7884,0.1784,0][9.5546,-1.605,2.7556][0.1085,0.2371,0.9654][0.763,0.1781,0][10.6326,-2.6282,2.7556][-0.3963,-0.1494,0.9059][0.7884,0.1483,0][9.5544,-2.6282,2.7556][0.3978,-0.1482,0.9054][0.763,0.1483,0][10.6326,-2.6282,2.7556][-0.3963,-0.1494,0.9059][0.7884,0.1483,0][9.5546,-1.605,2.7556][0.1085,0.2371,0.9654][0.763,0.1781,0][10.6326,-2.6282,2.7556][-0.3963,-0.1494,0.9059][0.7884,0.1483,0][9.5544,-2.6282,2.7556][0.3978,-0.1482,0.9054][0.763,0.1483,0][10.6278,-5.1574,1.9082][-0.4217,-0.5849,0.6929][0.7883,0.0678,0][8.9894,-2.7192,3.3132][0.3682,-0.1561,0.9166][0.7497,0.1453,0][9.5544,-2.6282,2.7556][0.3978,-0.1482,0.9054][0.763,0.1483,0][8.9894,-2.17,3.3168][0.2982,0.2963,0.9073][0.7497,0.1593,0][9.5544,-5.1574,1.9082][0.4206,-0.5903,0.689][0.763,0.0678,0][9.5544,-2.6282,2.7556][0.3978,-0.1482,0.9054][0.763,0.1483,0][8.9894,-2.7192,3.3132][0.3682,-0.1561,0.9166][0.7497,0.1453,0][10.6278,-5.1574,1.9082][-0.4217,-0.5849,0.6929][0.7883,0.0678,0][9.5544,-2.6282,2.7556][0.3978,-0.1482,0.9054][0.763,0.1483,0][9.5544,-5.1574,1.9082][0.4206,-0.5903,0.689][0.763,0.0678,0][9.5544,-5.1574,1.9082][0.4206,-0.5903,0.689][0.763,0.0678,0][9.5544,-6.1616,-0.008][0.3118,-0.9502,-0.0017][0.763,0.0106,0][10.6278,-5.1574,1.9082][-0.4217,-0.5849,0.6929][0.7883,0.0678,0][10.6278,-6.1614,-0.008][-0.3117,-0.9502,-0.0019][0.7883,0.0106,0][10.6278,-5.1574,1.9082][-0.4217,-0.5849,0.6929][0.7883,0.0678,0][9.5544,-6.1616,-0.008][0.3118,-0.9502,-0.0017][0.763,0.0106,0][10.6278,-5.1574,1.9082][-0.4217,-0.5849,0.6929][0.7883,0.0678,0][10.6278,-6.1614,-0.008][-0.3117,-0.9502,-0.0019][0.7883,0.0106,0][11.192,-6.3538,0.8232][-0.3245,-0.9048,0.2759][0.8016,0.0299,0][11.192,-6.3538,0.8232][-0.3245,-0.9048,0.2759][0.8016,0.0299,0][11.1926,-5.5248,2.3384][-0.3561,-0.6023,0.7144][0.8016,0.0704,0][10.6278,-5.1574,1.9082][-0.4217,-0.5849,0.6929][0.7883,0.0678,0][10.6278,-5.1574,1.9082][-0.4217,-0.5849,0.6929][0.7883,0.0678,0][11.1926,-5.5248,2.3384][-0.3561,-0.6023,0.7144][0.8016,0.0704,0][10.6326,-2.6282,2.7556][-0.3963,-0.1494,0.9059][0.7884,0.1483,0][11.1926,-5.5248,2.3384][-0.3561,-0.6023,0.7144][0.8016,0.0704,0][11.192,-6.3538,0.8232][-0.3245,-0.9048,0.2759][0.8016,0.0299,0][12.047,-6.3548,0.8278][0.3293,-0.9019,0.2797][0.8217,0.03,0][11.1976,-2.7198,3.3132][-0.3697,-0.1567,0.9158][0.8017,0.1453,0][10.6326,-2.6282,2.7556][-0.3963,-0.1494,0.9059][0.7884,0.1483,0][11.1926,-5.5248,2.3384][-0.3561,-0.6023,0.7144][0.8016,0.0704,0][11.1926,-5.5248,2.3384][-0.3561,-0.6023,0.7144][0.8016,0.0704,0][12.0476,-5.5228,2.3388][0.3572,-0.6043,0.7122][0.8217,0.0705,0][11.1976,-2.7198,3.3132][-0.3697,-0.1567,0.9158][0.8017,0.1453,0][12.047,-6.3548,0.8278][0.3293,-0.9019,0.2797][0.8217,0.03,0][12.0476,-5.5228,2.3388][0.3572,-0.6043,0.7122][0.8217,0.0705,0][11.1926,-5.5248,2.3384][-0.3561,-0.6023,0.7144][0.8016,0.0704,0][12.6124,-5.1572,1.9082][0.4208,-0.5907,0.6885][0.835,0.0678,0][12.0476,-5.5228,2.3388][0.3572,-0.6043,0.7122][0.8217,0.0705,0][12.6124,-6.1614,-0.008][0.3115,-0.9502,-0.0017][0.835,0.0106,0][12.6124,-6.1614,-0.008][0.3115,-0.9502,-0.0017][0.835,0.0106,0][12.0476,-5.5228,2.3388][0.3572,-0.6043,0.7122][0.8217,0.0705,0][12.047,-6.3548,0.8278][0.3293,-0.9019,0.2797][0.8217,0.03,0][12.0476,-5.5228,2.3388][0.3572,-0.6043,0.7122][0.8217,0.0705,0][12.6124,-5.1572,1.9082][0.4208,-0.5907,0.6885][0.835,0.0678,0][12.0522,-2.7188,3.3134][0.3684,-0.1562,0.9164][0.8218,0.1453,0][12.0522,-2.7188,3.3134][0.3684,-0.1562,0.9164][0.8218,0.1453,0][11.1976,-2.7198,3.3132][-0.3697,-0.1567,0.9158][0.8017,0.1453,0][12.0476,-5.5228,2.3388][0.3572,-0.6043,0.7122][0.8217,0.0705,0][12.6124,-6.1614,-0.008][0.3115,-0.9502,-0.0017][0.835,0.0106,0][13.695,-5.1572,1.9082][-0.4215,-0.5848,0.6931][0.8605,0.0678,0][12.6124,-5.1572,1.9082][0.4208,-0.5907,0.6885][0.835,0.0678,0][12.0522,-2.7188,3.3134][0.3684,-0.1562,0.9164][0.8218,0.1453,0][12.6124,-5.1572,1.9082][0.4208,-0.5907,0.6885][0.835,0.0678,0][12.6172,-2.6282,2.7556][0.3976,-0.1486,0.9054][0.8351,0.1483,0][12.6124,-5.1572,1.9082][0.4208,-0.5907,0.6885][0.835,0.0678,0][13.695,-5.1572,1.9082][-0.4215,-0.5848,0.6931][0.8605,0.0678,0][13.6996,-2.6282,2.7556][-0.3962,-0.1495,0.9059][0.8606,0.1483,0][13.6996,-2.6282,2.7556][-0.3962,-0.1495,0.9059][0.8606,0.1483,0][12.6172,-2.6282,2.7556][0.3976,-0.1486,0.9054][0.8351,0.1483,0][12.6124,-5.1572,1.9082][0.4208,-0.5907,0.6885][0.835,0.0678,0][12.6172,-2.6282,2.7556][0.3976,-0.1486,0.9054][0.8351,0.1483,0][13.6996,-2.6282,2.7556][-0.3962,-0.1495,0.9059][0.8606,0.1483,0][13.6996,-1.595,2.7556][-0.1087,0.2381,0.9651][0.8606,0.1784,0][13.6996,-1.595,2.7556][-0.1087,0.2381,0.9651][0.8606,0.1784,0][12.6172,-1.595,2.7556][0.1088,0.2384,0.9651][0.8351,0.1784,0][12.6172,-2.6282,2.7556][0.3976,-0.1486,0.9054][0.8351,0.1483,0][12.0522,-2.16,3.317][0.2983,0.2964,0.9073][0.8218,0.1595,0][12.6172,-2.6282,2.7556][0.3976,-0.1486,0.9054][0.8351,0.1483,0][12.6172,-1.595,2.7556][0.1088,0.2384,0.9651][0.8351,0.1784,0][12.6172,-2.6282,2.7556][0.3976,-0.1486,0.9054][0.8351,0.1483,0][12.0522,-2.16,3.317][0.2983,0.2964,0.9073][0.8218,0.1595,0][12.0522,-2.7188,3.3134][0.3684,-0.1562,0.9164][0.8218,0.1453,0][11.1976,-2.7198,3.3132][-0.3697,-0.1567,0.9158][0.8017,0.1453,0][12.0522,-2.7188,3.3134][0.3684,-0.1562,0.9164][0.8218,0.1453,0][12.0522,-2.16,3.317][0.2983,0.2964,0.9073][0.8218,0.1595,0][12.0522,-2.16,3.317][0.2983,0.2964,0.9073][0.8218,0.1595,0][11.1976,-2.16,3.317][-0.3001,0.2956,0.9069][0.8017,0.1595,0][11.1976,-2.7198,3.3132][-0.3697,-0.1567,0.9158][0.8017,0.1453,0][12.6172,-1.595,2.7556][0.1088,0.2384,0.9651][0.8351,0.1784,0][11.1976,-2.16,3.317][-0.3001,0.2956,0.9069][0.8017,0.1595,0][12.0522,-2.16,3.317][0.2983,0.2964,0.9073][0.8218,0.1595,0][11.1976,-2.16,3.317][-0.3001,0.2956,0.9069][0.8017,0.1595,0][12.6172,-1.595,2.7556][0.1088,0.2384,0.9651][0.8351,0.1784,0][10.6326,-1.595,2.7556][-0.1093,0.2385,0.965][0.7884,0.1784,0][10.6326,-1.595,2.7556][-0.1093,0.2385,0.965][0.7884,0.1784,0][11.1976,-2.7198,3.3132][-0.3697,-0.1567,0.9158][0.8017,0.1453,0][11.1976,-2.16,3.317][-0.3001,0.2956,0.9069][0.8017,0.1595,0][12.6172,-1.595,2.7556][0.1088,0.2384,0.9651][0.8351,0.1784,0][13.6996,-1.595,2.7556][-0.1087,0.2381,0.9651][0.8606,0.1784,0][13.6996,-0.5732,2.4864][-0,0.5274,0.8496][0.8606,0.2058,0][15.6642,-0.5732,2.4864][-0,0.5274,0.8496][0.9068,0.2058,0][13.6996,-0.5732,2.4864][-0,0.5274,0.8496][0.8606,0.2058,0][13.6996,-1.595,2.7556][-0.1087,0.2381,0.9651][0.8606,0.1784,0][14.2646,-2.7196,3.3132][-0.3697,-0.1567,0.9158][0.8739,0.1453,0][13.6996,-1.595,2.7556][-0.1087,0.2381,0.9651][0.8606,0.1784,0][13.6996,-2.6282,2.7556][-0.3962,-0.1495,0.9059][0.8606,0.1483,0][13.6996,-1.595,2.7556][-0.1087,0.2381,0.9651][0.8606,0.1784,0][14.2646,-2.7196,3.3132][-0.3697,-0.1567,0.9158][0.8739,0.1453,0][14.2646,-2.16,3.317][-0.3001,0.2956,0.9069][0.8739,0.1595,0][14.2646,-2.16,3.317][-0.3001,0.2956,0.9069][0.8739,0.1595,0][15.6642,-1.595,2.7556][0.1088,0.2384,0.9651][0.9068,0.1784,0][13.6996,-1.595,2.7556][-0.1087,0.2381,0.9651][0.8606,0.1784,0][13.6996,-1.595,2.7556][-0.1087,0.2381,0.9651][0.8606,0.1784,0][15.6642,-1.595,2.7556][0.1088,0.2384,0.9651][0.9068,0.1784,0][15.6642,-0.5732,2.4864][-0,0.5274,0.8496][0.9068,0.2058,0][15.6642,-1.595,2.7556][0.1088,0.2384,0.9651][0.9068,0.1784,0][14.2646,-2.16,3.317][-0.3001,0.2956,0.9069][0.8739,0.1595,0][15.0992,-2.16,3.317][0.2983,0.2961,0.9074][0.8935,0.1595,0][15.0992,-2.16,3.317][0.2983,0.2961,0.9074][0.8935,0.1595,0][15.6642,-2.6282,2.7556][0.3984,-0.147,0.9054][0.9068,0.1483,0][15.6642,-1.595,2.7556][0.1088,0.2384,0.9651][0.9068,0.1784,0][16.7668,-1.595,2.7556][-0.1087,0.2381,0.9651][0.9328,0.1784,0][16.7668,-0.5732,2.4864][0.0257,0.5349,0.8445][0.9328,0.2058,0][15.6642,-1.595,2.7556][0.1088,0.2384,0.9651][0.9068,0.1784,0][15.6642,-0.5732,2.4864][-0,0.5274,0.8496][0.9068,0.2058,0][15.6642,-1.595,2.7556][0.1088,0.2384,0.9651][0.9068,0.1784,0][16.7668,-0.5732,2.4864][0.0257,0.5349,0.8445][0.9328,0.2058,0][15.6642,-1.595,2.7556][0.1088,0.2384,0.9651][0.9068,0.1784,0][15.6642,-2.6282,2.7556][0.3984,-0.147,0.9054][0.9068,0.1483,0][16.7668,-1.595,2.7556][-0.1087,0.2381,0.9651][0.9328,0.1784,0][15.0992,-2.7208,3.3128][0.3677,-0.1558,0.9168][0.8935,0.1453,0][15.6796,-5.157,1.9082][0.4199,-0.5895,0.69][0.9072,0.0678,0][15.6642,-2.6282,2.7556][0.3984,-0.147,0.9054][0.9068,0.1483,0][15.6642,-2.6282,2.7556][0.3984,-0.147,0.9054][0.9068,0.1483,0][15.0992,-2.16,3.317][0.2983,0.2961,0.9074][0.8935,0.1595,0][15.0992,-2.7208,3.3128][0.3677,-0.1558,0.9168][0.8935,0.1453,0][15.6642,-2.6282,2.7556][0.3984,-0.147,0.9054][0.9068,0.1483,0][15.6796,-5.157,1.9082][0.4199,-0.5895,0.69][0.9072,0.0678,0][16.7668,-2.6282,2.7556][-0.3962,-0.1495,0.9059][0.9328,0.1483,0][16.7668,-2.6282,2.7556][-0.3962,-0.1495,0.9059][0.9328,0.1483,0][16.7668,-1.595,2.7556][-0.1087,0.2381,0.9651][0.9328,0.1784,0][15.6642,-2.6282,2.7556][0.3984,-0.147,0.9054][0.9068,0.1483,0][17.3272,-5.5222,2.3388][-0.3489,-0.5994,0.7204][0.946,0.0705,0][16.7668,-2.6282,2.7556][-0.3962,-0.1495,0.9059][0.9328,0.1483,0][16.7622,-5.157,1.9082][-0.422,-0.584,0.6935][0.9327,0.0678,0][16.7622,-5.157,1.9082][-0.422,-0.584,0.6935][0.9327,0.0678,0][16.7668,-2.6282,2.7556][-0.3962,-0.1495,0.9059][0.9328,0.1483,0][15.6796,-5.157,1.9082][0.4199,-0.5895,0.69][0.9072,0.0678,0][16.7668,-2.6282,2.7556][-0.3962,-0.1495,0.9059][0.9328,0.1483,0][17.3272,-5.5222,2.3388][-0.3489,-0.5994,0.7204][0.946,0.0705,0][17.3318,-2.7196,3.3132][-0.3672,-0.156,0.917][0.9461,0.1453,0][17.3318,-2.7196,3.3132][-0.3672,-0.156,0.917][0.9461,0.1453,0][16.7668,-1.595,2.7556][-0.1087,0.2381,0.9651][0.9328,0.1784,0][16.7668,-2.6282,2.7556][-0.3962,-0.1495,0.9059][0.9328,0.1483,0][17.3272,-5.5222,2.3388][-0.3489,-0.5994,0.7204][0.946,0.0705,0][16.7622,-5.157,1.9082][-0.422,-0.584,0.6935][0.9327,0.0678,0][17.3266,-6.3498,0.8528][-0.3313,-0.9006,0.2814][0.946,0.0306,0][17.3266,-6.3498,0.8528][-0.3313,-0.9006,0.2814][0.946,0.0306,0][18.2918,-5.5386,2.3028][0.4305,-0.5796,0.6919][0.9687,0.0696,0][17.3272,-5.5222,2.3388][-0.3489,-0.5994,0.7204][0.946,0.0705,0][17.3318,-2.7196,3.3132][-0.3672,-0.156,0.917][0.9461,0.1453,0][17.3272,-5.5222,2.3388][-0.3489,-0.5994,0.7204][0.946,0.0705,0][18.1664,-2.7322,3.3064][0.3676,-0.1603,0.916][0.9658,0.145,0][18.1664,-2.7322,3.3064][0.3676,-0.1603,0.916][0.9658,0.145,0][17.3272,-5.5222,2.3388][-0.3489,-0.5994,0.7204][0.946,0.0705,0][18.2918,-5.5386,2.3028][0.4305,-0.5796,0.6919][0.9687,0.0696,0][18.742,-4.6864,2.0658][0.7077,-0.2982,0.6405][0.9793,0.0804,0][18.2918,-5.5386,2.3028][0.4305,-0.5796,0.6919][0.9687,0.0696,0][18.741,-5.7192,1.0382][0.6121,-0.6662,0.426][0.9793,0.0394,0][18.3852,-6.3612,0.8638][0.4058,-0.8731,0.2703][0.9709,0.0308,0][18.741,-5.7192,1.0382][0.6121,-0.6662,0.426][0.9793,0.0394,0][18.2918,-5.5386,2.3028][0.4305,-0.5796,0.6919][0.9687,0.0696,0][18.2918,-5.5386,2.3028][0.4305,-0.5796,0.6919][0.9687,0.0696,0][17.3266,-6.3498,0.8528][-0.3313,-0.9006,0.2814][0.946,0.0306,0][18.3852,-6.3612,0.8638][0.4058,-0.8731,0.2703][0.9709,0.0308,0][18.2918,-5.5386,2.3028][0.4305,-0.5796,0.6919][0.9687,0.0696,0][18.742,-4.6864,2.0658][0.7077,-0.2982,0.6405][0.9793,0.0804,0][18.1664,-2.7322,3.3064][0.3676,-0.1603,0.916][0.9658,0.145,0][18.3852,-6.3612,0.8638][0.4058,-0.8731,0.2703][0.9709,0.0308,0][17.3264,-6.357,0][-0.1693,-0.9856,-0][0.946,0.0108,0][18.384,-6.357,0][0.249,-0.9685,-0][0.9709,0.0108,0][18.384,-6.357,0][0.249,-0.9685,-0][0.9709,0.0108,0][18.74,-6.161,-0.008][0.5084,-0.8611,-0.0025][0.9793,0.0106,0][18.3852,-6.3612,0.8638][0.4058,-0.8731,0.2703][0.9709,0.0308,0][18.741,-5.7192,1.0382][0.6121,-0.6662,0.426][0.9793,0.0394,0][18.3852,-6.3612,0.8638][0.4058,-0.8731,0.2703][0.9709,0.0308,0][18.74,-6.161,-0.008][0.5084,-0.8611,-0.0025][0.9793,0.0106,0][17.3264,-6.357,0][-0.1693,-0.9856,-0][0.946,0.0108,0][18.3852,-6.3612,0.8638][0.4058,-0.8731,0.2703][0.9709,0.0308,0][17.3266,-6.3498,0.8528][-0.3313,-0.9006,0.2814][0.946,0.0306,0][17.3266,-6.3498,0.8528][-0.3313,-0.9006,0.2814][0.946,0.0306,0][16.7622,-6.161,-0.008][-0.3117,-0.9502,-0.0019][0.9327,0.0106,0][17.3264,-6.357,0][-0.1693,-0.9856,-0][0.946,0.0108,0][18.384,-6.357,0][0.249,-0.9685,-0][0.9709,0.0108,0][17.3264,-6.357,0][-0.1693,-0.9856,-0][0.946,0.0108,0][18.3852,-6.3612,-0.8638][0.405,-0.8733,-0.2709][0.9709,0.0304,0][17.3266,-6.3498,-0.8528][-0.3296,-0.9011,-0.2819][0.946,0.0303,0][18.3852,-6.3612,-0.8638][0.405,-0.8733,-0.2709][0.9709,0.0304,0][17.3264,-6.357,0][-0.1693,-0.9856,-0][0.946,0.0108,0][17.3264,-6.357,0][-0.1693,-0.9856,-0][0.946,0.0108,0][16.7622,-6.161,-0.008][-0.3117,-0.9502,-0.0019][0.9327,0.0106,0][17.3266,-6.3498,-0.8528][-0.3296,-0.9011,-0.2819][0.946,0.0303,0][16.7622,-5.157,-1.9082][-0.4214,-0.5834,-0.6944][0.9327,0.0675,0][17.3266,-6.3498,-0.8528][-0.3296,-0.9011,-0.2819][0.946,0.0303,0][16.7622,-6.161,-0.008][-0.3117,-0.9502,-0.0019][0.9327,0.0106,0][16.7622,-5.157,-1.9082][-0.4214,-0.5834,-0.6944][0.9327,0.0675,0][16.7622,-6.161,-0.008][-0.3117,-0.9502,-0.0019][0.9327,0.0106,0][15.6796,-6.1612,-0.008][0.3104,-0.9506,-0.0017][0.9072,0.0106,0][16.7622,-5.157,1.9082][-0.422,-0.584,0.6935][0.9327,0.0678,0][15.6796,-6.1612,-0.008][0.3104,-0.9506,-0.0017][0.9072,0.0106,0][16.7622,-6.161,-0.008][-0.3117,-0.9502,-0.0019][0.9327,0.0106,0][16.7622,-6.161,-0.008][-0.3117,-0.9502,-0.0019][0.9327,0.0106,0][17.3266,-6.3498,0.8528][-0.3313,-0.9006,0.2814][0.946,0.0306,0][16.7622,-5.157,1.9082][-0.422,-0.584,0.6935][0.9327,0.0678,0][15.6796,-5.157,1.9082][0.4199,-0.5895,0.69][0.9072,0.0678,0][15.6796,-6.1612,-0.008][0.3104,-0.9506,-0.0017][0.9072,0.0106,0][16.7622,-5.157,1.9082][-0.422,-0.584,0.6935][0.9327,0.0678,0][15.1144,-5.5238,2.338][0.3572,-0.6039,0.7125][0.8939,0.0704,0][15.6796,-6.1612,-0.008][0.3104,-0.9506,-0.0017][0.9072,0.0106,0][15.6796,-5.157,1.9082][0.4199,-0.5895,0.69][0.9072,0.0678,0][15.6796,-6.1612,-0.008][0.3104,-0.9506,-0.0017][0.9072,0.0106,0][15.1144,-5.5238,2.338][0.3572,-0.6039,0.7125][0.8939,0.0704,0][15.1136,-6.35,0.8416][0.3301,-0.9005,0.2831][0.8939,0.0304,0][15.1138,-6.3572,0][0.1658,-0.9862,-0][0.8939,0.0108,0][15.6796,-6.1612,-0.008][0.3104,-0.9506,-0.0017][0.9072,0.0106,0][15.1136,-6.35,0.8416][0.3301,-0.9005,0.2831][0.8939,0.0304,0][15.1136,-6.35,-0.8416][0.3272,-0.9015,-0.2832][0.8939,0.03,0][15.1144,-5.5238,-2.338][0.3568,-0.6037,-0.7129][0.8939,0.0701,0][15.6796,-6.1612,-0.008][0.3104,-0.9506,-0.0017][0.9072,0.0106,0][15.6796,-6.1612,-0.008][0.3104,-0.9506,-0.0017][0.9072,0.0106,0][15.1138,-6.3572,0][0.1658,-0.9862,-0][0.8939,0.0108,0][15.1136,-6.35,-0.8416][0.3272,-0.9015,-0.2832][0.8939,0.03,0][15.6796,-5.157,-1.9082][0.4198,-0.5883,-0.6912][0.9072,0.0675,0][15.6796,-6.1612,-0.008][0.3104,-0.9506,-0.0017][0.9072,0.0106,0][15.1144,-5.5238,-2.338][0.3568,-0.6037,-0.7129][0.8939,0.0701,0][15.6796,-6.1612,-0.008][0.3104,-0.9506,-0.0017][0.9072,0.0106,0][15.6796,-5.157,-1.9082][0.4198,-0.5883,-0.6912][0.9072,0.0675,0][16.7622,-5.157,-1.9082][-0.4214,-0.5834,-0.6944][0.9327,0.0675,0][15.1144,-5.5238,-2.338][0.3568,-0.6037,-0.7129][0.8939,0.0701,0][15.1136,-6.35,-0.8416][0.3272,-0.9015,-0.2832][0.8939,0.03,0][14.2596,-6.349,-0.837][-0.3233,-0.904,-0.2798][0.8738,0.0299,0][14.2596,-6.349,-0.837][-0.3233,-0.904,-0.2798][0.8738,0.0299,0][14.26,-5.5234,-2.3384][-0.356,-0.6018,-0.7149][0.8738,0.0701,0][15.1144,-5.5238,-2.338][0.3568,-0.6037,-0.7129][0.8939,0.0701,0][15.0992,-2.7208,-3.3128][0.3677,-0.1558,-0.9168][0.8935,0.1449,0][15.1144,-5.5238,-2.338][0.3568,-0.6037,-0.7129][0.8939,0.0701,0][14.26,-5.5234,-2.3384][-0.356,-0.6018,-0.7149][0.8738,0.0701,0][15.1144,-5.5238,-2.338][0.3568,-0.6037,-0.7129][0.8939,0.0701,0][15.0992,-2.7208,-3.3128][0.3677,-0.1558,-0.9168][0.8935,0.1449,0][15.6796,-5.157,-1.9082][0.4198,-0.5883,-0.6912][0.9072,0.0675,0][14.26,-5.5234,-2.3384][-0.356,-0.6018,-0.7149][0.8738,0.0701,0][14.2646,-2.7196,-3.3132][-0.3697,-0.1567,-0.9158][0.8739,0.145,0][15.0992,-2.7208,-3.3128][0.3677,-0.1558,-0.9168][0.8935,0.1449,0][15.0992,-2.16,-3.317][0.2983,0.2961,-0.9074][0.8935,0.1592,0][15.0992,-2.7208,-3.3128][0.3677,-0.1558,-0.9168][0.8935,0.1449,0][14.2646,-2.7196,-3.3132][-0.3697,-0.1567,-0.9158][0.8739,0.145,0][15.0992,-2.7208,-3.3128][0.3677,-0.1558,-0.9168][0.8935,0.1449,0][15.0992,-2.16,-3.317][0.2983,0.2961,-0.9074][0.8935,0.1592,0][15.6642,-2.6282,-2.7556][0.3984,-0.147,-0.9054][0.9068,0.1479,0][15.6642,-2.6282,-2.7556][0.3984,-0.147,-0.9054][0.9068,0.1479,0][15.6796,-5.157,-1.9082][0.4198,-0.5883,-0.6912][0.9072,0.0675,0][15.0992,-2.7208,-3.3128][0.3677,-0.1558,-0.9168][0.8935,0.1449,0][15.6642,-1.595,-2.7556][0.1088,0.2383,-0.9651][0.9068,0.178,0][15.6642,-2.6282,-2.7556][0.3984,-0.147,-0.9054][0.9068,0.1479,0][15.0992,-2.16,-3.317][0.2983,0.2961,-0.9074][0.8935,0.1592,0][15.6642,-2.6282,-2.7556][0.3984,-0.147,-0.9054][0.9068,0.1479,0][15.6642,-1.595,-2.7556][0.1088,0.2383,-0.9651][0.9068,0.178,0][16.7668,-1.595,-2.7556][-0.1087,0.238,-0.9652][0.9328,0.178,0][16.7668,-1.595,-2.7556][-0.1087,0.238,-0.9652][0.9328,0.178,0][16.7668,-2.6282,-2.7556][-0.3962,-0.1495,-0.9059][0.9328,0.1479,0][15.6642,-2.6282,-2.7556][0.3984,-0.147,-0.9054][0.9068,0.1479,0][15.6796,-5.157,-1.9082][0.4198,-0.5883,-0.6912][0.9072,0.0675,0][15.6642,-2.6282,-2.7556][0.3984,-0.147,-0.9054][0.9068,0.1479,0][16.7668,-2.6282,-2.7556][-0.3962,-0.1495,-0.9059][0.9328,0.1479,0][17.3318,-2.7196,-3.3132][-0.3672,-0.156,-0.917][0.9461,0.145,0][17.3272,-5.5222,-2.3388][-0.3489,-0.5994,-0.7204][0.946,0.0701,0][16.7668,-2.6282,-2.7556][-0.3962,-0.1495,-0.9059][0.9328,0.1479,0][16.7668,-2.6282,-2.7556][-0.3962,-0.1495,-0.9059][0.9328,0.1479,0][16.7668,-1.595,-2.7556][-0.1087,0.238,-0.9652][0.9328,0.178,0][17.3318,-2.7196,-3.3132][-0.3672,-0.156,-0.917][0.9461,0.145,0][16.7622,-5.157,-1.9082][-0.4214,-0.5834,-0.6944][0.9327,0.0675,0][16.7668,-2.6282,-2.7556][-0.3962,-0.1495,-0.9059][0.9328,0.1479,0][17.3272,-5.5222,-2.3388][-0.3489,-0.5994,-0.7204][0.946,0.0701,0][16.7668,-2.6282,-2.7556][-0.3962,-0.1495,-0.9059][0.9328,0.1479,0][16.7622,-5.157,-1.9082][-0.4214,-0.5834,-0.6944][0.9327,0.0675,0][15.6796,-5.157,-1.9082][0.4198,-0.5883,-0.6912][0.9072,0.0675,0][18.2918,-5.5386,-2.3028][0.4306,-0.5796,-0.6919][0.9687,0.0692,0][17.3272,-5.5222,-2.3388][-0.3489,-0.5994,-0.7204][0.946,0.0701,0][18.1664,-2.7322,-3.3064][0.3676,-0.1603,-0.916][0.9658,0.1446,0][17.3272,-5.5222,-2.3388][-0.3489,-0.5994,-0.7204][0.946,0.0701,0][17.3318,-2.7196,-3.3132][-0.3672,-0.156,-0.917][0.9461,0.145,0][18.1664,-2.7322,-3.3064][0.3676,-0.1603,-0.916][0.9658,0.1446,0][17.3272,-5.5222,-2.3388][-0.3489,-0.5994,-0.7204][0.946,0.0701,0][18.2918,-5.5386,-2.3028][0.4306,-0.5796,-0.6919][0.9687,0.0692,0][17.3266,-6.3498,-0.8528][-0.3296,-0.9011,-0.2819][0.946,0.0303,0][17.3266,-6.3498,-0.8528][-0.3296,-0.9011,-0.2819][0.946,0.0303,0][16.7622,-5.157,-1.9082][-0.4214,-0.5834,-0.6944][0.9327,0.0675,0][17.3272,-5.5222,-2.3388][-0.3489,-0.5994,-0.7204][0.946,0.0701,0][18.2918,-5.5386,-2.3028][0.4306,-0.5796,-0.6919][0.9687,0.0692,0][18.741,-5.7204,-1.0358][0.6129,-0.6647,-0.4272][0.9793,0.039,0][18.3852,-6.3612,-0.8638][0.405,-0.8733,-0.2709][0.9709,0.0304,0][18.741,-5.7204,-1.0358][0.6129,-0.6647,-0.4272][0.9793,0.039,0][18.2918,-5.5386,-2.3028][0.4306,-0.5796,-0.6919][0.9687,0.0692,0][18.742,-4.6864,-2.0658][0.7092,-0.298,-0.639][0.9793,0.08,0][18.1664,-2.7322,-3.3064][0.3676,-0.1603,-0.916][0.9658,0.1446,0][18.742,-4.6864,-2.0658][0.7092,-0.298,-0.639][0.9793,0.08,0][18.2918,-5.5386,-2.3028][0.4306,-0.5796,-0.6919][0.9687,0.0692,0][18.3852,-6.3612,-0.8638][0.405,-0.8733,-0.2709][0.9709,0.0304,0][17.3266,-6.3498,-0.8528][-0.3296,-0.9011,-0.2819][0.946,0.0303,0][18.2918,-5.5386,-2.3028][0.4306,-0.5796,-0.6919][0.9687,0.0692,0][18.74,-6.161,-0.008][0.5084,-0.8611,-0.0025][0.9793,0.0106,0][18.3852,-6.3612,-0.8638][0.405,-0.8733,-0.2709][0.9709,0.0304,0][18.741,-5.7204,-1.0358][0.6129,-0.6647,-0.4272][0.9793,0.039,0][18.741,-5.7204,-1.0358][0.6129,-0.6647,-0.4272][0.3449,0.0234,0][19.8026,-5.2878,-1.0482][0.0469,-0.5809,-0.8126][0.3446,0.0369,0][18.74,-6.161,-0.008][0.5084,-0.8611,-0.0025][0.3769,0.0097,0][18.742,-4.6864,-2.0658][0.7092,-0.298,-0.639][0.3129,0.0556,0][19.8026,-5.2878,-1.0482][0.0469,-0.5809,-0.8126][0.3446,0.0369,0][18.741,-5.7204,-1.0358][0.6129,-0.6647,-0.4272][0.3449,0.0234,0][18.1664,-2.7322,-3.3064][0.3676,-0.1603,-0.916][0.9658,0.1446,0][18.1664,-2.16,-3.317][0.2972,0.2918,-0.9091][0.9658,0.1592,0][18.7314,-2.6282,-2.7556][0.5659,-0.1295,-0.8142][0.9791,0.1479,0][18.7314,-2.6282,-2.7556][0.5659,-0.1295,-0.8142][0.9791,0.1479,0][18.742,-4.6864,-2.0658][0.7092,-0.298,-0.639][0.9793,0.08,0][18.1664,-2.7322,-3.3064][0.3676,-0.1603,-0.916][0.9658,0.1446,0][18.1664,-2.16,-3.317][0.2972,0.2918,-0.9091][0.9658,0.1592,0][18.1664,-2.7322,-3.3064][0.3676,-0.1603,-0.916][0.9658,0.1446,0][17.3318,-2.16,-3.317][-0.2988,0.2945,-0.9077][0.9461,0.1592,0][17.3318,-2.16,-3.317][-0.2988,0.2945,-0.9077][0.9461,0.1592,0][18.1664,-2.7322,-3.3064][0.3676,-0.1603,-0.916][0.9658,0.1446,0][17.3318,-2.7196,-3.3132][-0.3672,-0.156,-0.917][0.9461,0.145,0][17.3318,-2.7196,-3.3132][-0.3672,-0.156,-0.917][0.9461,0.145,0][16.7668,-1.595,-2.7556][-0.1087,0.238,-0.9652][0.9328,0.178,0][17.3318,-2.16,-3.317][-0.2988,0.2945,-0.9077][0.9461,0.1592,0][17.3318,-2.16,-3.317][-0.2988,0.2945,-0.9077][0.9461,0.1592,0][18.7314,-1.595,-2.7556][0.3426,0.2913,-0.8932][0.9791,0.178,0][18.1664,-2.16,-3.317][0.2972,0.2918,-0.9091][0.9658,0.1592,0][18.7314,-1.595,-2.7556][0.3426,0.2913,-0.8932][0.9791,0.178,0][17.3318,-2.16,-3.317][-0.2988,0.2945,-0.9077][0.9461,0.1592,0][16.7668,-1.595,-2.7556][-0.1087,0.238,-0.9652][0.9328,0.178,0][18.7314,-1.595,-2.7556][0.3426,0.2913,-0.8932][0.9791,0.178,0][16.7668,-0.573,-2.4866][0.0259,0.535,-0.8444][0.9328,0.2055,0][18.9854,-0.591,-2.26][0.5779,0.6543,-0.4878][0.985,0.2092,0][16.7668,-1.595,-2.7556][-0.1087,0.238,-0.9652][0.9328,0.178,0][16.7668,-0.573,-2.4866][0.0259,0.535,-0.8444][0.9328,0.2055,0][18.7314,-1.595,-2.7556][0.3426,0.2913,-0.8932][0.9791,0.178,0][19.2356,-2.6284,-2.5424][0.6391,-0.1155,-0.7604][0.9909,0.1482,0][18.7314,-1.595,-2.7556][0.3426,0.2913,-0.8932][0.9791,0.178,0][19.1094,-1.5914,-2.5424][0.6862,0.1934,-0.7012][0.988,0.1806,0][18.9854,-0.591,-2.26][0.5779,0.6543,-0.4878][0.985,0.2092,0][19.1094,-1.5914,-2.5424][0.6862,0.1934,-0.7012][0.988,0.1806,0][18.7314,-1.595,-2.7556][0.3426,0.2913,-0.8932][0.9791,0.178,0][18.7314,-1.595,-2.7556][0.3426,0.2913,-0.8932][0.9791,0.178,0][19.2356,-2.6284,-2.5424][0.6391,-0.1155,-0.7604][0.9909,0.1482,0][18.7314,-2.6282,-2.7556][0.5659,-0.1295,-0.8142][0.9791,0.1479,0][18.7314,-2.6282,-2.7556][0.5659,-0.1295,-0.8142][0.9791,0.1479,0][18.1664,-2.16,-3.317][0.2972,0.2918,-0.9091][0.9658,0.1592,0][18.7314,-1.595,-2.7556][0.3426,0.2913,-0.8932][0.9791,0.178,0][19.1094,-1.5914,-2.5424][0.6862,0.1934,-0.7012][0.2981,0.1517,0][19.8068,-2.616,-1.6962][0.9544,0.0696,-0.2902][0.3244,0.1199,0][19.2356,-2.6284,-2.5424][0.6391,-0.1155,-0.7604][0.2981,0.1195,0][19.8068,-2.616,-1.6962][0.9544,0.0696,-0.2902][0.3244,0.1199,0][19.1094,-1.5914,-2.5424][0.6862,0.1934,-0.7012][0.2981,0.1517,0][18.9854,-0.591,-2.26][0.5779,0.6543,-0.4878][0.3069,0.1828,0][16.8258,-0.009,-1.8396][0.2603,0.6155,-0.7439][0.9342,0.2277,0][16.7668,-0.573,-2.4866][0.0259,0.535,-0.8444][0.9328,0.2055,0][15.6642,-0.573,-2.4866][-0,0.5275,-0.8496][0.9068,0.2055,0][18.9854,-0.591,-2.26][0.5779,0.6543,-0.4878][0.985,0.2092,0][16.7668,-0.573,-2.4866][0.0259,0.535,-0.8444][0.9328,0.2055,0][16.8258,-0.009,-1.8396][0.2603,0.6155,-0.7439][0.9342,0.2277,0][15.6642,-1.595,-2.7556][0.1088,0.2383,-0.9651][0.9068,0.178,0][15.6642,-0.573,-2.4866][-0,0.5275,-0.8496][0.9068,0.2055,0][16.7668,-0.573,-2.4866][0.0259,0.535,-0.8444][0.9328,0.2055,0][16.7668,-0.573,-2.4866][0.0259,0.535,-0.8444][0.9328,0.2055,0][16.7668,-1.595,-2.7556][-0.1087,0.238,-0.9652][0.9328,0.178,0][15.6642,-1.595,-2.7556][0.1088,0.2383,-0.9651][0.9068,0.178,0][15.6642,-0.573,-2.4866][-0,0.5275,-0.8496][0.9068,0.2055,0][13.6996,-0.573,-2.4866][-0,0.5275,-0.8496][0.8606,0.2055,0][16.8258,-0.009,-1.8396][0.2603,0.6155,-0.7439][0.9342,0.2277,0][15.6642,-0.573,-2.4866][-0,0.5275,-0.8496][0.9068,0.2055,0][15.6642,-1.595,-2.7556][0.1088,0.2383,-0.9651][0.9068,0.178,0][13.6996,-1.595,-2.7556][-0.1087,0.238,-0.9652][0.8606,0.178,0][13.6996,-1.595,-2.7556][-0.1087,0.238,-0.9652][0.8606,0.178,0][13.6996,-0.573,-2.4866][-0,0.5275,-0.8496][0.8606,0.2055,0][15.6642,-0.573,-2.4866][-0,0.5275,-0.8496][0.9068,0.2055,0][12.6172,-0.573,-2.4866][-0,0.5275,-0.8496][0.8351,0.2055,0][16.8258,-0.009,-1.8396][0.2603,0.6155,-0.7439][0.9342,0.2277,0][13.6996,-0.573,-2.4866][-0,0.5275,-0.8496][0.8606,0.2055,0][13.6996,-0.573,-2.4866][-0,0.5275,-0.8496][0.8606,0.2055,0][12.6172,-1.595,-2.7556][0.1088,0.2383,-0.9651][0.8351,0.178,0][12.6172,-0.573,-2.4866][-0,0.5275,-0.8496][0.8351,0.2055,0][12.6172,-1.595,-2.7556][0.1088,0.2383,-0.9651][0.8351,0.178,0][13.6996,-0.573,-2.4866][-0,0.5275,-0.8496][0.8606,0.2055,0][13.6996,-1.595,-2.7556][-0.1087,0.238,-0.9652][0.8606,0.178,0][12.6172,-0.573,-2.4866][-0,0.5275,-0.8496][0.8351,0.2055,0][12.6172,-1.595,-2.7556][0.1088,0.2383,-0.9651][0.8351,0.178,0][10.6326,-1.595,-2.7556][-0.1093,0.2383,-0.965][0.7884,0.178,0][10.6326,-1.595,-2.7556][-0.1093,0.2383,-0.965][0.7884,0.178,0][10.6326,-0.573,-2.4866][-0.0003,0.5272,-0.8497][0.7884,0.2055,0][12.6172,-0.573,-2.4866][-0,0.5275,-0.8496][0.8351,0.2055,0][16.8258,-0.009,-1.8396][0.2603,0.6155,-0.7439][0.9342,0.2277,0][12.6172,-0.573,-2.4866][-0,0.5275,-0.8496][0.8351,0.2055,0][9.5546,-0.009,-1.8396][-0,0.334,-0.9426][0.763,0.2277,0][12.6172,-0.573,-2.4866][-0,0.5275,-0.8496][0.8351,0.2055,0][10.6326,-0.573,-2.4866][-0.0003,0.5272,-0.8497][0.7884,0.2055,0][9.5546,-0.009,-1.8396][-0,0.334,-0.9426][0.763,0.2277,0][9.5546,-1.605,-2.7556][0.1085,0.2369,-0.9654][0.763,0.1777,0][10.6326,-0.573,-2.4866][-0.0003,0.5272,-0.8497][0.7884,0.2055,0][10.6326,-1.595,-2.7556][-0.1093,0.2383,-0.965][0.7884,0.178,0][9.5546,-0.573,-2.4866][-0,0.5264,-0.8502][0.763,0.2055,0][9.5546,-0.009,-1.8396][-0,0.334,-0.9426][0.763,0.2277,0][10.6326,-0.573,-2.4866][-0.0003,0.5272,-0.8497][0.7884,0.2055,0][10.6326,-0.573,-2.4866][-0.0003,0.5272,-0.8497][0.7884,0.2055,0][9.5546,-1.605,-2.7556][0.1085,0.2369,-0.9654][0.763,0.1777,0][9.5546,-0.573,-2.4866][-0,0.5264,-0.8502][0.763,0.2055,0][10.6326,-1.595,-2.7556][-0.1093,0.2383,-0.965][0.7884,0.178,0][10.6326,-2.6282,-2.7556][-0.3963,-0.1494,-0.9059][0.7884,0.1479,0][9.5546,-1.605,-2.7556][0.1085,0.2369,-0.9654][0.763,0.1777,0][8.9894,-2.17,-3.3168][0.2982,0.2963,-0.9073][0.7497,0.1589,0][8.142,-2.17,-3.3168][-0.3,0.2957,-0.907][0.7298,0.1589,0][9.5546,-1.605,-2.7556][0.1085,0.2369,-0.9654][0.763,0.1777,0][9.5546,-1.605,-2.7556][0.1085,0.2369,-0.9654][0.763,0.1777,0][9.5544,-2.6282,-2.7556][0.3978,-0.1482,-0.9054][0.763,0.1479,0][8.9894,-2.17,-3.3168][0.2982,0.2963,-0.9073][0.7497,0.1589,0][9.5546,-1.605,-2.7556][0.1085,0.2369,-0.9654][0.763,0.1777,0][8.142,-2.17,-3.3168][-0.3,0.2957,-0.907][0.7298,0.1589,0][7.577,-1.605,-2.7556][-0.1082,0.2365,-0.9656][0.7165,0.1777,0][7.577,-1.605,-2.7556][-0.1082,0.2365,-0.9656][0.7165,0.1777,0][9.5546,-0.573,-2.4866][-0,0.5264,-0.8502][0.763,0.2055,0][9.5546,-1.605,-2.7556][0.1085,0.2369,-0.9654][0.763,0.1777,0][9.5544,-2.6282,-2.7556][0.3978,-0.1482,-0.9054][0.763,0.1479,0][9.5546,-1.605,-2.7556][0.1085,0.2369,-0.9654][0.763,0.1777,0][10.6326,-2.6282,-2.7556][-0.3963,-0.1494,-0.9059][0.7884,0.1479,0][10.6326,-2.6282,-2.7556][-0.3963,-0.1494,-0.9059][0.7884,0.1479,0][10.6278,-5.1574,-1.9082][-0.4211,-0.5843,-0.6938][0.7883,0.0675,0][9.5544,-2.6282,-2.7556][0.3978,-0.1482,-0.9054][0.763,0.1479,0][11.1926,-5.5248,-2.3384][-0.3561,-0.6023,-0.7144][0.8016,0.0701,0][10.6278,-5.1574,-1.9082][-0.4211,-0.5843,-0.6938][0.7883,0.0675,0][10.6326,-2.6282,-2.7556][-0.3963,-0.1494,-0.9059][0.7884,0.1479,0][10.6326,-2.6282,-2.7556][-0.3963,-0.1494,-0.9059][0.7884,0.1479,0][11.1976,-2.7198,-3.3132][-0.3697,-0.1567,-0.9158][0.8017,0.145,0][11.1926,-5.5248,-2.3384][-0.3561,-0.6023,-0.7144][0.8016,0.0701,0][11.1976,-2.7198,-3.3132][-0.3697,-0.1567,-0.9158][0.8017,0.145,0][10.6326,-2.6282,-2.7556][-0.3963,-0.1494,-0.9059][0.7884,0.1479,0][10.6326,-1.595,-2.7556][-0.1093,0.2383,-0.965][0.7884,0.178,0][11.1926,-5.5248,-2.3384][-0.3561,-0.6023,-0.7144][0.8016,0.0701,0][11.1976,-2.7198,-3.3132][-0.3697,-0.1567,-0.9158][0.8017,0.145,0][12.0476,-5.5228,-2.3388][0.3569,-0.604,-0.7126][0.8217,0.0701,0][12.0522,-2.7188,-3.3134][0.3684,-0.1562,-0.9164][0.8218,0.145,0][12.0476,-5.5228,-2.3388][0.3569,-0.604,-0.7126][0.8217,0.0701,0][11.1976,-2.7198,-3.3132][-0.3697,-0.1567,-0.9158][0.8017,0.145,0][11.1976,-2.7198,-3.3132][-0.3697,-0.1567,-0.9158][0.8017,0.145,0][12.0522,-2.16,-3.317][0.2983,0.2964,-0.9073][0.8218,0.1592,0][12.0522,-2.7188,-3.3134][0.3684,-0.1562,-0.9164][0.8218,0.145,0][10.6326,-1.595,-2.7556][-0.1093,0.2383,-0.965][0.7884,0.178,0][11.1976,-2.16,-3.317][-0.3001,0.2956,-0.9069][0.8017,0.1592,0][11.1976,-2.7198,-3.3132][-0.3697,-0.1567,-0.9158][0.8017,0.145,0][12.0522,-2.16,-3.317][0.2983,0.2964,-0.9073][0.8218,0.1592,0][11.1976,-2.7198,-3.3132][-0.3697,-0.1567,-0.9158][0.8017,0.145,0][11.1976,-2.16,-3.317][-0.3001,0.2956,-0.9069][0.8017,0.1592,0][11.1976,-2.16,-3.317][-0.3001,0.2956,-0.9069][0.8017,0.1592,0][12.6172,-1.595,-2.7556][0.1088,0.2383,-0.9651][0.8351,0.178,0][12.0522,-2.16,-3.317][0.2983,0.2964,-0.9073][0.8218,0.1592,0][12.6172,-2.6282,-2.7556][0.3976,-0.1486,-0.9054][0.8351,0.1479,0][12.0522,-2.16,-3.317][0.2983,0.2964,-0.9073][0.8218,0.1592,0][12.6172,-1.595,-2.7556][0.1088,0.2383,-0.9651][0.8351,0.178,0][12.0522,-2.7188,-3.3134][0.3684,-0.1562,-0.9164][0.8218,0.145,0][12.0522,-2.16,-3.317][0.2983,0.2964,-0.9073][0.8218,0.1592,0][12.6172,-2.6282,-2.7556][0.3976,-0.1486,-0.9054][0.8351,0.1479,0][12.6124,-5.1572,-1.9082][0.4206,-0.5894,-0.6897][0.835,0.0675,0][12.6172,-2.6282,-2.7556][0.3976,-0.1486,-0.9054][0.8351,0.1479,0][13.6996,-2.6282,-2.7556][-0.3962,-0.1495,-0.9059][0.8606,0.1479,0][13.6996,-1.595,-2.7556][-0.1087,0.238,-0.9652][0.8606,0.178,0][13.6996,-2.6282,-2.7556][-0.3962,-0.1495,-0.9059][0.8606,0.1479,0][12.6172,-2.6282,-2.7556][0.3976,-0.1486,-0.9054][0.8351,0.1479,0][12.6172,-2.6282,-2.7556][0.3976,-0.1486,-0.9054][0.8351,0.1479,0][12.6124,-5.1572,-1.9082][0.4206,-0.5894,-0.6897][0.835,0.0675,0][12.0522,-2.7188,-3.3134][0.3684,-0.1562,-0.9164][0.8218,0.145,0][12.6172,-2.6282,-2.7556][0.3976,-0.1486,-0.9054][0.8351,0.1479,0][12.6172,-1.595,-2.7556][0.1088,0.2383,-0.9651][0.8351,0.178,0][13.6996,-1.595,-2.7556][-0.1087,0.238,-0.9652][0.8606,0.178,0][12.6124,-6.1614,-0.008][0.3115,-0.9502,-0.0017][0.835,0.0106,0][12.6124,-5.1572,-1.9082][0.4206,-0.5894,-0.6897][0.835,0.0675,0][13.695,-5.1572,-1.9082][-0.4208,-0.5842,-0.694][0.8605,0.0675,0][12.6124,-5.1572,-1.9082][0.4206,-0.5894,-0.6897][0.835,0.0675,0][12.6124,-6.1614,-0.008][0.3115,-0.9502,-0.0017][0.835,0.0106,0][12.0476,-5.5228,-2.3388][0.3569,-0.604,-0.7126][0.8217,0.0701,0][12.0476,-5.5228,-2.3388][0.3569,-0.604,-0.7126][0.8217,0.0701,0][12.0522,-2.7188,-3.3134][0.3684,-0.1562,-0.9164][0.8218,0.145,0][12.6124,-5.1572,-1.9082][0.4206,-0.5894,-0.6897][0.835,0.0675,0][13.6996,-2.6282,-2.7556][-0.3962,-0.1495,-0.9059][0.8606,0.1479,0][13.695,-5.1572,-1.9082][-0.4208,-0.5842,-0.694][0.8605,0.0675,0][12.6124,-5.1572,-1.9082][0.4206,-0.5894,-0.6897][0.835,0.0675,0][13.695,-5.1572,-1.9082][-0.4208,-0.5842,-0.694][0.8605,0.0675,0][13.695,-6.1612,-0.008][-0.3108,-0.9505,-0.0019][0.8605,0.0106,0][12.6124,-6.1614,-0.008][0.3115,-0.9502,-0.0017][0.835,0.0106,0][13.695,-5.1572,-1.9082][-0.4208,-0.5842,-0.694][0.8605,0.0675,0][13.6996,-2.6282,-2.7556][-0.3962,-0.1495,-0.9059][0.8606,0.1479,0][14.26,-5.5234,-2.3384][-0.356,-0.6018,-0.7149][0.8738,0.0701,0][14.26,-5.5234,-2.3384][-0.356,-0.6018,-0.7149][0.8738,0.0701,0][14.2596,-6.349,-0.837][-0.3233,-0.904,-0.2798][0.8738,0.0299,0][13.695,-5.1572,-1.9082][-0.4208,-0.5842,-0.694][0.8605,0.0675,0][13.695,-6.1612,-0.008][-0.3108,-0.9505,-0.0019][0.8605,0.0106,0][13.695,-5.1572,-1.9082][-0.4208,-0.5842,-0.694][0.8605,0.0675,0][14.2596,-6.349,-0.837][-0.3233,-0.904,-0.2798][0.8738,0.0299,0][13.695,-5.1572,1.9082][-0.4215,-0.5848,0.6931][0.8605,0.0678,0][12.6124,-6.1614,-0.008][0.3115,-0.9502,-0.0017][0.835,0.0106,0][13.695,-6.1612,-0.008][-0.3108,-0.9505,-0.0019][0.8605,0.0106,0][14.2596,-6.349,-0.837][-0.3233,-0.904,-0.2798][0.8738,0.0299,0][14.2596,-6.3572,0][-0.1664,-0.9861,-0][0.8738,0.0108,0][13.695,-6.1612,-0.008][-0.3108,-0.9505,-0.0019][0.8605,0.0106,0][13.695,-6.1612,-0.008][-0.3108,-0.9505,-0.0019][0.8605,0.0106,0][14.2596,-6.349,0.837][-0.3251,-0.9035,0.2793][0.8738,0.0303,0][13.695,-5.1572,1.9082][-0.4215,-0.5848,0.6931][0.8605,0.0678,0][14.2596,-6.349,0.837][-0.3251,-0.9035,0.2793][0.8738,0.0303,0][13.695,-6.1612,-0.008][-0.3108,-0.9505,-0.0019][0.8605,0.0106,0][14.2596,-6.3572,0][-0.1664,-0.9861,-0][0.8738,0.0108,0][15.1136,-6.35,0.8416][0.3301,-0.9005,0.2831][0.8939,0.0304,0][14.2596,-6.3572,0][-0.1664,-0.9861,-0][0.8738,0.0108,0][15.1138,-6.3572,0][0.1658,-0.9862,-0][0.8939,0.0108,0][14.2596,-6.3572,0][-0.1664,-0.9861,-0][0.8738,0.0108,0][15.1136,-6.35,0.8416][0.3301,-0.9005,0.2831][0.8939,0.0304,0][14.2596,-6.349,0.837][-0.3251,-0.9035,0.2793][0.8738,0.0303,0][15.1136,-6.35,-0.8416][0.3272,-0.9015,-0.2832][0.8939,0.03,0][15.1138,-6.3572,0][0.1658,-0.9862,-0][0.8939,0.0108,0][14.2596,-6.3572,0][-0.1664,-0.9861,-0][0.8738,0.0108,0][14.2596,-6.3572,0][-0.1664,-0.9861,-0][0.8738,0.0108,0][14.2596,-6.349,-0.837][-0.3233,-0.904,-0.2798][0.8738,0.0299,0][15.1136,-6.35,-0.8416][0.3272,-0.9015,-0.2832][0.8939,0.03,0][14.2596,-6.349,0.837][-0.3251,-0.9035,0.2793][0.8738,0.0303,0][15.1136,-6.35,0.8416][0.3301,-0.9005,0.2831][0.8939,0.0304,0][15.1144,-5.5238,2.338][0.3572,-0.6039,0.7125][0.8939,0.0704,0][13.695,-5.1572,1.9082][-0.4215,-0.5848,0.6931][0.8605,0.0678,0][14.2596,-6.349,0.837][-0.3251,-0.9035,0.2793][0.8738,0.0303,0][14.26,-5.5234,2.3384][-0.356,-0.6018,0.7149][0.8738,0.0704,0][15.1144,-5.5238,2.338][0.3572,-0.6039,0.7125][0.8939,0.0704,0][14.26,-5.5234,2.3384][-0.356,-0.6018,0.7149][0.8738,0.0704,0][14.2596,-6.349,0.837][-0.3251,-0.9035,0.2793][0.8738,0.0303,0][14.26,-5.5234,2.3384][-0.356,-0.6018,0.7149][0.8738,0.0704,0][15.1144,-5.5238,2.338][0.3572,-0.6039,0.7125][0.8939,0.0704,0][15.0992,-2.7208,3.3128][0.3677,-0.1558,0.9168][0.8935,0.1453,0][15.0992,-2.7208,3.3128][0.3677,-0.1558,0.9168][0.8935,0.1453,0][14.2646,-2.7196,3.3132][-0.3697,-0.1567,0.9158][0.8739,0.1453,0][14.26,-5.5234,2.3384][-0.356,-0.6018,0.7149][0.8738,0.0704,0][14.26,-5.5234,2.3384][-0.356,-0.6018,0.7149][0.8738,0.0704,0][13.6996,-2.6282,2.7556][-0.3962,-0.1495,0.9059][0.8606,0.1483,0][13.695,-5.1572,1.9082][-0.4215,-0.5848,0.6931][0.8605,0.0678,0][13.6996,-2.6282,2.7556][-0.3962,-0.1495,0.9059][0.8606,0.1483,0][14.26,-5.5234,2.3384][-0.356,-0.6018,0.7149][0.8738,0.0704,0][14.2646,-2.7196,3.3132][-0.3697,-0.1567,0.9158][0.8739,0.1453,0][14.2646,-2.7196,-3.3132][-0.3697,-0.1567,-0.9158][0.8739,0.145,0][14.26,-5.5234,-2.3384][-0.356,-0.6018,-0.7149][0.8738,0.0701,0][13.6996,-2.6282,-2.7556][-0.3962,-0.1495,-0.9059][0.8606,0.1479,0][13.6996,-2.6282,-2.7556][-0.3962,-0.1495,-0.9059][0.8606,0.1479,0][13.6996,-1.595,-2.7556][-0.1087,0.238,-0.9652][0.8606,0.178,0][14.2646,-2.7196,-3.3132][-0.3697,-0.1567,-0.9158][0.8739,0.145,0][11.1976,-2.16,-3.317][-0.3001,0.2956,-0.9069][0.8017,0.1592,0][10.6326,-1.595,-2.7556][-0.1093,0.2383,-0.965][0.7884,0.178,0][12.6172,-1.595,-2.7556][0.1088,0.2383,-0.9651][0.8351,0.178,0][12.0476,-5.5228,-2.3388][0.3569,-0.604,-0.7126][0.8217,0.0701,0][12.047,-6.3548,-0.8278][0.3263,-0.9029,-0.2798][0.8217,0.0297,0][11.1926,-5.5248,-2.3384][-0.3561,-0.6023,-0.7144][0.8016,0.0701,0][12.047,-6.3548,-0.8278][0.3263,-0.9029,-0.2798][0.8217,0.0297,0][12.0476,-5.5228,-2.3388][0.3569,-0.604,-0.7126][0.8217,0.0701,0][12.6124,-6.1614,-0.008][0.3115,-0.9502,-0.0017][0.835,0.0106,0][12.6124,-6.1614,-0.008][0.3115,-0.9502,-0.0017][0.835,0.0106,0][12.047,-6.3574,0][0.166,-0.9861,-0][0.8217,0.0108,0][12.047,-6.3548,-0.8278][0.3263,-0.9029,-0.2798][0.8217,0.0297,0][12.047,-6.3548,-0.8278][0.3263,-0.9029,-0.2798][0.8217,0.0297,0][11.1928,-6.3574,0][-0.1663,-0.9861,-0][0.8016,0.0108,0][11.192,-6.3538,-0.8232][-0.3227,-0.9053,-0.2764][0.8016,0.0296,0][11.1928,-6.3574,0][-0.1663,-0.9861,-0][0.8016,0.0108,0][12.047,-6.3548,-0.8278][0.3263,-0.9029,-0.2798][0.8217,0.0297,0][12.047,-6.3574,0][0.166,-0.9861,-0][0.8217,0.0108,0][11.192,-6.3538,-0.8232][-0.3227,-0.9053,-0.2764][0.8016,0.0296,0][11.1926,-5.5248,-2.3384][-0.3561,-0.6023,-0.7144][0.8016,0.0701,0][12.047,-6.3548,-0.8278][0.3263,-0.9029,-0.2798][0.8217,0.0297,0][12.047,-6.3574,0][0.166,-0.9861,-0][0.8217,0.0108,0][12.047,-6.3548,0.8278][0.3293,-0.9019,0.2797][0.8217,0.03,0][11.1928,-6.3574,0][-0.1663,-0.9861,-0][0.8016,0.0108,0][12.047,-6.3548,0.8278][0.3293,-0.9019,0.2797][0.8217,0.03,0][12.047,-6.3574,0][0.166,-0.9861,-0][0.8217,0.0108,0][12.6124,-6.1614,-0.008][0.3115,-0.9502,-0.0017][0.835,0.0106,0][10.6278,-6.1614,-0.008][-0.3117,-0.9502,-0.0019][0.7883,0.0106,0][11.192,-6.3538,-0.8232][-0.3227,-0.9053,-0.2764][0.8016,0.0296,0][11.1928,-6.3574,0][-0.1663,-0.9861,-0][0.8016,0.0108,0][10.6278,-5.1574,-1.9082][-0.4211,-0.5843,-0.6938][0.7883,0.0675,0][11.1926,-5.5248,-2.3384][-0.3561,-0.6023,-0.7144][0.8016,0.0701,0][11.192,-6.3538,-0.8232][-0.3227,-0.9053,-0.2764][0.8016,0.0296,0][11.192,-6.3538,-0.8232][-0.3227,-0.9053,-0.2764][0.8016,0.0296,0][10.6278,-6.1614,-0.008][-0.3117,-0.9502,-0.0019][0.7883,0.0106,0][10.6278,-5.1574,-1.9082][-0.4211,-0.5843,-0.6938][0.7883,0.0675,0][11.192,-6.3538,0.8232][-0.3245,-0.9048,0.2759][0.8016,0.0299,0][11.1928,-6.3574,0][-0.1663,-0.9861,-0][0.8016,0.0108,0][12.047,-6.3548,0.8278][0.3293,-0.9019,0.2797][0.8217,0.03,0][11.1928,-6.3574,0][-0.1663,-0.9861,-0][0.8016,0.0108,0][11.192,-6.3538,0.8232][-0.3245,-0.9048,0.2759][0.8016,0.0299,0][10.6278,-6.1614,-0.008][-0.3117,-0.9502,-0.0019][0.7883,0.0106,0][10.6278,-5.1574,-1.9082][-0.4211,-0.5843,-0.6938][0.7883,0.0675,0][9.5544,-6.1616,-0.008][0.3118,-0.9502,-0.0017][0.763,0.0106,0][9.5544,-5.1574,-1.9082][0.4204,-0.589,-0.6902][0.763,0.0675,0][9.5544,-6.1616,-0.008][0.3118,-0.9502,-0.0017][0.763,0.0106,0][10.6278,-5.1574,-1.9082][-0.4211,-0.5843,-0.6938][0.7883,0.0675,0][10.6278,-6.1614,-0.008][-0.3117,-0.9502,-0.0019][0.7883,0.0106,0][9.5544,-5.1574,-1.9082][0.4204,-0.589,-0.6902][0.763,0.0675,0][9.5544,-2.6282,-2.7556][0.3978,-0.1482,-0.9054][0.763,0.1479,0][10.6278,-5.1574,-1.9082][-0.4211,-0.5843,-0.6938][0.7883,0.0675,0][8.9894,-5.524,-2.338][0.3564,-0.605,-0.712][0.7497,0.0701,0][8.9894,-2.7192,-3.3132][0.3682,-0.1561,-0.9166][0.7497,0.145,0][9.5544,-5.1574,-1.9082][0.4204,-0.589,-0.6902][0.763,0.0675,0][9.5544,-5.1574,-1.9082][0.4204,-0.589,-0.6902][0.763,0.0675,0][9.5544,-6.1616,-0.008][0.3118,-0.9502,-0.0017][0.763,0.0106,0][8.9894,-5.524,-2.338][0.3564,-0.605,-0.712][0.7497,0.0701,0][9.5544,-2.6282,-2.7556][0.3978,-0.1482,-0.9054][0.763,0.1479,0][9.5544,-5.1574,-1.9082][0.4204,-0.589,-0.6902][0.763,0.0675,0][8.9894,-2.7192,-3.3132][0.3682,-0.1561,-0.9166][0.7497,0.145,0][8.142,-2.7192,-3.3132][-0.3698,-0.1569,-0.9158][0.7298,0.145,0][8.9894,-2.17,-3.3168][0.2982,0.2963,-0.9073][0.7497,0.1589,0][8.9894,-2.7192,-3.3132][0.3682,-0.1561,-0.9166][0.7497,0.145,0][8.9894,-2.7192,-3.3132][0.3682,-0.1561,-0.9166][0.7497,0.145,0][8.9894,-5.524,-2.338][0.3564,-0.605,-0.712][0.7497,0.0701,0][8.142,-2.7192,-3.3132][-0.3698,-0.1569,-0.9158][0.7298,0.145,0][8.9894,-2.7192,-3.3132][0.3682,-0.1561,-0.9166][0.7497,0.145,0][8.9894,-2.17,-3.3168][0.2982,0.2963,-0.9073][0.7497,0.1589,0][9.5544,-2.6282,-2.7556][0.3978,-0.1482,-0.9054][0.763,0.1479,0][8.142,-2.17,-3.3168][-0.3,0.2957,-0.907][0.7298,0.1589,0][8.9894,-2.17,-3.3168][0.2982,0.2963,-0.9073][0.7497,0.1589,0][8.142,-2.7192,-3.3132][-0.3698,-0.1569,-0.9158][0.7298,0.145,0][8.142,-2.7192,-3.3132][-0.3698,-0.1569,-0.9158][0.7298,0.145,0][7.577,-1.605,-2.7556][-0.1082,0.2365,-0.9656][0.7165,0.1777,0][8.142,-2.17,-3.3168][-0.3,0.2957,-0.907][0.7298,0.1589,0][7.577,-2.6282,-2.7556][-0.396,-0.1498,-0.9059][0.7165,0.1479,0][7.577,-1.605,-2.7556][-0.1082,0.2365,-0.9656][0.7165,0.1777,0][8.142,-2.7192,-3.3132][-0.3698,-0.1569,-0.9158][0.7298,0.145,0][8.1418,-5.525,-2.338][-0.3559,-0.6035,-0.7135][0.7298,0.0701,0][8.142,-2.7192,-3.3132][-0.3698,-0.1569,-0.9158][0.7298,0.145,0][8.9894,-5.524,-2.338][0.3564,-0.605,-0.712][0.7497,0.0701,0][8.142,-2.7192,-3.3132][-0.3698,-0.1569,-0.9158][0.7298,0.145,0][8.1418,-5.525,-2.338][-0.3559,-0.6035,-0.7135][0.7298,0.0701,0][7.577,-2.6282,-2.7556][-0.396,-0.1498,-0.9059][0.7165,0.1479,0][7.577,-5.1576,-1.9082][-0.4208,-0.5851,-0.6933][0.7165,0.0675,0][6.49,-2.6282,-2.7556][0.3982,-0.1482,-0.9052][0.6909,0.1479,0][7.577,-2.6282,-2.7556][-0.396,-0.1498,-0.9059][0.7165,0.1479,0][7.577,-2.6282,-2.7556][-0.396,-0.1498,-0.9059][0.7165,0.1479,0][8.1418,-5.525,-2.338][-0.3559,-0.6035,-0.7135][0.7298,0.0701,0][7.577,-5.1576,-1.9082][-0.4208,-0.5851,-0.6933][0.7165,0.0675,0][7.577,-1.605,-2.7556][-0.1082,0.2365,-0.9656][0.7165,0.1777,0][7.577,-2.6282,-2.7556][-0.396,-0.1498,-0.9059][0.7165,0.1479,0][6.49,-2.6282,-2.7556][0.3982,-0.1482,-0.9052][0.6909,0.1479,0][6.49,-2.6282,-2.7556][0.3982,-0.1482,-0.9052][0.6909,0.1479,0][6.49,-1.596,-2.7556][0.1091,0.2382,-0.9651][0.6909,0.178,0][7.577,-1.605,-2.7556][-0.1082,0.2365,-0.9656][0.7165,0.1777,0][6.49,-2.6282,-2.7556][0.3982,-0.1482,-0.9052][0.6909,0.1479,0][6.49,-5.1576,-1.9082][0.3244,-0.6477,-0.6894][0.6909,0.0675,0][5.925,-2.709,-3.3172][0.3794,-0.1532,-0.9125][0.6776,0.1452,0][6.49,-5.1576,-1.9082][0.3244,-0.6477,-0.6894][0.6909,0.0675,0][6.49,-2.6282,-2.7556][0.3982,-0.1482,-0.9052][0.6909,0.1479,0][7.577,-5.1576,-1.9082][-0.4208,-0.5851,-0.6933][0.7165,0.0675,0][5.925,-2.709,-3.3172][0.3794,-0.1532,-0.9125][0.6776,0.1452,0][5.925,-2.161,-3.317][0.2993,0.299,-0.9061][0.6776,0.1592,0][6.49,-2.6282,-2.7556][0.3982,-0.1482,-0.9052][0.6909,0.1479,0][6.49,-1.596,-2.7556][0.1091,0.2382,-0.9651][0.6909,0.178,0][6.49,-2.6282,-2.7556][0.3982,-0.1482,-0.9052][0.6909,0.1479,0][5.925,-2.161,-3.317][0.2993,0.299,-0.9061][0.6776,0.1592,0][7.577,-0.573,-2.4866][0.0003,0.5267,-0.8501][0.7165,0.2055,0][7.577,-1.605,-2.7556][-0.1082,0.2365,-0.9656][0.7165,0.1777,0][6.49,-1.596,-2.7556][0.1091,0.2382,-0.9651][0.6909,0.178,0][5.925,-2.161,-3.317][0.2993,0.299,-0.9061][0.6776,0.1592,0][5.0522,-2.161,-3.3176][-0.2855,0.3193,-0.9036][0.657,0.1592,0][6.49,-1.596,-2.7556][0.1091,0.2382,-0.9651][0.6909,0.178,0][4.4966,-1.596,-2.7556][-0.1107,0.2413,-0.9641][0.6439,0.178,0][6.49,-1.596,-2.7556][0.1091,0.2382,-0.9651][0.6909,0.178,0][5.0522,-2.161,-3.3176][-0.2855,0.3193,-0.9036][0.657,0.1592,0][6.49,-1.596,-2.7556][0.1091,0.2382,-0.9651][0.6909,0.178,0][6.49,-0.573,-2.4866][0.0002,0.5268,-0.85][0.6909,0.2055,0][7.577,-0.573,-2.4866][0.0003,0.5267,-0.8501][0.7165,0.2055,0][6.49,-0.573,-2.4866][0.0002,0.5268,-0.85][0.6909,0.2055,0][6.49,-1.596,-2.7556][0.1091,0.2382,-0.9651][0.6909,0.178,0][4.4966,-1.596,-2.7556][-0.1107,0.2413,-0.9641][0.6439,0.178,0][4.4968,-0.572,-2.4866][-0,0.5276,-0.8495][0.644,0.2055,0][6.49,-0.573,-2.4866][0.0002,0.5268,-0.85][0.6909,0.2055,0][4.4966,-1.596,-2.7556][-0.1107,0.2413,-0.9641][0.6439,0.178,0][4.4966,-1.596,-2.7556][-0.1107,0.2413,-0.9641][0.6439,0.178,0][5.042,-2.769,-3.343][-0.3659,-0.1604,-0.9167][0.6568,0.1437,0][4.4964,-2.6282,-2.7556][-0.4503,-0.1962,-0.8711][0.6439,0.1479,0][5.0522,-2.161,-3.3176][-0.2855,0.3193,-0.9036][0.657,0.1592,0][5.042,-2.769,-3.343][-0.3659,-0.1604,-0.9167][0.6568,0.1437,0][4.4966,-1.596,-2.7556][-0.1107,0.2413,-0.9641][0.6439,0.178,0][4.4964,-2.6282,-2.7556][-0.4503,-0.1962,-0.8711][0.6439,0.1479,0][-2.8784,-1.5968,-2.7458][-0.4787,0.0906,-0.8733][0.4703,0.1781,0][4.4966,-1.596,-2.7556][-0.1107,0.2413,-0.9641][0.6439,0.178,0][-2.8784,-0.5748,-2.4866][-0.4012,0.5028,-0.7657][0.4703,0.2055,0][4.4966,-1.596,-2.7556][-0.1107,0.2413,-0.9641][0.6439,0.178,0][-2.8784,-1.5968,-2.7458][-0.4787,0.0906,-0.8733][0.4703,0.1781,0][4.4966,-1.596,-2.7556][-0.1107,0.2413,-0.9641][0.6439,0.178,0][-2.8784,-0.5748,-2.4866][-0.4012,0.5028,-0.7657][0.4703,0.2055,0][4.4968,-0.572,-2.4866][-0,0.5276,-0.8495][0.644,0.2055,0][-2.4798,-0.0096,-1.8396][-0.3265,0.6231,-0.7107][0.4797,0.2277,0][4.4968,-0.572,-2.4866][-0,0.5276,-0.8495][0.644,0.2055,0][-2.8784,-0.5748,-2.4866][-0.4012,0.5028,-0.7657][0.4703,0.2055,0][6.49,-0.573,-2.4866][0.0002,0.5268,-0.85][0.6909,0.2055,0][4.4968,-0.572,-2.4866][-0,0.5276,-0.8495][0.644,0.2055,0][9.5546,-0.009,-1.8396][-0,0.334,-0.9426][0.763,0.2277,0][9.5546,-0.009,-1.8396][-0,0.334,-0.9426][0.763,0.2277,0][4.4968,-0.572,-2.4866][-0,0.5276,-0.8495][0.644,0.2055,0][4.4968,-0.009,-1.8396][-0.0004,0.3386,-0.9409][0.644,0.2277,0][4.4968,-0.009,-1.8396][-0.0004,0.3386,-0.9409][0.644,0.2277,0][4.4968,-0.572,-2.4866][-0,0.5276,-0.8495][0.644,0.2055,0][-2.4798,-0.0096,-1.8396][-0.3265,0.6231,-0.7107][0.4797,0.2277,0][-2.0928,0.7622,-1.4124][-0.5182,0.8549,0.0242][0.1571,0.1889,0][-2.4798,-0.0096,-1.8396][-0.3265,0.6231,-0.7107][0.1438,0.165,0][-3.0844,0.118,-1.3322][-0.6678,0.7395,0.0849][0.1596,0.1689,0][-2.4798,-0.0096,-1.8396][-0.3265,0.6231,-0.7107][0.1438,0.165,0][-2.0928,0.7622,-1.4124][-0.5182,0.8549,0.0242][0.1571,0.1889,0][-1.923,0.8714,-1.9806][-0.3959,0.4897,-0.7769][0.1395,0.1923,0][-2.4798,-0.0096,-1.8396][-0.3265,0.6231,-0.7107][0.4797,0.2277,0][-1.923,0.8714,-1.9806][-0.3959,0.4897,-0.7769][0.4928,0.2355,0][4.4968,-0.009,-1.8396][-0.0004,0.3386,-0.9409][0.644,0.2277,0][-2.4798,-0.0096,-1.8396][-0.3265,0.6231,-0.7107][0.1438,0.165,0][-2.8784,-0.5748,-2.4866][-0.4012,0.5028,-0.7657][0.1238,0.1474,0][-3.4916,-0.568,-1.695][-0.8813,0.3443,-0.3238][0.1483,0.1476,0][-3.4916,-0.568,-1.695][-0.8813,0.3443,-0.3238][0.1483,0.1476,0][-3.0844,0.118,-1.3322][-0.6678,0.7395,0.0849][0.1596,0.1689,0][-2.4798,-0.0096,-1.8396][-0.3265,0.6231,-0.7107][0.1438,0.165,0][-3.4914,-0.5682,-1.3514][-0.9036,0.2334,0.3591][0.159,0.1476,0][-3.4916,-0.568,-1.695][-0.8813,0.3443,-0.3238][0.1483,0.1476,0][-3.4606,-2.0962,-1.3514][-0.9539,0.0668,0.2925][0.159,0.1002,0][-3.0844,0.118,-1.3322][-0.6678,0.7395,0.0849][0.1596,0.1689,0][-3.4916,-0.568,-1.695][-0.8813,0.3443,-0.3238][0.1483,0.1476,0][-3.4914,-0.5682,-1.3514][-0.9036,0.2334,0.3591][0.159,0.1476,0][-3.4434,-2.629,-1.695][-0.9535,-0.0997,-0.2843][0.1483,0.0837,0][-3.4606,-2.0962,-1.3514][-0.9539,0.0668,0.2925][0.159,0.1002,0][-3.4916,-0.568,-1.695][-0.8813,0.3443,-0.3238][0.1483,0.1476,0][-3.4916,-0.568,-1.695][-0.8813,0.3443,-0.3238][0.1483,0.1476,0][-2.8784,-1.5968,-2.7458][-0.4787,0.0906,-0.8733][0.1157,0.1157,0][-3.4434,-2.629,-1.695][-0.9535,-0.0997,-0.2843][0.1483,0.0837,0][-2.8784,-1.5968,-2.7458][-0.4787,0.0906,-0.8733][0.1157,0.1157,0][-3.4916,-0.568,-1.695][-0.8813,0.3443,-0.3238][0.1483,0.1476,0][-2.8784,-0.5748,-2.4866][-0.4012,0.5028,-0.7657][0.1238,0.1474,0][-2.8784,-4.0602,-1.9082][-0.4254,-0.6398,-0.64][0.1417,0.0393,0][-3.4434,-2.629,-1.695][-0.9535,-0.0997,-0.2843][0.1483,0.0837,0][-2.8784,-2.6282,-2.7556][-0.475,-0.2201,-0.852][0.1154,0.0837,0][-3.4434,-4.0602,-0.9006][-0.8953,-0.3741,-0.2419][0.173,0.0393,0][-3.4434,-2.629,-1.695][-0.9535,-0.0997,-0.2843][0.1483,0.0837,0][-2.8784,-4.0602,-1.9082][-0.4254,-0.6398,-0.64][0.1417,0.0393,0][-3.4606,-2.0962,-1.3514][-0.9539,0.0668,0.2925][0.159,0.1002,0][-3.4434,-2.629,-1.695][-0.9535,-0.0997,-0.2843][0.1483,0.0837,0][-3.4434,-2.964,-0.791][-0.9709,0.2088,0.1173][0.1764,0.0733,0][-2.8784,-2.6282,-2.7556][-0.475,-0.2201,-0.852][0.1154,0.0837,0][-3.4434,-2.629,-1.695][-0.9535,-0.0997,-0.2843][0.1483,0.0837,0][-2.8784,-1.5968,-2.7458][-0.4787,0.0906,-0.8733][0.1157,0.1157,0][-3.4434,-2.964,-0.791][-0.9709,0.2088,0.1173][0.1764,0.0733,0][-3.4434,-2.629,-1.695][-0.9535,-0.0997,-0.2843][0.1483,0.0837,0][-3.4434,-4.0602,-0.9006][-0.8953,-0.3741,-0.2419][0.173,0.0393,0][-3.4434,-4.0602,-0.9006][-0.8953,-0.3741,-0.2419][0.173,0.0393,0][-3.4434,-4.3898,0][-0.8975,-0.4409,-0][0.2009,0.0291,0][-3.4434,-2.964,-0.791][-0.9709,0.2088,0.1173][0.1764,0.0733,0][-2.8784,-4.0602,-1.9082][-0.4254,-0.6398,-0.64][0.1417,0.0393,0][-2.8784,-4.9768,0][-0.3547,-0.935,-0][0.2009,0.0109,0][-3.4434,-4.0602,-0.9006][-0.8953,-0.3741,-0.2419][0.173,0.0393,0][-3.4434,-4.3898,0][-0.8975,-0.4409,-0][0.2009,0.0291,0][-3.4434,-4.0602,-0.9006][-0.8953,-0.3741,-0.2419][0.173,0.0393,0][-2.8784,-4.9768,0][-0.3547,-0.935,-0][0.2009,0.0109,0][-3.4434,-4.0602,0.9006][-0.8953,-0.3741,0.242][0.2289,0.0393,0][-2.8784,-4.9768,0][-0.3547,-0.935,-0][0.2009,0.0109,0][-2.8784,-4.0602,1.9082][-0.4255,-0.6398,0.64][0.2601,0.0393,0][-2.8784,-4.0602,1.9082][-0.4255,-0.6398,0.64][0.4703,0.0932,0][-2.8784,-4.9768,0][-0.3547,-0.935,-0][0.4703,0.0108,0][-0.9936,-5.0278,0][-0.0073,-1,-0][0.5147,0.0108,0][-2.8784,-4.0602,-1.9082][-0.4254,-0.6398,-0.64][0.4703,0.0929,0][-0.9936,-5.0278,0][-0.0073,-1,-0][0.5147,0.0108,0][-2.8784,-4.9768,0][-0.3547,-0.935,-0][0.4703,0.0108,0][-2.8784,-4.9768,0][-0.3547,-0.935,-0][0.2009,0.0109,0][-3.4434,-4.0602,0.9006][-0.8953,-0.3741,0.242][0.2289,0.0393,0][-3.4434,-4.3898,0][-0.8975,-0.4409,-0][0.2009,0.0291,0][-3.4434,-2.9638,0.791][-0.9709,0.209,-0.1173][0.2255,0.0733,0][-3.4434,-4.3898,0][-0.8975,-0.4409,-0][0.2009,0.0291,0][-3.4434,-4.0602,0.9006][-0.8953,-0.3741,0.242][0.2289,0.0393,0][-3.4434,-4.0602,0.9006][-0.8953,-0.3741,0.242][0.2289,0.0393,0][-3.4434,-2.6282,1.695][-0.9537,-0.0998,0.2836][0.2535,0.0837,0][-3.4434,-2.9638,0.791][-0.9709,0.209,-0.1173][0.2255,0.0733,0][-2.8784,-4.0602,1.9082][-0.4255,-0.6398,0.64][0.2601,0.0393,0][-3.4434,-2.6282,1.695][-0.9537,-0.0998,0.2836][0.2535,0.0837,0][-3.4434,-4.0602,0.9006][-0.8953,-0.3741,0.242][0.2289,0.0393,0][-3.4434,-2.6282,1.695][-0.9537,-0.0998,0.2836][0.2535,0.0837,0][-2.8784,-1.5968,2.755][-0.4783,0.0911,0.8734][0.2864,0.1157,0][-3.49,-0.5704,1.695][-0.8815,0.3443,0.323][0.2535,0.1476,0][-3.49,-0.5704,1.695][-0.8815,0.3443,0.323][0.2535,0.1476,0][-3.4602,-2.0962,1.3514][-0.9542,0.0661,-0.2918][0.2429,0.1002,0][-3.4434,-2.6282,1.695][-0.9537,-0.0998,0.2836][0.2535,0.0837,0][-3.4434,-2.9638,0.791][-0.9709,0.209,-0.1173][0.2255,0.0733,0][-3.4434,-2.6282,1.695][-0.9537,-0.0998,0.2836][0.2535,0.0837,0][-3.4602,-2.0962,1.3514][-0.9542,0.0661,-0.2918][0.2429,0.1002,0][-2.8784,-2.6282,2.7556][-0.4754,-0.2238,0.8508][0.2864,0.0837,0][-3.4434,-2.6282,1.695][-0.9537,-0.0998,0.2836][0.2535,0.0837,0][-2.8784,-4.0602,1.9082][-0.4255,-0.6398,0.64][0.2601,0.0393,0][-2.8784,-1.5968,2.755][-0.4783,0.0911,0.8734][0.2864,0.1157,0][-3.4434,-2.6282,1.695][-0.9537,-0.0998,0.2836][0.2535,0.0837,0][-2.8784,-2.6282,2.7556][-0.4754,-0.2238,0.8508][0.2864,0.0837,0][4.4966,-1.596,2.7556][-0.1104,0.2417,0.9641][0.6439,0.1783,0][-2.8784,-1.5968,2.755][-0.4783,0.0911,0.8734][0.4703,0.1783,0][4.4964,-2.6282,2.7556][-0.45,-0.1964,0.8712][0.6439,0.1483,0][-2.8784,-2.6282,2.7556][-0.4754,-0.2238,0.8508][0.4703,0.1483,0][4.4964,-2.6282,2.7556][-0.45,-0.1964,0.8712][0.6439,0.1483,0][-2.8784,-1.5968,2.755][-0.4783,0.0911,0.8734][0.4703,0.1783,0][-2.8784,-1.5968,2.755][-0.4783,0.0911,0.8734][0.4703,0.1783,0][4.4966,-1.596,2.7556][-0.1104,0.2417,0.9641][0.6439,0.1783,0][-2.8784,-0.5752,2.4864][-0.4015,0.5061,0.7634][0.4703,0.2058,0][-2.8784,-0.5752,2.4864][-0.4015,0.5061,0.7634][0.2781,0.1474,0][-3.49,-0.5704,1.695][-0.8815,0.3443,0.323][0.2535,0.1476,0][-2.8784,-1.5968,2.755][-0.4783,0.0911,0.8734][0.2864,0.1157,0][4.4968,-0.5722,2.4864][-0.0001,0.5276,0.8495][0.644,0.2059,0][4.4968,-0.009,1.8396][-0.0001,0.3357,0.942][0.644,0.2281,0][-2.8784,-0.5752,2.4864][-0.4015,0.5061,0.7634][0.4703,0.2058,0][-2.8784,-0.5752,2.4864][-0.4015,0.5061,0.7634][0.4703,0.2058,0][4.4968,-0.009,1.8396][-0.0001,0.3357,0.942][0.644,0.2281,0][-2.4798,-0.0096,1.8396][-0.3293,0.6227,0.7098][0.4797,0.2281,0][-3.49,-0.5704,1.695][-0.8815,0.3443,0.323][0.2535,0.1476,0][-2.8784,-0.5752,2.4864][-0.4015,0.5061,0.7634][0.2781,0.1474,0][-2.4798,-0.0096,1.8396][-0.3293,0.6227,0.7098][0.258,0.165,0][-2.8784,-0.5752,2.4864][-0.4015,0.5061,0.7634][0.4703,0.2058,0][4.4966,-1.596,2.7556][-0.1104,0.2417,0.9641][0.6439,0.1783,0][4.4968,-0.5722,2.4864][-0.0001,0.5276,0.8495][0.644,0.2059,0][4.4968,-0.009,1.8396][-0.0001,0.3357,0.942][0.644,0.2281,0][4.4968,-0.5722,2.4864][-0.0001,0.5276,0.8495][0.644,0.2059,0][9.5546,-0.009,1.8396][-0,0.3357,0.942][0.763,0.2281,0][4.4968,-0.5722,2.4864][-0.0001,0.5276,0.8495][0.644,0.2059,0][4.4966,-1.596,2.7556][-0.1104,0.2417,0.9641][0.6439,0.1783,0][6.49,-0.5732,2.4864][0.0002,0.5267,0.85][0.6909,0.2058,0][6.49,-0.5732,2.4864][0.0002,0.5267,0.85][0.6909,0.2058,0][9.5546,-0.009,1.8396][-0,0.3357,0.942][0.763,0.2281,0][4.4968,-0.5722,2.4864][-0.0001,0.5276,0.8495][0.644,0.2059,0][6.49,-1.596,2.7556][0.1091,0.2383,0.965][0.6909,0.1783,0][7.577,-0.5732,2.4864][0.0003,0.5266,0.8501][0.7165,0.2058,0][6.49,-0.5732,2.4864][0.0002,0.5267,0.85][0.6909,0.2058,0][9.5546,-0.009,1.8396][-0,0.3357,0.942][0.763,0.2281,0][6.49,-0.5732,2.4864][0.0002,0.5267,0.85][0.6909,0.2058,0][7.577,-0.5732,2.4864][0.0003,0.5266,0.8501][0.7165,0.2058,0][6.49,-0.5732,2.4864][0.0002,0.5267,0.85][0.6909,0.2058,0][4.4966,-1.596,2.7556][-0.1104,0.2417,0.9641][0.6439,0.1783,0][6.49,-1.596,2.7556][0.1091,0.2383,0.965][0.6909,0.1783,0][7.577,-0.5732,2.4864][0.0003,0.5266,0.8501][0.7165,0.2058,0][6.49,-1.596,2.7556][0.1091,0.2383,0.965][0.6909,0.1783,0][7.577,-1.605,2.7556][-0.1082,0.2366,0.9656][0.7165,0.1781,0][6.49,-2.6282,2.7556][0.3982,-0.1482,0.9052][0.6909,0.1483,0][7.577,-1.605,2.7556][-0.1082,0.2366,0.9656][0.7165,0.1781,0][6.49,-1.596,2.7556][0.1091,0.2383,0.965][0.6909,0.1783,0][6.49,-1.596,2.7556][0.1091,0.2383,0.965][0.6909,0.1783,0][5.925,-2.161,3.317][0.2993,0.299,0.9061][0.6776,0.1595,0][6.49,-2.6282,2.7556][0.3982,-0.1482,0.9052][0.6909,0.1483,0][5.0522,-2.161,3.3176][-0.2855,0.3193,0.9036][0.657,0.1595,0][5.925,-2.161,3.317][0.2993,0.299,0.9061][0.6776,0.1595,0][6.49,-1.596,2.7556][0.1091,0.2383,0.965][0.6909,0.1783,0][6.49,-1.596,2.7556][0.1091,0.2383,0.965][0.6909,0.1783,0][4.4966,-1.596,2.7556][-0.1104,0.2417,0.9641][0.6439,0.1783,0][5.0522,-2.161,3.3176][-0.2855,0.3193,0.9036][0.657,0.1595,0][5.925,-2.161,3.317][0.2993,0.299,0.9061][0.6776,0.1595,0][5.0522,-2.161,3.3176][-0.2855,0.3193,0.9036][0.657,0.1595,0][5.925,-2.709,3.3172][0.3794,-0.1532,0.9125][0.6776,0.1456,0][5.0522,-2.161,3.3176][-0.2855,0.3193,0.9036][0.657,0.1595,0][4.4966,-1.596,2.7556][-0.1104,0.2417,0.9641][0.6439,0.1783,0][5.042,-2.769,3.343][-0.3659,-0.1604,0.9167][0.6568,0.1441,0][5.042,-2.769,3.343][-0.3659,-0.1604,0.9167][0.6568,0.1441,0][5.925,-2.709,3.3172][0.3794,-0.1532,0.9125][0.6776,0.1456,0][5.0522,-2.161,3.3176][-0.2855,0.3193,0.9036][0.657,0.1595,0][5.925,-2.709,3.3172][0.3794,-0.1532,0.9125][0.6776,0.1456,0][6.49,-2.6282,2.7556][0.3982,-0.1482,0.9052][0.6909,0.1483,0][5.925,-2.161,3.317][0.2993,0.299,0.9061][0.6776,0.1595,0][6.49,-5.1576,1.9082][0.325,-0.648,0.6888][0.6909,0.0678,0][6.49,-2.6282,2.7556][0.3982,-0.1482,0.9052][0.6909,0.1483,0][5.925,-2.709,3.3172][0.3794,-0.1532,0.9125][0.6776,0.1456,0][5.925,-2.709,3.3172][0.3794,-0.1532,0.9125][0.6776,0.1456,0][5.81,-5.4874,2.267][0.1372,-0.7209,0.6793][0.6749,0.0697,0][6.49,-5.1576,1.9082][0.325,-0.648,0.6888][0.6909,0.0678,0][5.81,-5.4874,2.267][0.1372,-0.7209,0.6793][0.6749,0.0697,0][5.925,-2.709,3.3172][0.3794,-0.1532,0.9125][0.6776,0.1456,0][5.042,-2.769,3.343][-0.3659,-0.1604,0.9167][0.6568,0.1441,0][5.042,-2.769,3.343][-0.3659,-0.1604,0.9167][0.6568,0.1441,0][4.9132,-4.8826,2.3976][-0.562,-0.494,0.6635][0.6538,0.0826,0][5.81,-5.4874,2.267][0.1372,-0.7209,0.6793][0.6749,0.0697,0][6.4902,-5.9166,0][0.0762,-0.9971,0.0013][0.6909,0.0108,0][6.49,-5.1576,1.9082][0.325,-0.648,0.6888][0.6909,0.0678,0][5.81,-5.4874,2.267][0.1372,-0.7209,0.6793][0.6749,0.0697,0][5.81,-5.4874,2.267][0.1372,-0.7209,0.6793][0.6749,0.0697,0][5.8124,-6.0618,0.7624][0.126,-0.9654,0.2282][0.6749,0.0301,0][6.4902,-5.9166,0][0.0762,-0.9971,0.0013][0.6909,0.0108,0][4.8672,-5.8586,0.7762][-0.5815,-0.7864,0.2084][0.6527,0.0316,0][5.8124,-6.0618,0.7624][0.126,-0.9654,0.2282][0.6749,0.0301,0][5.81,-5.4874,2.267][0.1372,-0.7209,0.6793][0.6749,0.0697,0][5.81,-5.4874,2.267][0.1372,-0.7209,0.6793][0.6749,0.0697,0][4.9132,-4.8826,2.3976][-0.562,-0.494,0.6635][0.6538,0.0826,0][4.8672,-5.8586,0.7762][-0.5815,-0.7864,0.2084][0.6527,0.0316,0][4.4958,-4.4122,1.9082][-0.634,-0.5338,0.5596][0.6439,0.0835,0][4.8672,-5.8586,0.7762][-0.5815,-0.7864,0.2084][0.6527,0.0316,0][4.9132,-4.8826,2.3976][-0.562,-0.494,0.6635][0.6538,0.0826,0][4.9132,-4.8826,2.3976][-0.562,-0.494,0.6635][0.6538,0.0826,0][4.4964,-2.6282,2.7556][-0.45,-0.1964,0.8712][0.6439,0.1483,0][4.4958,-4.4122,1.9082][-0.634,-0.5338,0.5596][0.6439,0.0835,0][4.4964,-2.6282,2.7556][-0.45,-0.1964,0.8712][0.6439,0.1483,0][4.9132,-4.8826,2.3976][-0.562,-0.494,0.6635][0.6538,0.0826,0][5.042,-2.769,3.343][-0.3659,-0.1604,0.9167][0.6568,0.1441,0][4.8672,-5.8586,0.7762][-0.5815,-0.7864,0.2084][0.6527,0.0316,0][4.4958,-4.4122,1.9082][-0.634,-0.5338,0.5596][0.6439,0.0835,0][4.4966,-5.4092,0][-0.6589,-0.7522,-0][0.6439,0.0108,0][2.9884,-5.027,0][-0.1213,-0.9926,-0][0.6084,0.0108,0][4.4966,-5.4092,0][-0.6589,-0.7522,-0][0.6439,0.0108,0][4.4958,-4.4122,1.9082][-0.634,-0.5338,0.5596][0.6439,0.0835,0][3.554,-4.0602,1.9082][-0.1174,-0.6787,0.7249][0.6218,0.0932,0][4.4958,-4.4122,1.9082][-0.634,-0.5338,0.5596][0.6439,0.0835,0][4.4964,-2.6282,2.7556][-0.45,-0.1964,0.8712][0.6439,0.1483,0][4.4958,-4.4122,1.9082][-0.634,-0.5338,0.5596][0.6439,0.0835,0][3.554,-4.0602,1.9082][-0.1174,-0.6787,0.7249][0.6218,0.0932,0][2.9884,-5.027,0][-0.1213,-0.9926,-0][0.6084,0.0108,0][2.9884,-5.027,0][-0.1213,-0.9926,-0][0.6084,0.0108,0][3.554,-4.0602,1.9082][-0.1174,-0.6787,0.7249][0.6218,0.0932,0][-0.9936,-5.0278,0][-0.0073,-1,-0][0.5147,0.0108,0][-0.9936,-5.0278,0][-0.0073,-1,-0][0.5147,0.0108,0][3.554,-4.0602,-1.9082][-0.1174,-0.6787,-0.7249][0.6218,0.0929,0][2.9884,-5.027,0][-0.1213,-0.9926,-0][0.6084,0.0108,0][4.4958,-4.4122,-1.9082][-0.634,-0.5338,-0.5596][0.6439,0.0831,0][4.4966,-5.4092,0][-0.6589,-0.7522,-0][0.6439,0.0108,0][2.9884,-5.027,0][-0.1213,-0.9926,-0][0.6084,0.0108,0][2.9884,-5.027,0][-0.1213,-0.9926,-0][0.6084,0.0108,0][3.554,-4.0602,-1.9082][-0.1174,-0.6787,-0.7249][0.6218,0.0929,0][4.4958,-4.4122,-1.9082][-0.634,-0.5338,-0.5596][0.6439,0.0831,0][4.4964,-2.6282,-2.7556][-0.4503,-0.1962,-0.8711][0.6439,0.1479,0][4.9132,-4.8826,-2.3976][-0.562,-0.494,-0.6635][0.6538,0.0823,0][4.4958,-4.4122,-1.9082][-0.634,-0.5338,-0.5596][0.6439,0.0831,0][4.4958,-4.4122,-1.9082][-0.634,-0.5338,-0.5596][0.6439,0.0831,0][3.554,-4.0602,-1.9082][-0.1174,-0.6787,-0.7249][0.6218,0.0929,0][4.4964,-2.6282,-2.7556][-0.4503,-0.1962,-0.8711][0.6439,0.1479,0][4.4966,-5.4092,0][-0.6589,-0.7522,-0][0.6439,0.0108,0][4.4958,-4.4122,-1.9082][-0.634,-0.5338,-0.5596][0.6439,0.0831,0][4.8672,-5.8586,-0.7762][-0.5815,-0.7864,-0.2084][0.6527,0.0313,0][4.8672,-5.8586,-0.7762][-0.5815,-0.7864,-0.2084][0.6527,0.0313,0][4.4958,-4.4122,-1.9082][-0.634,-0.5338,-0.5596][0.6439,0.0831,0][4.9132,-4.8826,-2.3976][-0.562,-0.494,-0.6635][0.6538,0.0823,0][4.9132,-4.8826,-2.3976][-0.562,-0.494,-0.6635][0.6538,0.0823,0][5.81,-5.4874,-2.267][0.1372,-0.7209,-0.6793][0.6749,0.0693,0][4.8672,-5.8586,-0.7762][-0.5815,-0.7864,-0.2084][0.6527,0.0313,0][5.042,-2.769,-3.343][-0.3659,-0.1604,-0.9167][0.6568,0.1437,0][5.81,-5.4874,-2.267][0.1372,-0.7209,-0.6793][0.6749,0.0693,0][4.9132,-4.8826,-2.3976][-0.562,-0.494,-0.6635][0.6538,0.0823,0][4.9132,-4.8826,-2.3976][-0.562,-0.494,-0.6635][0.6538,0.0823,0][4.4964,-2.6282,-2.7556][-0.4503,-0.1962,-0.8711][0.6439,0.1479,0][5.042,-2.769,-3.343][-0.3659,-0.1604,-0.9167][0.6568,0.1437,0][5.81,-5.4874,-2.267][0.1372,-0.7209,-0.6793][0.6749,0.0693,0][6.4902,-5.9166,0][0.0762,-0.9971,0.0013][0.6909,0.0108,0][5.8124,-6.0618,-0.7624][0.126,-0.9654,-0.2284][0.6749,0.0297,0][6.4902,-5.9166,0][0.0762,-0.9971,0.0013][0.6909,0.0108,0][5.81,-5.4874,-2.267][0.1372,-0.7209,-0.6793][0.6749,0.0693,0][6.49,-5.1576,-1.9082][0.3244,-0.6477,-0.6894][0.6909,0.0675,0][5.925,-2.709,-3.3172][0.3794,-0.1532,-0.9125][0.6776,0.1452,0][6.49,-5.1576,-1.9082][0.3244,-0.6477,-0.6894][0.6909,0.0675,0][5.81,-5.4874,-2.267][0.1372,-0.7209,-0.6793][0.6749,0.0693,0][5.81,-5.4874,-2.267][0.1372,-0.7209,-0.6793][0.6749,0.0693,0][5.042,-2.769,-3.343][-0.3659,-0.1604,-0.9167][0.6568,0.1437,0][5.925,-2.709,-3.3172][0.3794,-0.1532,-0.9125][0.6776,0.1452,0][5.8124,-6.0618,-0.7624][0.126,-0.9654,-0.2284][0.6749,0.0297,0][4.8672,-5.8586,-0.7762][-0.5815,-0.7864,-0.2084][0.6527,0.0313,0][5.81,-5.4874,-2.267][0.1372,-0.7209,-0.6793][0.6749,0.0693,0][5.812,-6.098,-0.008][0.006,-1,-0.0008][0.6749,0.0106,0][5.8124,-6.0618,-0.7624][0.126,-0.9654,-0.2284][0.6749,0.0297,0][6.4902,-5.9166,0][0.0762,-0.9971,0.0013][0.6909,0.0108,0][5.8124,-6.0618,-0.7624][0.126,-0.9654,-0.2284][0.6749,0.0297,0][5.812,-6.098,-0.008][0.006,-1,-0.0008][0.6749,0.0106,0][4.8674,-5.8578,0][-0.526,-0.8505,-0][0.6527,0.0108,0][4.8674,-5.8578,0][-0.526,-0.8505,-0][0.6527,0.0108,0][4.8672,-5.8586,-0.7762][-0.5815,-0.7864,-0.2084][0.6527,0.0313,0][5.8124,-6.0618,-0.7624][0.126,-0.9654,-0.2284][0.6749,0.0297,0][4.8674,-5.8578,0][-0.526,-0.8505,-0][0.6527,0.0108,0][5.812,-6.098,-0.008][0.006,-1,-0.0008][0.6749,0.0106,0][5.8124,-6.0618,0.7624][0.126,-0.9654,0.2282][0.6749,0.0301,0][5.8124,-6.0618,0.7624][0.126,-0.9654,0.2282][0.6749,0.0301,0][4.8672,-5.8586,0.7762][-0.5815,-0.7864,0.2084][0.6527,0.0316,0][4.8674,-5.8578,0][-0.526,-0.8505,-0][0.6527,0.0108,0][4.4966,-5.4092,0][-0.6589,-0.7522,-0][0.6439,0.0108,0][4.8674,-5.8578,0][-0.526,-0.8505,-0][0.6527,0.0108,0][4.8672,-5.8586,0.7762][-0.5815,-0.7864,0.2084][0.6527,0.0316,0][4.8672,-5.8586,-0.7762][-0.5815,-0.7864,-0.2084][0.6527,0.0313,0][4.8674,-5.8578,0][-0.526,-0.8505,-0][0.6527,0.0108,0][4.4966,-5.4092,0][-0.6589,-0.7522,-0][0.6439,0.0108,0][6.4902,-5.9166,0][0.0762,-0.9971,0.0013][0.6909,0.0108,0][5.8124,-6.0618,0.7624][0.126,-0.9654,0.2282][0.6749,0.0301,0][5.812,-6.098,-0.008][0.006,-1,-0.0008][0.6749,0.0106,0][3.554,-4.0602,-1.9082][-0.1174,-0.6787,-0.7249][0.6218,0.0929,0][-0.9936,-5.0278,0][-0.0073,-1,-0][0.5147,0.0108,0][-2.8784,-4.0602,-1.9082][-0.4254,-0.6398,-0.64][0.4703,0.0929,0][-2.8784,-4.0602,-1.9082][-0.4254,-0.6398,-0.64][0.4703,0.0929,0][4.4964,-2.6282,-2.7556][-0.4503,-0.1962,-0.8711][0.6439,0.1479,0][3.554,-4.0602,-1.9082][-0.1174,-0.6787,-0.7249][0.6218,0.0929,0][4.4964,-2.6282,2.7556][-0.45,-0.1964,0.8712][0.6439,0.1483,0][-2.8784,-4.0602,1.9082][-0.4255,-0.6398,0.64][0.4703,0.0932,0][3.554,-4.0602,1.9082][-0.1174,-0.6787,0.7249][0.6218,0.0932,0][-0.9936,-5.0278,0][-0.0073,-1,-0][0.5147,0.0108,0][3.554,-4.0602,1.9082][-0.1174,-0.6787,0.7249][0.6218,0.0932,0][-2.8784,-4.0602,1.9082][-0.4255,-0.6398,0.64][0.4703,0.0932,0][6.49,-5.1576,-1.9082][0.3244,-0.6477,-0.6894][0.6909,0.0675,0][7.3082,-6.1618,-0.008][-0.1077,-0.9942,-0.0021][0.7101,0.0106,0][6.4902,-5.9166,0][0.0762,-0.9971,0.0013][0.6909,0.0108,0][6.49,-5.1576,1.9082][0.325,-0.648,0.6888][0.6909,0.0678,0][6.4902,-5.9166,0][0.0762,-0.9971,0.0013][0.6909,0.0108,0][7.3082,-6.1618,-0.008][-0.1077,-0.9942,-0.0021][0.7101,0.0106,0][7.3082,-6.1618,-0.008][-0.1077,-0.9942,-0.0021][0.7101,0.0106,0][7.577,-5.1576,-1.9082][-0.4208,-0.5851,-0.6933][0.7165,0.0675,0][7.577,-6.1616,-0.008][-0.3116,-0.9502,-0.0019][0.7165,0.0106,0][7.577,-6.1616,-0.008][-0.3116,-0.9502,-0.0019][0.7165,0.0106,0][7.577,-5.1576,1.9082][-0.4214,-0.5857,0.6924][0.7165,0.0678,0][7.3082,-6.1618,-0.008][-0.1077,-0.9942,-0.0021][0.7101,0.0106,0][7.3082,-6.1618,-0.008][-0.1077,-0.9942,-0.0021][0.7101,0.0106,0][7.577,-5.1576,1.9082][-0.4214,-0.5857,0.6924][0.7165,0.0678,0][6.49,-5.1576,1.9082][0.325,-0.648,0.6888][0.6909,0.0678,0][7.577,-5.1576,-1.9082][-0.4208,-0.5851,-0.6933][0.7165,0.0675,0][7.3082,-6.1618,-0.008][-0.1077,-0.9942,-0.0021][0.7101,0.0106,0][6.49,-5.1576,-1.9082][0.3244,-0.6477,-0.6894][0.6909,0.0675,0][6.49,-2.6282,2.7556][0.3982,-0.1482,0.9052][0.6909,0.1483,0][6.49,-5.1576,1.9082][0.325,-0.648,0.6888][0.6909,0.0678,0][7.577,-5.1576,1.9082][-0.4214,-0.5857,0.6924][0.7165,0.0678,0][7.577,-5.1576,1.9082][-0.4214,-0.5857,0.6924][0.7165,0.0678,0][7.577,-2.6282,2.7556][-0.396,-0.1498,0.9059][0.7165,0.1483,0][6.49,-2.6282,2.7556][0.3982,-0.1482,0.9052][0.6909,0.1483,0][7.577,-2.6282,2.7556][-0.396,-0.1498,0.9059][0.7165,0.1483,0][7.577,-5.1576,1.9082][-0.4214,-0.5857,0.6924][0.7165,0.0678,0][8.1418,-5.525,2.338][-0.3559,-0.6035,0.7135][0.7298,0.0704,0][8.1412,-6.3562,0.8088][-0.3228,-0.906,0.2738][0.7297,0.0296,0][8.1418,-5.525,2.338][-0.3559,-0.6035,0.7135][0.7298,0.0704,0][7.577,-5.1576,1.9082][-0.4214,-0.5857,0.6924][0.7165,0.0678,0][7.577,-5.1576,1.9082][-0.4214,-0.5857,0.6924][0.7165,0.0678,0][7.577,-6.1616,-0.008][-0.3116,-0.9502,-0.0019][0.7165,0.0106,0][8.1412,-6.3562,0.8088][-0.3228,-0.906,0.2738][0.7297,0.0296,0][8.1418,-5.525,2.338][-0.3559,-0.6035,0.7135][0.7298,0.0704,0][8.1412,-6.3562,0.8088][-0.3228,-0.906,0.2738][0.7297,0.0296,0][8.989,-6.3572,0.8134][0.3266,-0.9036,0.2772][0.7497,0.0297,0][8.1418,-6.3576,0][-0.1664,-0.9861,-0][0.7298,0.0108,0][8.989,-6.3572,0.8134][0.3266,-0.9036,0.2772][0.7497,0.0297,0][8.1412,-6.3562,0.8088][-0.3228,-0.906,0.2738][0.7297,0.0296,0][8.1412,-6.3562,0.8088][-0.3228,-0.906,0.2738][0.7297,0.0296,0][7.577,-6.1616,-0.008][-0.3116,-0.9502,-0.0019][0.7165,0.0106,0][8.1418,-6.3576,0][-0.1664,-0.9861,-0][0.7298,0.0108,0][8.989,-6.3572,0.8134][0.3266,-0.9036,0.2772][0.7497,0.0297,0][8.1418,-6.3576,0][-0.1664,-0.9861,-0][0.7298,0.0108,0][8.9892,-6.3576,0][0.1661,-0.9861,-0][0.7497,0.0108,0][8.989,-6.3572,-0.8134][0.3237,-0.9046,-0.2773][0.7497,0.0293,0][8.9892,-6.3576,0][0.1661,-0.9861,-0][0.7497,0.0108,0][8.1418,-6.3576,0][-0.1664,-0.9861,-0][0.7298,0.0108,0][8.1418,-6.3576,0][-0.1664,-0.9861,-0][0.7298,0.0108,0][8.1412,-6.3562,-0.8088][-0.321,-0.9065,-0.2743][0.7297,0.0292,0][8.989,-6.3572,-0.8134][0.3237,-0.9046,-0.2773][0.7497,0.0293,0][8.1412,-6.3562,-0.8088][-0.321,-0.9065,-0.2743][0.7297,0.0292,0][8.1418,-6.3576,0][-0.1664,-0.9861,-0][0.7298,0.0108,0][7.577,-6.1616,-0.008][-0.3116,-0.9502,-0.0019][0.7165,0.0106,0][8.1418,-5.525,-2.338][-0.3559,-0.6035,-0.7135][0.7298,0.0701,0][8.989,-6.3572,-0.8134][0.3237,-0.9046,-0.2773][0.7497,0.0293,0][8.1412,-6.3562,-0.8088][-0.321,-0.9065,-0.2743][0.7297,0.0292,0][8.1412,-6.3562,-0.8088][-0.321,-0.9065,-0.2743][0.7297,0.0292,0][7.577,-5.1576,-1.9082][-0.4208,-0.5851,-0.6933][0.7165,0.0675,0][8.1418,-5.525,-2.338][-0.3559,-0.6035,-0.7135][0.7298,0.0701,0][7.577,-6.1616,-0.008][-0.3116,-0.9502,-0.0019][0.7165,0.0106,0][7.577,-5.1576,-1.9082][-0.4208,-0.5851,-0.6933][0.7165,0.0675,0][8.1412,-6.3562,-0.8088][-0.321,-0.9065,-0.2743][0.7297,0.0292,0][9.5544,-6.1616,-0.008][0.3118,-0.9502,-0.0017][0.763,0.0106,0][8.9892,-6.3576,0][0.1661,-0.9861,-0][0.7497,0.0108,0][8.989,-6.3572,-0.8134][0.3237,-0.9046,-0.2773][0.7497,0.0293,0][8.989,-6.3572,-0.8134][0.3237,-0.9046,-0.2773][0.7497,0.0293,0][8.9894,-5.524,-2.338][0.3564,-0.605,-0.712][0.7497,0.0701,0][9.5544,-6.1616,-0.008][0.3118,-0.9502,-0.0017][0.763,0.0106,0][8.9894,-5.524,-2.338][0.3564,-0.605,-0.712][0.7497,0.0701,0][8.989,-6.3572,-0.8134][0.3237,-0.9046,-0.2773][0.7497,0.0293,0][8.1418,-5.525,-2.338][-0.3559,-0.6035,-0.7135][0.7298,0.0701,0][8.9892,-6.3576,0][0.1661,-0.9861,-0][0.7497,0.0108,0][9.5544,-6.1616,-0.008][0.3118,-0.9502,-0.0017][0.763,0.0106,0][8.989,-6.3572,0.8134][0.3266,-0.9036,0.2772][0.7497,0.0297,0][8.989,-6.3572,0.8134][0.3266,-0.9036,0.2772][0.7497,0.0297,0][8.9894,-5.524,2.338][0.3567,-0.6052,0.7117][0.7497,0.0704,0][8.1418,-5.525,2.338][-0.3559,-0.6035,0.7135][0.7298,0.0704,0][8.9894,-5.524,2.338][0.3567,-0.6052,0.7117][0.7497,0.0704,0][8.989,-6.3572,0.8134][0.3266,-0.9036,0.2772][0.7497,0.0297,0][9.5544,-6.1616,-0.008][0.3118,-0.9502,-0.0017][0.763,0.0106,0][8.142,-2.7192,3.3132][-0.3698,-0.1569,0.9158][0.7298,0.1453,0][8.1418,-5.525,2.338][-0.3559,-0.6035,0.7135][0.7298,0.0704,0][8.9894,-5.524,2.338][0.3567,-0.6052,0.7117][0.7497,0.0704,0][9.5544,-6.1616,-0.008][0.3118,-0.9502,-0.0017][0.763,0.0106,0][9.5544,-5.1574,1.9082][0.4206,-0.5903,0.689][0.763,0.0678,0][8.9894,-5.524,2.338][0.3567,-0.6052,0.7117][0.7497,0.0704,0][8.9894,-5.524,2.338][0.3567,-0.6052,0.7117][0.7497,0.0704,0][8.9894,-2.7192,3.3132][0.3682,-0.1561,0.9166][0.7497,0.1453,0][8.142,-2.7192,3.3132][-0.3698,-0.1569,0.9158][0.7298,0.1453,0][8.9894,-2.7192,3.3132][0.3682,-0.1561,0.9166][0.7497,0.1453,0][8.9894,-5.524,2.338][0.3567,-0.6052,0.7117][0.7497,0.0704,0][9.5544,-5.1574,1.9082][0.4206,-0.5903,0.689][0.763,0.0678,0][8.1418,-5.525,2.338][-0.3559,-0.6035,0.7135][0.7298,0.0704,0][8.142,-2.7192,3.3132][-0.3698,-0.1569,0.9158][0.7298,0.1453,0][7.577,-2.6282,2.7556][-0.396,-0.1498,0.9059][0.7165,0.1483,0][8.142,-2.17,3.3168][-0.3,0.2957,0.907][0.7298,0.1593,0][7.577,-1.605,2.7556][-0.1082,0.2366,0.9656][0.7165,0.1781,0][8.142,-2.7192,3.3132][-0.3698,-0.1569,0.9158][0.7298,0.1453,0][7.577,-2.6282,2.7556][-0.396,-0.1498,0.9059][0.7165,0.1483,0][8.142,-2.7192,3.3132][-0.3698,-0.1569,0.9158][0.7298,0.1453,0][7.577,-1.605,2.7556][-0.1082,0.2366,0.9656][0.7165,0.1781,0][8.142,-2.7192,3.3132][-0.3698,-0.1569,0.9158][0.7298,0.1453,0][8.9894,-2.17,3.3168][0.2982,0.2963,0.9073][0.7497,0.1593,0][8.142,-2.17,3.3168][-0.3,0.2957,0.907][0.7298,0.1593,0][8.9894,-2.17,3.3168][0.2982,0.2963,0.9073][0.7497,0.1593,0][8.142,-2.7192,3.3132][-0.3698,-0.1569,0.9158][0.7298,0.1453,0][8.9894,-2.7192,3.3132][0.3682,-0.1561,0.9166][0.7497,0.1453,0][7.577,-1.605,2.7556][-0.1082,0.2366,0.9656][0.7165,0.1781,0][6.49,-2.6282,2.7556][0.3982,-0.1482,0.9052][0.6909,0.1483,0][7.577,-2.6282,2.7556][-0.396,-0.1498,0.9059][0.7165,0.1483,0][4.4964,-2.6282,2.7556][-0.45,-0.1964,0.8712][0.6439,0.1483,0][5.042,-2.769,3.343][-0.3659,-0.1604,0.9167][0.6568,0.1441,0][4.4966,-1.596,2.7556][-0.1104,0.2417,0.9641][0.6439,0.1783,0][7.577,-0.5732,2.4864][0.0003,0.5266,0.8501][0.7165,0.2058,0][9.5546,-0.5732,2.4864][-0,0.5264,0.8502][0.763,0.2058,0][9.5546,-0.009,1.8396][-0,0.3357,0.942][0.763,0.2281,0][9.5546,-0.5732,2.4864][-0,0.5264,0.8502][0.763,0.2058,0][7.577,-0.5732,2.4864][0.0003,0.5266,0.8501][0.7165,0.2058,0][7.577,-1.605,2.7556][-0.1082,0.2366,0.9656][0.7165,0.1781,0][4.4968,-0.009,1.8396][-0.0001,0.3357,0.942][0.644,0.2281,0][-1.923,0.861,1.989][-0.3956,0.4778,0.7843][0.4928,0.2356,0][-2.4798,-0.0096,1.8396][-0.3293,0.6227,0.7098][0.4797,0.2281,0][-1.923,0.861,1.989][-0.3956,0.4778,0.7843][0.2626,0.192,0][-2.0928,0.7622,1.4126][-0.519,0.8545,-0.0224][0.2447,0.1889,0][-2.4798,-0.0096,1.8396][-0.3293,0.6227,0.7098][0.258,0.165,0][-2.4798,-0.0096,1.8396][-0.3293,0.6227,0.7098][0.258,0.165,0][-3.0908,0.1076,1.3318][-0.6705,0.7368,-0.0869][0.2422,0.1686,0][-3.49,-0.5704,1.695][-0.8815,0.3443,0.323][0.2535,0.1476,0][-3.0908,0.1076,1.3318][-0.6705,0.7368,-0.0869][0.2422,0.1686,0][-2.4798,-0.0096,1.8396][-0.3293,0.6227,0.7098][0.258,0.165,0][-2.0928,0.7622,1.4126][-0.519,0.8545,-0.0224][0.2447,0.1889,0][-2.0928,0.7622,-1.4124][-0.5182,0.8549,0.0242][0.1571,0.1889,0][-2.8904,-0.0976,1.0488][-0.7215,0.5926,-0.358][0.2335,0.1622,0][-2.0928,0.7622,1.4126][-0.519,0.8545,-0.0224][0.2447,0.1889,0][-2.0928,0.7622,1.4126][-0.519,0.8545,-0.0224][0.0153,0.8871,0][16.8252,0.7532,-1.4124][0.4864,0.8172,-0.3093][0.2262,0.9186,0][-2.0928,0.7622,-1.4124][-0.5182,0.8549,0.0242][0.0153,0.9186,0][-2.0928,0.7622,1.4126][-0.519,0.8545,-0.0224][0.2447,0.1889,0][-1.923,0.861,1.989][-0.3956,0.4778,0.7843][0.2626,0.192,0][-1.923,0.996,1.717][-0.4268,0.9039,-0.0294][0.2598,0.1962,0][16.8252,0.7532,-1.4124][0.4864,0.8172,-0.3093][0.2262,0.9186,0][-2.0928,0.7622,1.4126][-0.519,0.8545,-0.0224][0.0153,0.8871,0][16.8252,0.7532,1.4126][0.4873,0.8167,0.3092][0.2262,0.8871,0][-1.923,0.996,1.717][-0.4268,0.9039,-0.0294][0.0172,0.8817,0][16.8252,0.7532,1.4126][0.4873,0.8167,0.3092][0.2262,0.8871,0][-2.0928,0.7622,1.4126][-0.519,0.8545,-0.0224][0.0153,0.8871,0][-3.0908,0.1076,1.3318][-0.6705,0.7368,-0.0869][0.2422,0.1686,0][-2.0928,0.7622,1.4126][-0.519,0.8545,-0.0224][0.2447,0.1889,0][-2.8904,-0.0976,1.0488][-0.7215,0.5926,-0.358][0.2335,0.1622,0][-2.8904,-0.0976,1.0488][-0.7215,0.5926,-0.358][0.2335,0.1622,0][-2.0928,0.7622,-1.4124][-0.5182,0.8549,0.0242][0.1571,0.1889,0][-2.8846,-0.0884,-1.0496][-0.7191,0.5948,0.3593][0.1684,0.1625,0][-3.0908,0.1076,1.3318][-0.6705,0.7368,-0.0869][0.2422,0.1686,0][-2.8904,-0.0976,1.0488][-0.7215,0.5926,-0.358][0.2335,0.1622,0][-3.49,-0.5702,1.3514][-0.9042,0.2338,-0.3575][0.2429,0.1476,0][-3.219,-0.6448,1.0688][-0.883,0.2247,-0.4121][0.2341,0.1453,0][-3.49,-0.5702,1.3514][-0.9042,0.2338,-0.3575][0.2429,0.1476,0][-2.8904,-0.0976,1.0488][-0.7215,0.5926,-0.358][0.2335,0.1622,0][-3.22,-0.6432,-1.069][-0.8831,0.2237,0.4123][0.1678,0.1453,0][-2.8904,-0.0976,1.0488][-0.7215,0.5926,-0.358][0.2335,0.1622,0][-2.8846,-0.0884,-1.0496][-0.7191,0.5948,0.3593][0.1684,0.1625,0][-2.8904,-0.0976,1.0488][-0.7215,0.5926,-0.358][0.2335,0.1622,0][-3.22,-0.6432,-1.069][-0.8831,0.2237,0.4123][0.1678,0.1453,0][-3.219,-0.6448,1.0688][-0.883,0.2247,-0.4121][0.2341,0.1453,0][-3.1798,-2.0074,-1.069][-0.9065,0.1004,0.41][0.1678,0.103,0][-3.219,-0.6448,1.0688][-0.883,0.2247,-0.4121][0.2341,0.1453,0][-3.22,-0.6432,-1.069][-0.8831,0.2237,0.4123][0.1678,0.1453,0][-3.22,-0.6432,-1.069][-0.8831,0.2237,0.4123][0.1678,0.1453,0][-3.4914,-0.5682,-1.3514][-0.9036,0.2334,0.3591][0.159,0.1476,0][-3.1798,-2.0074,-1.069][-0.9065,0.1004,0.41][0.1678,0.103,0][-3.4914,-0.5682,-1.3514][-0.9036,0.2334,0.3591][0.159,0.1476,0][-3.22,-0.6432,-1.069][-0.8831,0.2237,0.4123][0.1678,0.1453,0][-3.0844,0.118,-1.3322][-0.6678,0.7395,0.0849][0.1596,0.1689,0][-2.8846,-0.0884,-1.0496][-0.7191,0.5948,0.3593][0.1684,0.1625,0][-3.0844,0.118,-1.3322][-0.6678,0.7395,0.0849][0.1596,0.1689,0][-3.22,-0.6432,-1.069][-0.8831,0.2237,0.4123][0.1678,0.1453,0][-3.4606,-2.0962,-1.3514][-0.9539,0.0668,0.2925][0.159,0.1002,0][-3.1798,-2.0074,-1.069][-0.9065,0.1004,0.41][0.1678,0.103,0][-3.4914,-0.5682,-1.3514][-0.9036,0.2334,0.3591][0.159,0.1476,0][-3.1666,-2.676,-0.6372][-0.9045,0.3704,0.2115][0.1812,0.0822,0][-3.1664,-2.6758,0.6372][-0.9044,0.3706,-0.2114][0.2207,0.0822,0][-3.1798,-2.0074,-1.069][-0.9065,0.1004,0.41][0.1678,0.103,0][-3.1798,-2.0074,-1.069][-0.9065,0.1004,0.41][0.1678,0.103,0][-3.4606,-2.0962,-1.3514][-0.9539,0.0668,0.2925][0.159,0.1002,0][-3.1666,-2.676,-0.6372][-0.9045,0.3704,0.2115][0.1812,0.0822,0][-3.1794,-2.0074,1.069][-0.9061,0.099,-0.4113][0.2341,0.103,0][-3.1798,-2.0074,-1.069][-0.9065,0.1004,0.41][0.1678,0.103,0][-3.1664,-2.6758,0.6372][-0.9044,0.3706,-0.2114][0.2207,0.0822,0][-3.219,-0.6448,1.0688][-0.883,0.2247,-0.4121][0.2341,0.1453,0][-3.1798,-2.0074,-1.069][-0.9065,0.1004,0.41][0.1678,0.103,0][-3.1794,-2.0074,1.069][-0.9061,0.099,-0.4113][0.2341,0.103,0][-3.4602,-2.0962,1.3514][-0.9542,0.0661,-0.2918][0.2429,0.1002,0][-3.1794,-2.0074,1.069][-0.9061,0.099,-0.4113][0.2341,0.103,0][-3.4434,-2.9638,0.791][-0.9709,0.209,-0.1173][0.2255,0.0733,0][-3.1664,-2.6758,0.6372][-0.9044,0.3706,-0.2114][0.2207,0.0822,0][-3.4434,-2.9638,0.791][-0.9709,0.209,-0.1173][0.2255,0.0733,0][-3.1794,-2.0074,1.069][-0.9061,0.099,-0.4113][0.2341,0.103,0][-3.1794,-2.0074,1.069][-0.9061,0.099,-0.4113][0.2341,0.103,0][-3.4602,-2.0962,1.3514][-0.9542,0.0661,-0.2918][0.2429,0.1002,0][-3.219,-0.6448,1.0688][-0.883,0.2247,-0.4121][0.2341,0.1453,0][-3.4434,-2.9638,0.791][-0.9709,0.209,-0.1173][0.2255,0.0733,0][-3.1664,-2.6758,0.6372][-0.9044,0.3706,-0.2114][0.2207,0.0822,0][-3.4434,-2.964,-0.791][-0.9709,0.2088,0.1173][0.1764,0.0733,0][-3.1666,-2.676,-0.6372][-0.9045,0.3704,0.2115][0.1812,0.0822,0][-3.4434,-2.964,-0.791][-0.9709,0.2088,0.1173][0.1764,0.0733,0][-3.1664,-2.6758,0.6372][-0.9044,0.3706,-0.2114][0.2207,0.0822,0][-3.4434,-2.964,-0.791][-0.9709,0.2088,0.1173][0.1764,0.0733,0][-3.1666,-2.676,-0.6372][-0.9045,0.3704,0.2115][0.1812,0.0822,0][-3.4606,-2.0962,-1.3514][-0.9539,0.0668,0.2925][0.159,0.1002,0][-3.49,-0.5702,1.3514][-0.9042,0.2338,-0.3575][0.2429,0.1476,0][-3.219,-0.6448,1.0688][-0.883,0.2247,-0.4121][0.2341,0.1453,0][-3.4602,-2.0962,1.3514][-0.9542,0.0661,-0.2918][0.2429,0.1002,0][-3.0844,0.118,-1.3322][-0.6678,0.7395,0.0849][0.1596,0.1689,0][-2.8846,-0.0884,-1.0496][-0.7191,0.5948,0.3593][0.1684,0.1625,0][-2.0928,0.7622,-1.4124][-0.5182,0.8549,0.0242][0.1571,0.1889,0][-3.4602,-2.0962,1.3514][-0.9542,0.0661,-0.2918][0.2429,0.1002,0][-3.49,-0.5704,1.695][-0.8815,0.3443,0.323][0.2535,0.1476,0][-3.49,-0.5702,1.3514][-0.9042,0.2338,-0.3575][0.2429,0.1476,0][-3.49,-0.5702,1.3514][-0.9042,0.2338,-0.3575][0.2429,0.1476,0][-3.49,-0.5704,1.695][-0.8815,0.3443,0.323][0.2535,0.1476,0][-3.0908,0.1076,1.3318][-0.6705,0.7368,-0.0869][0.2422,0.1686,0][-1.923,0.861,1.989][-0.3956,0.4778,0.7843][0.0172,0.8806,0][16.0756,0.989,1.7162][0.1467,0.9877,-0.0533][0.2178,0.8817,0][-1.923,0.996,1.717][-0.4268,0.9039,-0.0294][0.0172,0.8817,0][16.8252,0.7532,1.4126][0.4873,0.8167,0.3092][0.2262,0.8871,0][-1.923,0.996,1.717][-0.4268,0.9039,-0.0294][0.0172,0.8817,0][16.0756,0.989,1.7162][0.1467,0.9877,-0.0533][0.2178,0.8817,0][16.0756,0.989,1.7162][0.1467,0.9877,-0.0533][0.2178,0.8817,0][-1.923,0.861,1.989][-0.3956,0.4778,0.7843][0.0172,0.8806,0][16.0756,0.8602,1.9878][0.2028,0.4846,0.8509][0.2178,0.8807,0][16.0756,0.989,1.7162][0.1467,0.9877,-0.0533][0.436,0.2319,0][16.0756,0.8602,1.9878][0.2028,0.4846,0.8509][0.4389,0.2279,0][16.8252,0.7532,1.4126][0.4873,0.8167,0.3092][0.421,0.2246,0][16.8252,0.7532,-1.4124][0.4864,0.8172,-0.3093][0.3332,0.2246,0][16.0754,0.855,-1.9904][0.2028,0.4787,-0.8542][0.3153,0.2277,0][16.0758,0.9888,-1.7154][0.1477,0.9878,0.0484][0.3182,0.2319,0][16.0758,0.9888,-1.7154][0.1477,0.9878,0.0484][0.2178,0.9239,0][-2.0928,0.7622,-1.4124][-0.5182,0.8549,0.0242][0.0153,0.9186,0][16.8252,0.7532,-1.4124][0.4864,0.8172,-0.3093][0.2262,0.9186,0][17.6462,0.0212,1.13][0.4798,0.8613,0.1672][0.4122,0.2018,0][16.8252,0.7532,-1.4124][0.4864,0.8172,-0.3093][0.3332,0.2246,0][16.8252,0.7532,1.4126][0.4873,0.8167,0.3092][0.421,0.2246,0][17.6552,0.0152,-1.13][0.4782,0.8625,-0.1659][0.342,0.2016,0][16.8258,-0.009,-1.8396][0.2603,0.6155,-0.7439][0.32,0.2009,0][16.8252,0.7532,-1.4124][0.4864,0.8172,-0.3093][0.3332,0.2246,0][16.0754,0.855,-1.9904][0.2028,0.4787,-0.8542][0.3153,0.2277,0][16.8252,0.7532,-1.4124][0.4864,0.8172,-0.3093][0.3332,0.2246,0][16.8258,-0.009,-1.8396][0.2603,0.6155,-0.7439][0.32,0.2009,0][16.8252,0.7532,-1.4124][0.4864,0.8172,-0.3093][0.3332,0.2246,0][17.6462,0.0212,1.13][0.4798,0.8613,0.1672][0.4122,0.2018,0][17.6552,0.0152,-1.13][0.4782,0.8625,-0.1659][0.342,0.2016,0][-1.923,0.8714,-1.9806][-0.3959,0.4897,-0.7769][0.0172,0.9249,0][16.0758,0.9888,-1.7154][0.1477,0.9878,0.0484][0.2178,0.9239,0][16.0754,0.855,-1.9904][0.2028,0.4787,-0.8542][0.2178,0.925,0][16.0754,0.855,-1.9904][0.2028,0.4787,-0.8542][0.9165,0.2351,0][4.4968,-0.009,-1.8396][-0.0004,0.3386,-0.9409][0.644,0.2277,0][-1.923,0.8714,-1.9806][-0.3959,0.4897,-0.7769][0.4928,0.2355,0][16.8258,-0.009,-1.8396][0.2603,0.6155,-0.7439][0.9342,0.2277,0][9.5546,-0.009,-1.8396][-0,0.334,-0.9426][0.763,0.2277,0][16.0754,0.855,-1.9904][0.2028,0.4787,-0.8542][0.9165,0.2351,0][4.4968,-0.009,-1.8396][-0.0004,0.3386,-0.9409][0.644,0.2277,0][16.0754,0.855,-1.9904][0.2028,0.4787,-0.8542][0.9165,0.2351,0][9.5546,-0.009,-1.8396][-0,0.334,-0.9426][0.763,0.2277,0][16.8258,-0.009,-1.8396][0.2603,0.6155,-0.7439][0.32,0.2009,0][17.6552,0.0152,-1.13][0.4782,0.8625,-0.1659][0.342,0.2016,0][18.9854,-0.591,-2.26][0.5779,0.6543,-0.4878][0.3069,0.1828,0][18.9854,-0.591,-2.26][0.5779,0.6543,-0.4878][0.3069,0.1828,0][17.6552,0.0152,-1.13][0.4782,0.8625,-0.1659][0.342,0.2016,0][17.6462,0.0212,1.13][0.4798,0.8613,0.1672][0.4122,0.2018,0][-2.0928,0.7622,-1.4124][-0.5182,0.8549,0.0242][0.0153,0.9186,0][16.0758,0.9888,-1.7154][0.1477,0.9878,0.0484][0.2178,0.9239,0][-1.9228,0.9956,-1.7162][-0.4251,0.9043,0.0389][0.0172,0.924,0][16.0758,0.9888,-1.7154][0.1477,0.9878,0.0484][0.2178,0.9239,0][-1.923,0.8714,-1.9806][-0.3959,0.4897,-0.7769][0.0172,0.9249,0][-1.9228,0.9956,-1.7162][-0.4251,0.9043,0.0389][0.0172,0.924,0][-1.9228,0.9956,-1.7162][-0.4251,0.9043,0.0389][0.1421,0.1962,0][-1.923,0.8714,-1.9806][-0.3959,0.4897,-0.7769][0.1395,0.1923,0][-2.0928,0.7622,-1.4124][-0.5182,0.8549,0.0242][0.1571,0.1889,0][-1.923,0.861,1.989][-0.3956,0.4778,0.7843][0.4928,0.2356,0][4.4968,-0.009,1.8396][-0.0001,0.3357,0.942][0.644,0.2281,0][16.0756,0.8602,1.9878][0.2028,0.4846,0.8509][0.9165,0.2356,0][9.5546,-0.009,1.8396][-0,0.3357,0.942][0.763,0.2281,0][16.0756,0.8602,1.9878][0.2028,0.4846,0.8509][0.9165,0.2356,0][4.4968,-0.009,1.8396][-0.0001,0.3357,0.942][0.644,0.2281,0][-2.8784,-4.0602,1.9082][-0.4255,-0.6398,0.64][0.4703,0.0932,0][4.4964,-2.6282,2.7556][-0.45,-0.1964,0.8712][0.6439,0.1483,0][-2.8784,-2.6282,2.7556][-0.4754,-0.2238,0.8508][0.4703,0.1483,0][-3.4434,-2.964,-0.791][-0.9709,0.2088,0.1173][0.1764,0.0733,0][-3.4434,-4.3898,0][-0.8975,-0.4409,-0][0.2009,0.0291,0][-3.4434,-2.9638,0.791][-0.9709,0.209,-0.1173][0.2255,0.0733,0][-2.8784,-2.6282,-2.7556][-0.475,-0.2201,-0.852][0.4703,0.1479,0][4.4964,-2.6282,-2.7556][-0.4503,-0.1962,-0.8711][0.6439,0.1479,0][-2.8784,-4.0602,-1.9082][-0.4254,-0.6398,-0.64][0.4703,0.0929,0][-2.8784,-1.5968,-2.7458][-0.4787,0.0906,-0.8733][0.4703,0.1781,0][4.4964,-2.6282,-2.7556][-0.4503,-0.1962,-0.8711][0.6439,0.1479,0][-2.8784,-2.6282,-2.7556][-0.475,-0.2201,-0.852][0.4703,0.1479,0][5.0522,-2.161,-3.3176][-0.2855,0.3193,-0.9036][0.657,0.1592,0][5.925,-2.709,-3.3172][0.3794,-0.1532,-0.9125][0.6776,0.1452,0][5.042,-2.769,-3.343][-0.3659,-0.1604,-0.9167][0.6568,0.1437,0][9.5546,-0.009,-1.8396][-0,0.334,-0.9426][0.763,0.2277,0][7.577,-0.573,-2.4866][0.0003,0.5267,-0.8501][0.7165,0.2055,0][6.49,-0.573,-2.4866][0.0002,0.5268,-0.85][0.6909,0.2055,0][9.5546,-0.573,-2.4866][-0,0.5264,-0.8502][0.763,0.2055,0][7.577,-1.605,-2.7556][-0.1082,0.2365,-0.9656][0.7165,0.1777,0][7.577,-0.573,-2.4866][0.0003,0.5267,-0.8501][0.7165,0.2055,0][7.577,-0.573,-2.4866][0.0003,0.5267,-0.8501][0.7165,0.2055,0][9.5546,-0.009,-1.8396][-0,0.334,-0.9426][0.763,0.2277,0][9.5546,-0.573,-2.4866][-0,0.5264,-0.8502][0.763,0.2055,0][5.925,-2.161,-3.317][0.2993,0.299,-0.9061][0.6776,0.1592,0][5.925,-2.709,-3.3172][0.3794,-0.1532,-0.9125][0.6776,0.1452,0][5.0522,-2.161,-3.3176][-0.2855,0.3193,-0.9036][0.657,0.1592,0][13.6996,-1.595,-2.7556][-0.1087,0.238,-0.9652][0.8606,0.178,0][15.6642,-1.595,-2.7556][0.1088,0.2383,-0.9651][0.9068,0.178,0][14.2646,-2.16,-3.317][-0.3001,0.2956,-0.9069][0.8739,0.1592,0][14.2646,-2.16,-3.317][-0.3001,0.2956,-0.9069][0.8739,0.1592,0][14.2646,-2.7196,-3.3132][-0.3697,-0.1567,-0.9158][0.8739,0.145,0][13.6996,-1.595,-2.7556][-0.1087,0.238,-0.9652][0.8606,0.178,0][14.2646,-2.7196,-3.3132][-0.3697,-0.1567,-0.9158][0.8739,0.145,0][14.2646,-2.16,-3.317][-0.3001,0.2956,-0.9069][0.8739,0.1592,0][15.0992,-2.16,-3.317][0.2983,0.2961,-0.9074][0.8935,0.1592,0][15.0992,-2.16,-3.317][0.2983,0.2961,-0.9074][0.8935,0.1592,0][14.2646,-2.16,-3.317][-0.3001,0.2956,-0.9069][0.8739,0.1592,0][15.6642,-1.595,-2.7556][0.1088,0.2383,-0.9651][0.9068,0.178,0][18.742,-4.6864,-2.0658][0.7092,-0.298,-0.639][0.9793,0.08,0][18.7314,-2.6282,-2.7556][0.5659,-0.1295,-0.8142][0.9791,0.1479,0][19.2356,-2.6284,-2.5424][0.6391,-0.1155,-0.7604][0.9909,0.1482,0][15.6796,-5.157,1.9082][0.4199,-0.5895,0.69][0.9072,0.0678,0][15.0992,-2.7208,3.3128][0.3677,-0.1558,0.9168][0.8935,0.1453,0][15.1144,-5.5238,2.338][0.3572,-0.6039,0.7125][0.8939,0.0704,0][18.3852,-6.3612,-0.8638][0.405,-0.8733,-0.2709][0.9709,0.0304,0][18.74,-6.161,-0.008][0.5084,-0.8611,-0.0025][0.9793,0.0106,0][18.384,-6.357,0][0.249,-0.9685,-0][0.9709,0.0108,0][19.8026,-5.2878,1.058][0.0469,-0.581,0.8126][0.41,0.0369,0][18.74,-6.161,-0.008][0.5084,-0.8611,-0.0025][0.3769,0.0097,0][19.8026,-5.8934,0.005][-0.09,-0.9959,0.0027][0.3773,0.0181,0][19.8026,-5.8934,0.005][-0.09,-0.9959,0.0027][0.3773,0.0181,0][18.74,-6.161,-0.008][0.5084,-0.8611,-0.0025][0.3769,0.0097,0][19.8026,-5.2878,-1.0482][0.0469,-0.5809,-0.8126][0.3446,0.0369,0][18.74,-6.161,-0.008][0.5084,-0.8611,-0.0025][0.3769,0.0097,0][19.8026,-5.2878,1.058][0.0469,-0.581,0.8126][0.41,0.0369,0][18.741,-5.7192,1.0382][0.6121,-0.6662,0.426][0.4094,0.0235,0][19.8026,-5.8934,0.005][-0.09,-0.9959,0.0027][0.2018,0.4877,0][20.9264,-6.023,0.7666][-0.1582,-0.8525,0.4981][0.1693,0.4415,0][19.8026,-5.2878,1.058][0.0469,-0.581,0.8126][0.1361,0.4877,0][20.9264,-6.023,0.7666][-0.1582,-0.8525,0.4981][0.1693,0.4415,0][19.8026,-5.8934,0.005][-0.09,-0.9959,0.0027][0.2018,0.4877,0][20.9264,-6.2334,0.0018][-0.1431,-0.9897,-0.0015][0.2017,0.4415,0][20.9264,-6.2334,0.0018][-0.1431,-0.9897,-0.0015][0.2017,0.4415,0][19.8026,-5.8934,0.005][-0.09,-0.9959,0.0027][0.2018,0.4877,0][20.9264,-6.0158,-0.78][-0.1604,-0.8505,-0.5009][0.1686,0.4415,0][19.8026,-5.2878,-1.0482][0.0469,-0.5809,-0.8126][0.1362,0.4877,0][20.9264,-6.0158,-0.78][-0.1604,-0.8505,-0.5009][0.1686,0.4415,0][19.8026,-5.8934,0.005][-0.09,-0.9959,0.0027][0.2018,0.4877,0][20.9264,-6.0158,-0.78][-0.1604,-0.8505,-0.5009][0.1686,0.4415,0][25.8196,-6.0242,-0.7652][0.0004,-0.8641,-0.5033][0.1693,0.2304,0][20.9264,-6.2334,0.0018][-0.1431,-0.9897,-0.0015][0.2017,0.4415,0][25.8196,-6.0242,-0.7652][0.0004,-0.8641,-0.5033][0.1693,0.2304,0][20.9264,-6.0158,-0.78][-0.1604,-0.8505,-0.5009][0.1686,0.4415,0][25.8196,-5.4616,-1.3236][0.0004,-0.5002,-0.8659][0.1368,0.2304,0][20.9264,-5.4616,-1.3236][-0.1374,-0.4939,-0.8586][0.1368,0.4415,0][25.8196,-5.4616,-1.3236][0.0004,-0.5002,-0.8659][0.1368,0.2304,0][20.9264,-6.0158,-0.78][-0.1604,-0.8505,-0.5009][0.1686,0.4415,0][20.9264,-6.0158,-0.78][-0.1604,-0.8505,-0.5009][0.1686,0.4415,0][19.8026,-5.2878,-1.0482][0.0469,-0.5809,-0.8126][0.1362,0.4877,0][20.9264,-5.4616,-1.3236][-0.1374,-0.4939,-0.8586][0.1368,0.4415,0][20.9264,-4.682,-1.5366][-0.1565,-0.0018,-0.9877][0.1037,0.4415,0][25.8196,-4.682,-1.5366][-0,-0.0022,-1][0.1037,0.2304,0][20.9264,-5.4616,-1.3236][-0.1374,-0.4939,-0.8586][0.1368,0.4415,0][25.8196,-5.4616,-1.3236][0.0004,-0.5002,-0.8659][0.1368,0.2304,0][20.9264,-5.4616,-1.3236][-0.1374,-0.4939,-0.8586][0.1368,0.4415,0][25.8196,-4.682,-1.5366][-0,-0.0022,-1][0.1037,0.2304,0][20.9264,-5.4616,-1.3236][-0.1374,-0.4939,-0.8586][0.1368,0.4415,0][19.8026,-5.2878,-1.0482][0.0469,-0.5809,-0.8126][0.1362,0.4877,0][20.9264,-4.682,-1.5366][-0.1565,-0.0018,-0.9877][0.1037,0.4415,0][25.8196,-4.682,-1.5366][-0,-0.0022,-1][0.1037,0.2304,0][20.9264,-4.682,-1.5366][-0.1565,-0.0018,-0.9877][0.1037,0.4415,0][25.8196,-3.9184,-1.3316][-0,0.4998,-0.8661][0.0715,0.2304,0][25.8196,-3.9184,-1.3316][-0,0.4998,-0.8661][0.0715,0.2304,0][20.9264,-3.9184,-1.3316][-0.1372,0.4941,-0.8585][0.0715,0.4415,0][25.8196,-3.354,-0.7682][-0,0.8655,-0.5008][0.0389,0.2304,0][20.9264,-3.9184,-1.3316][-0.1372,0.4941,-0.8585][0.0715,0.4415,0][25.8196,-3.9184,-1.3316][-0,0.4998,-0.8661][0.0715,0.2304,0][20.9264,-4.682,-1.5366][-0.1565,-0.0018,-0.9877][0.1037,0.4415,0][25.8196,-6.2334,0.0018][0.0003,-1,0.0028][0.2017,0.2304,0][20.9264,-6.2334,0.0018][-0.1431,-0.9897,-0.0015][0.2017,0.4415,0][25.8196,-6.0242,-0.7652][0.0004,-0.8641,-0.5033][0.1693,0.2304,0][25.8196,-6.0168,0.7774][0.0003,-0.8602,0.5099][0.1688,0.2304,0][20.9264,-6.023,0.7666][-0.1582,-0.8525,0.4981][0.1693,0.4415,0][25.8196,-6.2334,0.0018][0.0003,-1,0.0028][0.2017,0.2304,0][20.9264,-6.2334,0.0018][-0.1431,-0.9897,-0.0015][0.2017,0.4415,0][25.8196,-6.2334,0.0018][0.0003,-1,0.0028][0.2017,0.2304,0][20.9264,-6.023,0.7666][-0.1582,-0.8525,0.4981][0.1693,0.4415,0][20.9264,-6.023,0.7666][-0.1582,-0.8525,0.4981][0.1693,0.4415,0][25.8196,-6.0168,0.7774][0.0003,-0.8602,0.5099][0.1688,0.2304,0][20.9264,-5.4454,1.3352][-0.135,-0.4914,0.8604][0.1361,0.4415,0][25.8196,-5.4454,1.3352][-0,-0.4943,0.8693][0.1361,0.2304,0][20.9264,-5.4454,1.3352][-0.135,-0.4914,0.8604][0.1361,0.4415,0][25.8196,-6.0168,0.7774][0.0003,-0.8602,0.5099][0.1688,0.2304,0][25.8196,-4.682,1.5388][-0,-0.0012,1][0.1038,0.2304,0][20.9264,-4.682,1.5388][-0.1545,-0.0009,0.988][0.1038,0.4415,0][25.8196,-5.4454,1.3352][-0,-0.4943,0.8693][0.1361,0.2304,0][20.9264,-5.4454,1.3352][-0.135,-0.4914,0.8604][0.1361,0.4415,0][25.8196,-5.4454,1.3352][-0,-0.4943,0.8693][0.1361,0.2304,0][20.9264,-4.682,1.5388][-0.1545,-0.0009,0.988][0.1038,0.4415,0][20.9264,-5.4454,1.3352][-0.135,-0.4914,0.8604][0.1361,0.4415,0][19.8026,-5.2878,1.058][0.0469,-0.581,0.8126][0.1361,0.4877,0][20.9264,-6.023,0.7666][-0.1582,-0.8525,0.4981][0.1693,0.4415,0][20.9264,-4.682,1.5388][-0.1545,-0.0009,0.988][0.1038,0.4415,0][19.8026,-5.2878,1.058][0.0469,-0.581,0.8126][0.1361,0.4877,0][20.9264,-5.4454,1.3352][-0.135,-0.4914,0.8604][0.1361,0.4415,0][18.741,-5.7192,1.0382][0.6121,-0.6662,0.426][0.4094,0.0235,0][19.8026,-5.2878,1.058][0.0469,-0.581,0.8126][0.41,0.0369,0][18.742,-4.6864,2.0658][0.7077,-0.2982,0.6405][0.4413,0.0556,0][18.1664,-2.7322,3.3064][0.3676,-0.1603,0.916][0.9658,0.145,0][18.742,-4.6864,2.0658][0.7077,-0.2982,0.6405][0.9793,0.0804,0][18.7314,-2.6282,2.7556][0.5658,-0.1295,0.8143][0.9791,0.1483,0][18.7314,-2.6282,2.7556][0.5658,-0.1295,0.8143][0.9791,0.1483,0][18.1664,-2.16,3.317][0.2972,0.2918,0.9091][0.9658,0.1595,0][18.1664,-2.7322,3.3064][0.3676,-0.1603,0.916][0.9658,0.145,0][17.3318,-2.16,3.317][-0.2988,0.2945,0.9077][0.9461,0.1595,0][18.1664,-2.7322,3.3064][0.3676,-0.1603,0.916][0.9658,0.145,0][18.1664,-2.16,3.317][0.2972,0.2918,0.9091][0.9658,0.1595,0][18.1664,-2.7322,3.3064][0.3676,-0.1603,0.916][0.9658,0.145,0][17.3318,-2.16,3.317][-0.2988,0.2945,0.9077][0.9461,0.1595,0][17.3318,-2.7196,3.3132][-0.3672,-0.156,0.917][0.9461,0.1453,0][16.7668,-1.595,2.7556][-0.1087,0.2381,0.9651][0.9328,0.1784,0][17.3318,-2.7196,3.3132][-0.3672,-0.156,0.917][0.9461,0.1453,0][17.3318,-2.16,3.317][-0.2988,0.2945,0.9077][0.9461,0.1595,0][14.2646,-2.7196,3.3132][-0.3697,-0.1567,0.9158][0.8739,0.1453,0][15.0992,-2.7208,3.3128][0.3677,-0.1558,0.9168][0.8935,0.1453,0][15.0992,-2.16,3.317][0.2983,0.2961,0.9074][0.8935,0.1595,0][15.0992,-2.16,3.317][0.2983,0.2961,0.9074][0.8935,0.1595,0][14.2646,-2.16,3.317][-0.3001,0.2956,0.9069][0.8739,0.1595,0][14.2646,-2.7196,3.3132][-0.3697,-0.1567,0.9158][0.8739,0.1453,0][10.6326,-2.6282,2.7556][-0.3963,-0.1494,0.9059][0.7884,0.1483,0][11.1976,-2.7198,3.3132][-0.3697,-0.1567,0.9158][0.8017,0.1453,0][10.6326,-1.595,2.7556][-0.1093,0.2385,0.965][0.7884,0.1784,0][19.8068,-2.616,1.6962][0.9545,0.071,0.2898][0.4298,0.1199,0][19.8026,-3.4724,0.005][0.725,0.6883,0.0227][0.3773,0.0933,0][19.8068,-2.616,-1.6962][0.9544,0.0696,-0.2902][0.3244,0.1199,0][-11.292,0.259,1.356][-0,-0,1][0.4618,0.5022,0][-18.1742,-1.6872,1.356][-0,-0,1][0.043,0.0206,0][-11.292,-1.6872,1.356][-0,-0,1][0.4618,0.0206,0][-18.1742,-1.6872,1.356][-0,-0,1][0.043,0.0206,0][-11.292,0.259,1.356][-0,-0,1][0.4618,0.5022,0][-18.1742,0.259,1.356][-0,-0,1][0.043,0.5022,0][-3.1226,4.0098,-0.2694][0.295,-0.2931,-0.9094][0.2921,0.2866,0][-3.1932,4.0804,-0.339][0.1088,-0.1088,-0.9881][0.2907,0.288,0][32.1662,4.0098,-0.2694][-0.3001,-0.2896,-0.9089][0.986,0.2866,0][32.1662,4.0098,-0.2694][-0.3001,-0.2896,-0.9089][0.986,0.2866,0][32.1662,2.7764,-0.289][-0.5508,-0.3818,-0.7422][0.986,0.2624,0][-3.1226,4.0098,-0.2694][0.295,-0.2931,-0.9094][0.2921,0.2866,0][32.1662,4.0098,-0.2694][-0.3001,-0.2896,-0.9089][0.986,0.2866,0][32.2368,4.0804,-0.339][-0.1084,-0.1072,-0.9883][0.9874,0.288,0][32.1662,2.7764,-0.289][-0.5508,-0.3818,-0.7422][0.986,0.2624,0][32.2368,4.0804,-0.339][-0.1084,-0.1072,-0.9883][0.9874,0.288,0][32.1662,4.0098,-0.2694][-0.3001,-0.2896,-0.9089][0.986,0.2866,0][-3.1932,4.0804,-0.339][0.1088,-0.1088,-0.9881][0.2907,0.288,0][-5.8338,3.7288,-0.339][-0.713,0.2861,-0.6401][0.9967,0.3556,0][-3.1932,4.0804,-0.339][0.1088,-0.1088,-0.9881][0.9611,0.3625,0][-5.8834,2.726,-0.339][-0.7176,0.0358,-0.6955][0.9967,0.3359,0][-3.1932,2.726,-0.339][0.2439,0.0051,-0.9698][0.9611,0.3359,0][-5.8834,2.726,-0.339][-0.7176,0.0358,-0.6955][0.9967,0.3359,0][-3.1932,4.0804,-0.339][0.1088,-0.1088,-0.9881][0.9611,0.3625,0][-3.1932,4.0804,-0.339][0.1088,-0.1088,-0.9881][0.9611,0.3625,0][-5.8338,3.7288,-0.339][-0.713,0.2861,-0.6401][0.9967,0.3556,0][-3.9234,4.291,-0.339][-0.2668,0.6005,-0.7538][0.9754,0.3666,0][-3.9234,4.291,-0.339][-0.2668,0.6005,-0.7538][0.9754,0.3666,0][-3.7314,4.4268,-0.339][-0.3008,0.6839,-0.6647][0.9717,0.3693,0][-3.1932,4.0804,-0.339][0.1088,-0.1088,-0.9881][0.9611,0.3625,0][-3.1932,4.0804,-0.339][0.1088,-0.1088,-0.9881][0.9611,0.3625,0][30.3786,4.5386,-0.339][-0.0182,0.7009,-0.713][0.3035,0.3715,0][32.2368,4.0804,-0.339][-0.1084,-0.1072,-0.9883][0.2671,0.3625,0][30.3786,4.5386,-0.339][-0.0182,0.7009,-0.713][0.3035,0.3715,0][-3.1932,4.0804,-0.339][0.1088,-0.1088,-0.9881][0.9611,0.3625,0][-3.2112,4.539,-0.339][-0.0772,0.7252,-0.6842][0.9615,0.3715,0][-3.2112,4.539,-0.339][-0.0772,0.7252,-0.6842][0.9615,0.3715,0][-3.1932,4.0804,-0.339][0.1088,-0.1088,-0.9881][0.9611,0.3625,0][-3.7314,4.4268,-0.339][-0.3008,0.6839,-0.6647][0.9717,0.3693,0][-3.1932,4.0804,-0.339][0.1088,-0.1088,-0.9881][0.2907,0.288,0][-3.1226,4.0098,-0.2694][0.295,-0.2931,-0.9094][0.2921,0.2866,0][-3.1932,2.726,-0.339][0.2439,0.0051,-0.9698][0.2907,0.2614,0][-3.1226,2.776,-0.289][0.3428,0.0149,-0.9393][0.2921,0.2623,0][-3.1932,2.726,-0.339][0.2439,0.0051,-0.9698][0.2907,0.2614,0][-3.1226,4.0098,-0.2694][0.295,-0.2931,-0.9094][0.2921,0.2866,0][-3.1226,2.776,-0.289][0.3428,0.0149,-0.9393][0.2921,0.2623,0][-3.1226,4.0098,-0.2694][0.295,-0.2931,-0.9094][0.2921,0.2866,0][32.1662,2.7764,-0.289][-0.5508,-0.3818,-0.7422][0.986,0.2624,0][-3.7314,4.4268,-0.339][-0.3008,0.6839,-0.6647][0.9706,0.3218,0][-3.732,4.4268,0.339][-0.3027,0.6835,0.6642][0.9707,0.3084,0][-3.2112,4.539,-0.339][-0.0772,0.7252,-0.6842][0.9604,0.3218,0][-3.732,4.4268,0.339][-0.3027,0.6835,0.6642][0.9707,0.3084,0][-3.7314,4.4268,-0.339][-0.3008,0.6839,-0.6647][0.9706,0.3218,0][-3.9224,4.291,0.339][-0.2676,0.5992,0.7545][0.9839,0.3084,0][-3.9234,4.291,-0.339][-0.2668,0.6005,-0.7538][0.9837,0.3218,0][-3.9224,4.291,0.339][-0.2676,0.5992,0.7545][0.9839,0.3084,0][-3.7314,4.4268,-0.339][-0.3008,0.6839,-0.6647][0.9706,0.3218,0][-5.833,3.7288,0.339][-0.7128,0.2844,0.6411][0.9967,0.3556,0][-3.9224,4.291,0.339][-0.2676,0.5992,0.7545][0.9754,0.3666,0][-5.6918,3.8936,0.339][-0.3953,0.6566,0.6424][0.9939,0.3588,0][-3.9224,4.291,0.339][-0.2676,0.5992,0.7545][0.9754,0.3666,0][-5.833,3.7288,0.339][-0.7128,0.2844,0.6411][0.9967,0.3556,0][-3.1932,4.094,0.339][0.1082,-0.1071,0.9883][0.9611,0.3628,0][-3.1932,4.094,0.339][0.1082,-0.1071,0.9883][0.9611,0.3628,0][-3.732,4.4268,0.339][-0.3027,0.6835,0.6642][0.9717,0.3693,0][-3.9224,4.291,0.339][-0.2676,0.5992,0.7545][0.9754,0.3666,0][-3.9224,4.291,0.339][-0.2676,0.5992,0.7545][0.9839,0.3084,0][-3.9234,4.291,-0.339][-0.2668,0.6005,-0.7538][0.9837,0.3218,0][-5.6918,3.8936,0.339][-0.3953,0.6566,0.6424][0.9971,0.3084,0][-5.6918,3.8936,0.339][-0.3953,0.6566,0.6424][0.4749,0.6095,0][-5.691,3.8936,-0.339][-0.3933,0.6571,-0.643][0.4749,0.6272,0][-5.833,3.7288,0.339][-0.7128,0.2844,0.6411][0.4629,0.6095,0][-5.691,3.8936,-0.339][-0.3933,0.6571,-0.643][0.9971,0.3218,0][-5.6918,3.8936,0.339][-0.3953,0.6566,0.6424][0.9971,0.3084,0][-3.9234,4.291,-0.339][-0.2668,0.6005,-0.7538][0.9837,0.3218,0][-5.8338,3.7288,-0.339][-0.713,0.2861,-0.6401][0.4629,0.6272,0][-5.833,3.7288,0.339][-0.7128,0.2844,0.6411][0.4629,0.6095,0][-5.691,3.8936,-0.339][-0.3933,0.6571,-0.643][0.4749,0.6272,0][-5.691,3.8936,-0.339][-0.3933,0.6571,-0.643][0.9939,0.3588,0][-3.9234,4.291,-0.339][-0.2668,0.6005,-0.7538][0.9754,0.3666,0][-5.8338,3.7288,-0.339][-0.713,0.2861,-0.6401][0.9967,0.3556,0][-3.1226,4.0232,0.2694][0.3001,-0.2892,0.909][0.2921,0.2869,0][-3.1932,4.094,0.339][0.1082,-0.1071,0.9883][0.2907,0.2883,0][-3.1226,2.776,0.289][0.3502,0.0073,0.9366][0.2921,0.2623,0][-3.1932,4.094,0.339][0.1082,-0.1071,0.9883][0.2907,0.2883,0][-3.1226,4.0232,0.2694][0.3001,-0.2892,0.909][0.2921,0.2869,0][32.2368,4.0804,0.339][-0.1089,-0.1088,0.9881][0.9874,0.288,0][-3.1932,2.726,0.339][0.242,-0,0.9703][0.2907,0.2614,0][-3.1226,2.776,0.289][0.3502,0.0073,0.9366][0.2921,0.2623,0][-3.1932,4.094,0.339][0.1082,-0.1071,0.9883][0.2907,0.2883,0][-3.1932,4.094,0.339][0.1082,-0.1071,0.9883][0.9611,0.3628,0][-5.8834,2.726,0.339][-0.7176,0.0361,0.6955][0.9967,0.3359,0][-3.1932,2.726,0.339][0.242,-0,0.9703][0.9611,0.3359,0][-5.8834,2.726,0.339][-0.7176,0.0361,0.6955][0.9967,0.3359,0][-3.1932,4.094,0.339][0.1082,-0.1071,0.9883][0.9611,0.3628,0][-5.833,3.7288,0.339][-0.7128,0.2844,0.6411][0.9967,0.3556,0][32.2368,4.0804,0.339][-0.1089,-0.1088,0.9881][0.2671,0.3625,0][30.3786,4.5386,0.339][-0.0182,0.7009,0.713][0.3035,0.3715,0][-3.1932,4.094,0.339][0.1082,-0.1071,0.9883][0.9611,0.3628,0][-3.2192,4.539,0.339][-0.0791,0.7259,0.6832][0.9616,0.3715,0][-3.1932,4.094,0.339][0.1082,-0.1071,0.9883][0.9611,0.3628,0][30.3786,4.5386,0.339][-0.0182,0.7009,0.713][0.3035,0.3715,0][-3.732,4.4268,0.339][-0.3027,0.6835,0.6642][0.9717,0.3693,0][-3.1932,4.094,0.339][0.1082,-0.1071,0.9883][0.9611,0.3628,0][-3.2192,4.539,0.339][-0.0791,0.7259,0.6832][0.9616,0.3715,0][-3.2192,4.539,0.339][-0.0791,0.7259,0.6832][0.9605,0.3084,0][-3.2112,4.539,-0.339][-0.0772,0.7252,-0.6842][0.9604,0.3218,0][-3.732,4.4268,0.339][-0.3027,0.6835,0.6642][0.9707,0.3084,0][-3.2112,4.539,-0.339][-0.0772,0.7252,-0.6842][0.9604,0.3218,0][-3.2192,4.539,0.339][-0.0791,0.7259,0.6832][0.9605,0.3084,0][30.3786,4.5386,-0.339][-0.0182,0.7009,-0.713][0.3002,0.3218,0][30.3786,4.5386,0.339][-0.0182,0.7009,0.713][0.3002,0.3084,0][30.3786,4.5386,-0.339][-0.0182,0.7009,-0.713][0.3002,0.3218,0][-3.2192,4.539,0.339][-0.0791,0.7259,0.6832][0.9605,0.3084,0][31.2718,4.585,0.339][-0.1743,0.6044,0.7774][0.2826,0.3084,0][30.3786,4.5386,-0.339][-0.0182,0.7009,-0.713][0.3002,0.3218,0][30.3786,4.5386,0.339][-0.0182,0.7009,0.713][0.3002,0.3084,0][30.3786,4.5386,0.339][-0.0182,0.7009,0.713][0.3035,0.3715,0][32.2368,4.0804,0.339][-0.1089,-0.1088,0.9881][0.2671,0.3625,0][31.2718,4.585,0.339][-0.1743,0.6044,0.7774][0.286,0.3724,0][32.2368,4.0804,0.339][-0.1089,-0.1088,0.9881][0.2671,0.3625,0][33.3334,4.4216,0.339][0.6582,0.1238,0.7426][0.2456,0.3692,0][31.2718,4.585,0.339][-0.1743,0.6044,0.7774][0.286,0.3724,0][33.3252,4.6568,0.339][0.6258,0.3195,0.7116][0.2457,0.3738,0][31.2718,4.585,0.339][-0.1743,0.6044,0.7774][0.286,0.3724,0][33.3334,4.4216,0.339][0.6582,0.1238,0.7426][0.2456,0.3692,0][31.2718,4.585,0.339][-0.1743,0.6044,0.7774][0.286,0.3724,0][33.3252,4.6568,0.339][0.6258,0.3195,0.7116][0.2457,0.3738,0][31.5198,4.786,0.2066][-0.4422,0.7051,0.5543][0.2811,0.3763,0][30.3786,4.5386,-0.339][-0.0182,0.7009,-0.713][0.3002,0.3218,0][31.2718,4.585,0.339][-0.1743,0.6044,0.7774][0.2826,0.3084,0][31.2718,4.585,-0.339][-0.1743,0.6045,-0.7773][0.2826,0.3218,0][31.5198,4.786,0.2066][-0.4422,0.7051,0.5543][0.6684,0.9138,0][31.2718,4.585,-0.339][-0.1743,0.6045,-0.7773][0.6712,0.9063,0][31.2718,4.585,0.339][-0.1743,0.6044,0.7774][0.6712,0.9157,0][31.2718,4.585,-0.339][-0.1743,0.6045,-0.7773][0.6712,0.9063,0][31.5198,4.786,0.2066][-0.4422,0.7051,0.5543][0.6684,0.9138,0][31.5204,4.786,-0.2066][-0.4419,0.7044,-0.5555][0.6684,0.9081,0][31.603,4.9578,0.1424][-0.6521,0.4131,0.6357][0.6661,0.913,0][31.5204,4.786,-0.2066][-0.4419,0.7044,-0.5555][0.6684,0.9081,0][31.5198,4.786,0.2066][-0.4422,0.7051,0.5543][0.6684,0.9138,0][31.5198,4.786,0.2066][-0.4422,0.7051,0.5543][0.2811,0.3763,0][33.299,4.9564,0.1424][0.7427,0.1993,0.6393][0.2463,0.3797,0][31.603,4.9578,0.1424][-0.6521,0.4131,0.6357][0.2795,0.3797,0][33.299,4.9564,0.1424][0.7427,0.1993,0.6393][0.2463,0.3797,0][31.5198,4.786,0.2066][-0.4422,0.7051,0.5543][0.2811,0.3763,0][33.3138,4.7876,0.2066][0.7398,0.4164,0.5285][0.246,0.3764,0][33.3138,4.7876,0.2066][0.7398,0.4164,0.5285][0.246,0.3764,0][31.5198,4.786,0.2066][-0.4422,0.7051,0.5543][0.2811,0.3763,0][33.3252,4.6568,0.339][0.6258,0.3195,0.7116][0.2457,0.3738,0][33.3138,4.7876,-0.2066][0.7399,0.4162,-0.5285][0.7136,0.8717,0][33.3138,4.7876,0.2066][0.7398,0.4164,0.5285][0.7136,0.866,0][33.3252,4.6568,-0.339][0.6258,0.3195,-0.7116][0.7118,0.8736,0][33.3252,4.6568,0.339][0.6258,0.3195,0.7116][0.7118,0.8642,0][33.3252,4.6568,-0.339][0.6258,0.3195,-0.7116][0.7118,0.8736,0][33.3138,4.7876,0.2066][0.7398,0.4164,0.5285][0.7136,0.866,0][33.3138,4.7876,0.2066][0.7398,0.4164,0.5285][0.7136,0.866,0][33.3138,4.7876,-0.2066][0.7399,0.4162,-0.5285][0.7136,0.8717,0][33.299,4.9564,0.1424][0.7427,0.1993,0.6393][0.7159,0.8669,0][33.3252,4.6568,-0.339][0.6258,0.3195,-0.7116][0.2457,0.3738,0][31.5204,4.786,-0.2066][-0.4419,0.7044,-0.5555][0.2811,0.3763,0][33.3138,4.7876,-0.2066][0.7399,0.4162,-0.5285][0.246,0.3764,0][31.6034,4.9584,-0.1424][-0.6527,0.4113,-0.6363][0.2795,0.3797,0][33.3138,4.7876,-0.2066][0.7399,0.4162,-0.5285][0.246,0.3764,0][31.5204,4.786,-0.2066][-0.4419,0.7044,-0.5555][0.2811,0.3763,0][33.3138,4.7876,-0.2066][0.7399,0.4162,-0.5285][0.246,0.3764,0][31.6034,4.9584,-0.1424][-0.6527,0.4113,-0.6363][0.2795,0.3797,0][33.299,4.9564,-0.1424][0.743,0.1991,-0.639][0.2463,0.3797,0][33.299,4.9564,-0.1424][0.743,0.1991,-0.639][0.7159,0.8709,0][33.299,4.9564,0.1424][0.7427,0.1993,0.6393][0.7159,0.8669,0][33.3138,4.7876,-0.2066][0.7399,0.4162,-0.5285][0.7136,0.8717,0][33.299,4.9564,-0.1424][0.743,0.1991,-0.639][0.2463,0.3797,0][31.6034,4.9584,-0.1424][-0.6527,0.4113,-0.6363][0.2795,0.3797,0][32.2266,5.2804,-0.1428][-0.1188,0.1589,-0.9801][0.2673,0.386,0][33.299,4.9564,-0.1424][0.743,0.1991,-0.639][0.2463,0.3797,0][32.2266,5.2804,-0.1428][-0.1188,0.1589,-0.9801][0.2673,0.386,0][33.236,5.5022,-0.1432][0.6194,0.4143,-0.6669][0.2475,0.3904,0][33.236,5.5022,-0.1432][0.6194,0.4143,-0.6669][0.7234,0.8709,0][33.299,4.9564,0.1424][0.7427,0.1993,0.6393][0.7159,0.8669,0][33.299,4.9564,-0.1424][0.743,0.1991,-0.639][0.7159,0.8709,0][32.2936,5.5018,-0.1424][-0.2558,0.3532,-0.8999][0.286,0.8112,0][32.2726,5.529,-0.1152][-0.1217,0.2082,-0.9705][0.2854,0.8104,0][33.236,5.5022,-0.1432][0.6194,0.4143,-0.6669][0.3134,0.8112,0][32.2936,5.5018,-0.1424][-0.2558,0.3532,-0.8999][0.266,0.3904,0][33.236,5.5022,-0.1432][0.6194,0.4143,-0.6669][0.2475,0.3904,0][32.2266,5.2804,-0.1428][-0.1188,0.1589,-0.9801][0.2673,0.386,0][33.299,4.9564,0.1424][0.7427,0.1993,0.6393][0.7159,0.8669,0][33.236,5.5022,-0.1432][0.6194,0.4143,-0.6669][0.7234,0.8709,0][33.2368,5.5018,0.1424][0.6235,0.4095,0.6661][0.7234,0.8669,0][33.236,5.5022,-0.1432][0.6194,0.4143,-0.6669][0.3134,0.8112,0][33.2142,5.529,-0.1152][0.5958,0.5954,-0.539][0.3128,0.8104,0][33.2368,5.5018,0.1424][0.6235,0.4095,0.6661][0.3134,0.8029,0][32.2726,5.529,-0.1152][-0.1217,0.2082,-0.9705][0.2854,0.8104,0][33.2142,5.529,-0.1152][0.5958,0.5954,-0.539][0.3128,0.8104,0][33.236,5.5022,-0.1432][0.6194,0.4143,-0.6669][0.3134,0.8112,0][33.2142,5.529,-0.1152][0.5958,0.5954,-0.539][0.3128,0.8104,0][33.215,5.529,0.1152][0.5985,0.5884,0.5437][0.3128,0.8037,0][33.2368,5.5018,0.1424][0.6235,0.4095,0.6661][0.3134,0.8029,0][33.2142,5.529,-0.1152][0.5958,0.5954,-0.539][0.3172,0.6137,0][33.199,5.6744,-0.1018][0.5465,0.6293,-0.5525][0.312,0.6132,0][33.215,5.529,0.1152][0.5985,0.5884,0.5437][0.3172,0.6054,0][32.2726,5.529,-0.1152][-0.1217,0.2082,-0.9705][0.2789,0.6185,0][33.199,5.6744,-0.1018][0.5465,0.6293,-0.5525][0.3121,0.6133,0][33.2142,5.529,-0.1152][0.5958,0.5954,-0.539][0.3127,0.6185,0][33.199,5.6742,0.1018][0.5456,0.6298,0.5529][0.3121,0.606,0][33.199,5.6744,-0.1018][0.5465,0.6293,-0.5525][0.3121,0.6133,0][31.8608,5.6734,0.1016][-0.4711,0.666,0.5784][0.2642,0.6059,0][31.8606,5.6736,-0.1016][-0.4715,0.6667,-0.5772][0.2642,0.6133,0][31.8608,5.6734,0.1016][-0.4711,0.666,0.5784][0.2642,0.6059,0][33.199,5.6744,-0.1018][0.5465,0.6293,-0.5525][0.3121,0.6133,0][33.199,5.6742,0.1018][0.5456,0.6298,0.5529][0.312,0.6059,0][33.215,5.529,0.1152][0.5985,0.5884,0.5437][0.3172,0.6054,0][33.199,5.6744,-0.1018][0.5465,0.6293,-0.5525][0.312,0.6132,0][33.199,5.6744,-0.1018][0.5465,0.6293,-0.5525][0.3121,0.6133,0][32.2726,5.529,-0.1152][-0.1217,0.2082,-0.9705][0.2789,0.6185,0][31.8606,5.6736,-0.1016][-0.4715,0.6667,-0.5772][0.2642,0.6133,0][31.8606,5.6736,-0.1016][-0.4715,0.6667,-0.5772][0.2642,0.6132,0][31.7354,5.3076,-0.1152][-0.5691,0.6518,-0.5014][0.2511,0.6136,0][31.8608,5.6734,0.1016][-0.4711,0.666,0.5784][0.2642,0.6059,0][31.8606,5.6736,-0.1016][-0.4715,0.6667,-0.5772][0.2642,0.6133,0][32.2726,5.529,-0.1152][-0.1217,0.2082,-0.9705][0.2789,0.6185,0][31.7354,5.3076,-0.1152][-0.5691,0.6518,-0.5014][0.2597,0.6264,0][31.7364,5.3076,0.1152][-0.5662,0.6494,0.5077][0.2511,0.6054,0][31.8608,5.6734,0.1016][-0.4711,0.666,0.5784][0.2642,0.6059,0][31.7354,5.3076,-0.1152][-0.5691,0.6518,-0.5014][0.2511,0.6136,0][32.2056,5.308,-0.1158][-0.2552,0.3487,-0.9018][0.2765,0.6264,0][31.7354,5.3076,-0.1152][-0.5691,0.6518,-0.5014][0.2597,0.6264,0][32.2726,5.529,-0.1152][-0.1217,0.2082,-0.9705][0.2789,0.6185,0][31.7354,5.3076,-0.1152][-0.5691,0.6518,-0.5014][0.2698,0.8104,0][32.2056,5.308,-0.1158][-0.2552,0.3487,-0.9018][0.2835,0.8104,0][32.2266,5.2804,-0.1428][-0.1188,0.1589,-0.9801][0.2841,0.8112,0][31.7104,5.2804,-0.1428][-0.5661,0.4764,-0.6728][0.2691,0.8112,0][31.7354,5.3076,-0.1152][-0.5691,0.6518,-0.5014][0.2698,0.8104,0][32.2266,5.2804,-0.1428][-0.1188,0.1589,-0.9801][0.2841,0.8112,0][31.7364,5.3076,0.1152][-0.5662,0.6494,0.5077][0.2698,0.8037,0][31.7354,5.3076,-0.1152][-0.5691,0.6518,-0.5014][0.2698,0.8104,0][31.7104,5.2804,-0.1428][-0.5661,0.4764,-0.6728][0.2691,0.8112,0][31.7364,5.3076,0.1152][-0.5662,0.6494,0.5077][0.2597,0.5928,0][32.2728,5.5298,0.115][-0.1201,0.2068,0.971][0.2789,0.6008,0][31.8608,5.6734,0.1016][-0.4711,0.666,0.5784][0.2642,0.6059,0][32.2728,5.5298,0.115][-0.1201,0.2068,0.971][0.2789,0.6008,0][31.7364,5.3076,0.1152][-0.5662,0.6494,0.5077][0.2597,0.5928,0][32.2056,5.308,0.1154][-0.2543,0.3487,0.9021][0.2765,0.5929,0][32.2056,5.308,0.1154][-0.2543,0.3487,0.9021][0.2835,0.8037,0][31.7364,5.3076,0.1152][-0.5662,0.6494,0.5077][0.2698,0.8037,0][31.7114,5.2804,0.1424][-0.5646,0.4758,0.6744][0.2691,0.8029,0][31.7114,5.2804,0.1424][-0.5646,0.4758,0.6744][0.2691,0.8029,0][31.7364,5.3076,0.1152][-0.5662,0.6494,0.5077][0.2698,0.8037,0][31.7104,5.2804,-0.1428][-0.5661,0.4764,-0.6728][0.2691,0.8112,0][31.6034,4.9584,-0.1424][-0.6527,0.4113,-0.6363][0.666,0.909,0][31.7114,5.2804,0.1424][-0.5646,0.4758,0.6744][0.6616,0.913,0][31.7104,5.2804,-0.1428][-0.5661,0.4764,-0.6728][0.6616,0.909,0][31.7114,5.2804,0.1424][-0.5646,0.4758,0.6744][0.6616,0.913,0][31.6034,4.9584,-0.1424][-0.6527,0.4113,-0.6363][0.666,0.909,0][31.603,4.9578,0.1424][-0.6521,0.4131,0.6357][0.6661,0.913,0][31.603,4.9578,0.1424][-0.6521,0.4131,0.6357][0.2795,0.3797,0][32.2266,5.2804,0.1424][-0.1187,0.1593,0.9801][0.2673,0.386,0][31.7114,5.2804,0.1424][-0.5646,0.4758,0.6744][0.2774,0.386,0][32.2266,5.2804,0.1424][-0.1187,0.1593,0.9801][0.2841,0.8029,0][32.2056,5.308,0.1154][-0.2543,0.3487,0.9021][0.2835,0.8037,0][31.7114,5.2804,0.1424][-0.5646,0.4758,0.6744][0.2691,0.8029,0][32.2266,5.2804,0.1424][-0.1187,0.1593,0.9801][0.2673,0.386,0][31.603,4.9578,0.1424][-0.6521,0.4131,0.6357][0.2795,0.3797,0][33.299,4.9564,0.1424][0.7427,0.1993,0.6393][0.2463,0.3797,0][33.2368,5.5018,0.1424][0.6235,0.4095,0.6661][0.2475,0.3904,0][32.2266,5.2804,0.1424][-0.1187,0.1593,0.9801][0.2673,0.386,0][33.299,4.9564,0.1424][0.7427,0.1993,0.6393][0.2463,0.3797,0][32.2266,5.2804,0.1424][-0.1187,0.1593,0.9801][0.2673,0.386,0][33.2368,5.5018,0.1424][0.6235,0.4095,0.6661][0.2475,0.3904,0][32.2936,5.5018,0.1424][-0.2581,0.3482,0.9012][0.266,0.3904,0][32.2936,5.5018,0.1424][-0.2581,0.3482,0.9012][0.286,0.8029,0][32.2728,5.5298,0.115][-0.1201,0.2068,0.971][0.2854,0.8037,0][32.2266,5.2804,0.1424][-0.1187,0.1593,0.9801][0.2841,0.8029,0][32.2728,5.5298,0.115][-0.1201,0.2068,0.971][0.2854,0.8037,0][32.2056,5.308,0.1154][-0.2543,0.3487,0.9021][0.2835,0.8037,0][32.2266,5.2804,0.1424][-0.1187,0.1593,0.9801][0.2841,0.8029,0][33.215,5.529,0.1152][0.5985,0.5884,0.5437][0.3128,0.8037,0][32.2728,5.5298,0.115][-0.1201,0.2068,0.971][0.2854,0.8037,0][32.2936,5.5018,0.1424][-0.2581,0.3482,0.9012][0.286,0.8029,0][33.2368,5.5018,0.1424][0.6235,0.4095,0.6661][0.3134,0.8029,0][33.215,5.529,0.1152][0.5985,0.5884,0.5437][0.3128,0.8037,0][32.2936,5.5018,0.1424][-0.2581,0.3482,0.9012][0.286,0.8029,0][31.8608,5.6734,0.1016][-0.4711,0.666,0.5784][0.2642,0.6059,0][32.2728,5.5298,0.115][-0.1201,0.2068,0.971][0.2789,0.6008,0][33.199,5.6742,0.1018][0.5456,0.6298,0.5529][0.3121,0.606,0][33.215,5.529,0.1152][0.5985,0.5884,0.5437][0.3127,0.6008,0][33.199,5.6742,0.1018][0.5456,0.6298,0.5529][0.3121,0.606,0][32.2728,5.5298,0.115][-0.1201,0.2068,0.971][0.2789,0.6008,0][31.7104,5.2804,-0.1428][-0.5661,0.4764,-0.6728][0.2774,0.386,0][32.2266,5.2804,-0.1428][-0.1188,0.1589,-0.9801][0.2673,0.386,0][31.6034,4.9584,-0.1424][-0.6527,0.4113,-0.6363][0.2795,0.3797,0][32.2056,5.308,-0.1158][-0.2552,0.3487,-0.9018][0.2835,0.8104,0][32.2726,5.529,-0.1152][-0.1217,0.2082,-0.9705][0.2854,0.8104,0][32.2936,5.5018,-0.1424][-0.2558,0.3532,-0.8999][0.286,0.8112,0][32.2266,5.2804,-0.1428][-0.1188,0.1589,-0.9801][0.2841,0.8112,0][32.2056,5.308,-0.1158][-0.2552,0.3487,-0.9018][0.2835,0.8104,0][32.2936,5.5018,-0.1424][-0.2558,0.3532,-0.8999][0.286,0.8112,0][31.5204,4.786,-0.2066][-0.4419,0.7044,-0.5555][0.6684,0.9081,0][31.603,4.9578,0.1424][-0.6521,0.4131,0.6357][0.6661,0.913,0][31.6034,4.9584,-0.1424][-0.6527,0.4113,-0.6363][0.666,0.909,0][33.3252,4.6568,-0.339][0.6258,0.3195,-0.7116][0.7118,0.8736,0][33.3334,4.4216,0.339][0.6582,0.1238,0.7426][0.7085,0.8642,0][33.3334,4.4216,-0.339][0.6582,0.1238,-0.7426][0.7085,0.8736,0][33.3334,4.4216,-0.339][0.6582,0.1238,-0.7426][0.2456,0.3692,0][31.2718,4.585,-0.339][-0.1743,0.6045,-0.7773][0.286,0.3724,0][33.3252,4.6568,-0.339][0.6258,0.3195,-0.7116][0.2457,0.3738,0][31.5204,4.786,-0.2066][-0.4419,0.7044,-0.5555][0.2811,0.3763,0][33.3252,4.6568,-0.339][0.6258,0.3195,-0.7116][0.2457,0.3738,0][31.2718,4.585,-0.339][-0.1743,0.6045,-0.7773][0.286,0.3724,0][33.3334,4.4216,0.339][0.6582,0.1238,0.7426][0.7085,0.8642,0][33.3252,4.6568,-0.339][0.6258,0.3195,-0.7116][0.7118,0.8736,0][33.3252,4.6568,0.339][0.6258,0.3195,0.7116][0.7118,0.8642,0][33.5478,3.8096,0.339][0.6043,0.3029,0.7369][0.7001,0.8642,0][33.3334,4.4216,-0.339][0.6582,0.1238,-0.7426][0.7085,0.8736,0][33.3334,4.4216,0.339][0.6582,0.1238,0.7426][0.7085,0.8642,0][33.3334,4.4216,-0.339][0.6582,0.1238,-0.7426][0.7085,0.8736,0][33.5478,3.8096,0.339][0.6043,0.3029,0.7369][0.7001,0.8642,0][33.5478,3.8096,-0.339][0.6043,0.3029,-0.7369][0.7001,0.8736,0][31.2718,4.585,-0.339][-0.1743,0.6045,-0.7773][0.286,0.3724,0][33.3334,4.4216,-0.339][0.6582,0.1238,-0.7426][0.2456,0.3692,0][32.2368,4.0804,-0.339][-0.1084,-0.1072,-0.9883][0.2671,0.3625,0][33.5478,3.8096,-0.339][0.6043,0.3029,-0.7369][0.2414,0.3572,0][32.2368,4.0804,-0.339][-0.1084,-0.1072,-0.9883][0.2671,0.3625,0][33.3334,4.4216,-0.339][0.6582,0.1238,-0.7426][0.2456,0.3692,0][32.2368,4.0804,-0.339][-0.1084,-0.1072,-0.9883][0.2671,0.3625,0][33.5478,3.8096,-0.339][0.6043,0.3029,-0.7369][0.2414,0.3572,0][32.2368,2.7266,-0.339][-0.5623,-0.1729,-0.8086][0.2671,0.336,0][33.963,3.1926,-0.339][0.6513,0.3339,-0.6814][0.2332,0.3451,0][32.2368,2.7266,-0.339][-0.5623,-0.1729,-0.8086][0.2671,0.336,0][33.5478,3.8096,-0.339][0.6043,0.3029,-0.7369][0.2414,0.3572,0][33.5478,3.8096,-0.339][0.6043,0.3029,-0.7369][0.7001,0.8736,0][33.5478,3.8096,0.339][0.6043,0.3029,0.7369][0.7001,0.8642,0][33.963,3.1926,-0.339][0.6513,0.3339,-0.6814][0.6915,0.8736,0][33.963,3.1926,-0.339][0.6513,0.3339,-0.6814][0.6915,0.8736,0][33.963,3.1926,0.339][0.6513,0.3339,0.6814][0.6915,0.8642,0][34.4968,1.753,-0.339][0.7312,0.1312,-0.6694][0.6717,0.8736,0][34.4968,1.753,-0.339][0.7312,0.1312,-0.6694][0.2228,0.3169,0][32.2368,2.7266,-0.339][-0.5623,-0.1729,-0.8086][0.2671,0.336,0][33.963,3.1926,-0.339][0.6513,0.3339,-0.6814][0.2332,0.3451,0][33.963,3.1926,0.339][0.6513,0.3339,0.6814][0.6915,0.8642,0][33.963,3.1926,-0.339][0.6513,0.3339,-0.6814][0.6915,0.8736,0][33.5478,3.8096,0.339][0.6043,0.3029,0.7369][0.7001,0.8642,0][34.4968,1.753,0.339][0.7312,0.1312,0.6694][0.6717,0.8642,0][34.4968,1.753,-0.339][0.7312,0.1312,-0.6694][0.6717,0.8736,0][33.963,3.1926,0.339][0.6513,0.3339,0.6814][0.6915,0.8642,0][33.963,3.1926,0.339][0.6513,0.3339,0.6814][0.2332,0.3451,0][32.2368,2.7266,0.339][-0.5634,-0.1705,0.8084][0.2671,0.336,0][34.4968,1.753,0.339][0.7312,0.1312,0.6694][0.2228,0.3169,0][33.5478,3.8096,0.339][0.6043,0.3029,0.7369][0.2414,0.3572,0][32.2368,2.7266,0.339][-0.5634,-0.1705,0.8084][0.2671,0.336,0][33.963,3.1926,0.339][0.6513,0.3339,0.6814][0.2332,0.3451,0][32.2368,2.7266,0.339][-0.5634,-0.1705,0.8084][0.9874,0.2614,0][32.1662,2.7764,0.289][-0.5468,-0.3767,0.7477][0.986,0.2624,0][32.2368,2.7266,-0.339][-0.5623,-0.1729,-0.8086][0.9874,0.2614,0][32.1662,2.7764,0.289][-0.5468,-0.3767,0.7477][0.986,0.2624,0][32.2368,2.7266,0.339][-0.5634,-0.1705,0.8084][0.9874,0.2614,0][32.1662,4.0098,0.2694][-0.2951,-0.293,0.9094][0.986,0.2866,0][32.2368,0.1782,-0.339][-0.8393,0.2731,-0.4701][0.7342,0.9068,0][32.2368,2.7266,0.339][-0.5634,-0.1705,0.8084][0.699,0.9162,0][32.2368,2.7266,-0.339][-0.5623,-0.1729,-0.8086][0.699,0.9068,0][32.2368,4.0804,0.339][-0.1089,-0.1088,0.9881][0.9874,0.288,0][32.1662,4.0098,0.2694][-0.2951,-0.293,0.9094][0.986,0.2866,0][32.2368,2.7266,0.339][-0.5634,-0.1705,0.8084][0.9874,0.2614,0][32.2368,2.7266,0.339][-0.5634,-0.1705,0.8084][0.2671,0.336,0][33.5478,3.8096,0.339][0.6043,0.3029,0.7369][0.2414,0.3572,0][32.2368,4.0804,0.339][-0.1089,-0.1088,0.9881][0.2671,0.3625,0][32.2368,2.7266,0.339][-0.5634,-0.1705,0.8084][0.699,0.9162,0][32.2368,0.1782,-0.339][-0.8393,0.2731,-0.4701][0.7342,0.9068,0][32.2368,0.1782,0.339][-0.8392,0.2729,0.4704][0.7342,0.9162,0][32.2368,0.1782,0.339][-0.8392,0.2729,0.4704][0.2671,0.286,0][34.4968,1.753,0.339][0.7312,0.1312,0.6694][0.2228,0.3169,0][32.2368,2.7266,0.339][-0.5634,-0.1705,0.8084][0.2671,0.336,0][34.4968,-0.1784,-0.9628][0.6097,0.398,-0.6854][0.2228,0.279,0][32.2368,0.1782,-0.339][-0.8393,0.2731,-0.4701][0.2671,0.286,0][34.4968,0.1774,-0.339][0.8394,0.2731,-0.47][0.2228,0.286,0][34.4968,0.1774,-0.339][0.8394,0.2731,-0.47][0.2228,0.286,0][32.2368,0.1782,-0.339][-0.8393,0.2731,-0.4701][0.2671,0.286,0][34.4968,1.753,-0.339][0.7312,0.1312,-0.6694][0.2228,0.3169,0][32.2368,2.7266,-0.339][-0.5623,-0.1729,-0.8086][0.2671,0.336,0][34.4968,1.753,-0.339][0.7312,0.1312,-0.6694][0.2228,0.3169,0][32.2368,0.1782,-0.339][-0.8393,0.2731,-0.4701][0.2671,0.286,0][32.2368,0.1782,-0.339][-0.8393,0.2731,-0.4701][0.2671,0.286,0][34.4968,-0.1784,-0.9628][0.6097,0.398,-0.6854][0.2228,0.279,0][32.2368,-0.1774,-0.9628][-0.6095,0.3984,-0.6854][0.2671,0.279,0][32.2368,-0.1774,-0.9628][-0.6095,0.3984,-0.6854][0.7392,0.8982,0][32.2368,-1.8378,0][-0.6112,-0.7915,-0][0.7621,0.9115,0][32.2368,0.1782,-0.339][-0.8393,0.2731,-0.4701][0.7342,0.9068,0][32.2368,0.1782,0.339][-0.8392,0.2729,0.4704][0.7342,0.9162,0][32.2368,0.1782,-0.339][-0.8393,0.2731,-0.4701][0.7342,0.9068,0][32.2368,-1.8378,0][-0.6112,-0.7915,-0][0.7621,0.9115,0][32.2368,-1.8378,0][-0.6112,-0.7915,-0][0.2671,0.2465,0][34.4968,-1.2926,0.9628][0.6094,-0.3993,0.685][0.2228,0.2572,0][32.2368,-1.2926,0.9628][-0.6094,-0.3993,0.685][0.2671,0.2572,0][34.4968,-1.2926,0.9628][0.6094,-0.3993,0.685][0.2228,0.2572,0][32.2368,-1.8378,0][-0.6112,-0.7915,-0][0.2671,0.2465,0][34.4968,-1.8378,0][0.6112,-0.7915,-0][0.2228,0.2465,0][32.2368,-1.2926,0.9628][-0.6094,-0.3993,0.685][0.7546,0.9248,0][32.2368,0.1782,0.339][-0.8392,0.2729,0.4704][0.7342,0.9162,0][32.2368,-1.8378,0][-0.6112,-0.7915,-0][0.7621,0.9115,0][32.2368,-1.8378,0][-0.6112,-0.7915,-0][0.7621,0.9115,0][32.2368,-0.1774,-0.9628][-0.6095,0.3984,-0.6854][0.7392,0.8982,0][32.2368,-1.2926,-0.9628][-0.6094,-0.3993,-0.685][0.7546,0.8982,0][32.2368,-1.2926,-0.9628][-0.6094,-0.3993,-0.685][0.2671,0.2572,0][34.4968,-1.8378,0][0.6112,-0.7915,-0][0.2228,0.2465,0][32.2368,-1.8378,0][-0.6112,-0.7915,-0][0.2671,0.2465,0][34.4968,-1.2926,-0.9628][0.6094,-0.3993,-0.685][0.6296,0.8822,0][34.4968,0.1774,-0.339][0.8394,0.2731,-0.47][0.6499,0.8736,0][34.4968,-1.8378,0][0.6112,-0.7915,-0][0.6221,0.8689,0][34.4968,-1.8378,0][0.6112,-0.7915,-0][0.2228,0.2465,0][32.2368,-1.2926,-0.9628][-0.6094,-0.3993,-0.685][0.2671,0.2572,0][34.4968,-1.2926,-0.9628][0.6094,-0.3993,-0.685][0.2228,0.2572,0][34.4968,0.1778,0.339][0.8394,0.2731,0.47][0.6499,0.8642,0][34.4968,-1.8378,0][0.6112,-0.7915,-0][0.6221,0.8689,0][34.4968,0.1774,-0.339][0.8394,0.2731,-0.47][0.6499,0.8736,0][34.4968,-1.8378,0][0.6112,-0.7915,-0][0.6221,0.8689,0][34.4968,-0.1774,0.9628][0.6095,0.3985,0.6853][0.645,0.8556,0][34.4968,-1.2926,0.9628][0.6094,-0.3993,0.685][0.6296,0.8556,0][34.4968,-0.1774,0.9628][0.6095,0.3985,0.6853][0.645,0.8556,0][34.4968,-1.8378,0][0.6112,-0.7915,-0][0.6221,0.8689,0][34.4968,0.1778,0.339][0.8394,0.2731,0.47][0.6499,0.8642,0][32.2368,-0.1784,0.9628][-0.6097,0.3978,0.6856][0.2671,0.279,0][34.4968,0.1778,0.339][0.8394,0.2731,0.47][0.2228,0.286,0][32.2368,0.1782,0.339][-0.8392,0.2729,0.4704][0.2671,0.286,0][34.4968,0.1778,0.339][0.8394,0.2731,0.47][0.2228,0.286,0][32.2368,-0.1784,0.9628][-0.6097,0.3978,0.6856][0.2671,0.279,0][34.4968,-0.1774,0.9628][0.6095,0.3985,0.6853][0.2228,0.279,0][34.4968,1.753,0.339][0.7312,0.1312,0.6694][0.2228,0.3169,0][32.2368,0.1782,0.339][-0.8392,0.2729,0.4704][0.2671,0.286,0][34.4968,0.1778,0.339][0.8394,0.2731,0.47][0.2228,0.286,0][34.4968,0.1778,0.339][0.8394,0.2731,0.47][0.6499,0.8642,0][34.4968,0.1774,-0.339][0.8394,0.2731,-0.47][0.6499,0.8736,0][34.4968,1.753,0.339][0.7312,0.1312,0.6694][0.6717,0.8642,0][32.2368,0.1782,0.339][-0.8392,0.2729,0.4704][0.7342,0.9162,0][32.2368,-1.2926,0.9628][-0.6094,-0.3993,0.685][0.7546,0.9248,0][32.2368,-0.1784,0.9628][-0.6097,0.3978,0.6856][0.7392,0.9248,0][32.2368,-1.2926,0.9628][-0.6094,-0.3993,0.685][0.2671,0.2572,0][34.4968,-0.1774,0.9628][0.6095,0.3985,0.6853][0.2228,0.279,0][32.2368,-0.1784,0.9628][-0.6097,0.3978,0.6856][0.2671,0.279,0][34.4968,-0.1774,0.9628][0.6095,0.3985,0.6853][0.2228,0.279,0][32.2368,-1.2926,0.9628][-0.6094,-0.3993,0.685][0.2671,0.2572,0][34.4968,-1.2926,0.9628][0.6094,-0.3993,0.685][0.2228,0.2572,0][32.2368,-0.1774,-0.9628][-0.6095,0.3984,-0.6854][0.2671,0.279,0][34.4968,-1.2926,-0.9628][0.6094,-0.3993,-0.685][0.2228,0.2572,0][32.2368,-1.2926,-0.9628][-0.6094,-0.3993,-0.685][0.2671,0.2572,0][34.4968,-1.2926,-0.9628][0.6094,-0.3993,-0.685][0.2228,0.2572,0][32.2368,-0.1774,-0.9628][-0.6095,0.3984,-0.6854][0.2671,0.279,0][34.4968,-0.1784,-0.9628][0.6097,0.398,-0.6854][0.2228,0.279,0][34.4968,0.1774,-0.339][0.8394,0.2731,-0.47][0.6499,0.8736,0][34.4968,-1.2926,-0.9628][0.6094,-0.3993,-0.685][0.6296,0.8822,0][34.4968,-0.1784,-0.9628][0.6097,0.398,-0.6854][0.645,0.8822,0][34.4968,1.753,-0.339][0.7312,0.1312,-0.6694][0.6717,0.8736,0][34.4968,1.753,0.339][0.7312,0.1312,0.6694][0.6717,0.8642,0][34.4968,0.1774,-0.339][0.8394,0.2731,-0.47][0.6499,0.8736,0][32.1662,4.0098,0.2694][-0.2951,-0.293,0.9094][0.986,0.2866,0][-3.1226,4.0232,0.2694][0.3001,-0.2892,0.909][0.2921,0.2869,0][32.1662,2.7764,0.289][-0.5468,-0.3767,0.7477][0.986,0.2624,0][32.1662,4.0098,0.2694][-0.2951,-0.293,0.9094][0.986,0.2866,0][32.2368,4.0804,0.339][-0.1089,-0.1088,0.9881][0.9874,0.288,0][-3.1226,4.0232,0.2694][0.3001,-0.2892,0.909][0.2921,0.2869,0][-3.1226,2.776,0.289][0.3502,0.0073,0.9366][0.2921,0.2623,0][32.1662,2.7764,0.289][-0.5468,-0.3767,0.7477][0.986,0.2624,0][-3.1226,4.0232,0.2694][0.3001,-0.2892,0.909][0.2921,0.2869,0][32.1662,2.7764,-0.289][-0.5508,-0.3818,-0.7422][0.986,0.2624,0][32.2368,2.7266,-0.339][-0.5623,-0.1729,-0.8086][0.9874,0.2614,0][32.1662,2.7764,0.289][-0.5468,-0.3767,0.7477][0.986,0.2624,0][32.2368,2.7266,-0.339][-0.5623,-0.1729,-0.8086][0.9874,0.2614,0][32.1662,2.7764,-0.289][-0.5508,-0.3818,-0.7422][0.986,0.2624,0][32.2368,4.0804,-0.339][-0.1084,-0.1072,-0.9883][0.9874,0.288,0][33.3334,4.4216,0.339][0.6582,0.1238,0.7426][0.2456,0.3692,0][32.2368,4.0804,0.339][-0.1089,-0.1088,0.9881][0.2671,0.3625,0][33.5478,3.8096,0.339][0.6043,0.3029,0.7369][0.2414,0.3572,0][31.2718,4.585,-0.339][-0.1743,0.6045,-0.7773][0.286,0.3724,0][32.2368,4.0804,-0.339][-0.1084,-0.1072,-0.9883][0.2671,0.3625,0][30.3786,4.5386,-0.339][-0.0182,0.7009,-0.713][0.3035,0.3715,0][-5.833,3.7288,0.339][-0.7128,0.2844,0.6411][0.4629,0.6095,0][-5.8834,2.726,-0.339][-0.7176,0.0358,-0.6955][0.4277,0.6272,0][-5.8834,2.726,0.339][-0.7176,0.0361,0.6955][0.4277,0.6095,0][-5.8834,2.726,-0.339][-0.7176,0.0358,-0.6955][0.4277,0.6272,0][-5.833,3.7288,0.339][-0.7128,0.2844,0.6411][0.4629,0.6095,0][-5.8338,3.7288,-0.339][-0.713,0.2861,-0.6401][0.4629,0.6272,0]